Data,Hora,Produto,Preco
2026-08-20,10:58:47,Coluna-Xiaomi-WGF664,364.33
2026-08-11,17:36:59,TV-Logitech-ORI147,56.89
2026-06-26,20:58:21,Consola-Intel-BFN945,155.71
2026-08-16,14:50:51,Coluna-Nvidia-HVM926,649.81
2026-10-13,17:49:55,Drone-Motorola-JKK417,45.91
2026-09-01,14:04:23,Smartwatch-LG-PEQ748,375.31
2026-05-24,11:00:45,Coluna-Xiaomi-DBU377,12.97
2026-04-04,16:57:10,Impressora-Intel-EIE310,825.49
2026-09-26,13:49:23,MemoriaRAM-Asus-JFC216,67.87
2026-03-06,13:14:15,Processador-Asus-KLO210,276.49
2026-11-14,15:36:40,Microfone-LG-WCI720,221.59
2026-04-15,14:54:24,Monitor-Dell-GHV685,671.77
2026-03-06,22:27:18,MemoriaRAM-Gigabyte-TCS240,572.95
2026-04-02,20:17:35,TV-Lenovo-KTU518,177.67
2026-09-01,07:19:00,Smartwatch-Razer-YTZ209,199.63
2026-11-19,20:22:30,Consola-Motorola-VED760,23.95
2026-01-19,23:57:20,Projetor-Amazon-WKB921,572.95
2026-08-22,05:26:48,TV-HP-YEY887,485.11
2026-06-21,16:07:25,Microfone-MSI-ETK176,188.65
2026-12-25,07:50:56,Processador-Nokia-KFM810,957.25
2026-01-07,21:46:52,DiscoSSD-AMD-UUU156,298.45
2026-08-03,05:36:04,Drone-Motorola-KIH121,957.25
2026-01-28,02:24:00,Smartwatch-MSI-UWF541,276.49
2026-08-06,22:06:16,Drone-Lenovo-VDE703,122.77
2026-11-09,07:20:00,Laptop-Acer-ZQE021,704.71
2026-10-24,15:15:38,MemoriaRAM-Razer-MNE496,199.63
2026-03-11,22:22:44,Projetor-Motorola-XKI131,67.87
2026-05-12,01:09:06,Camera-Razer-RFN421,276.49
2026-02-11,22:26:37,TV-Sony-DOX067,177.67
2026-02-06,11:30:36,Smartphone-MSI-RWF129,408.25
2026-01-02,16:20:22,Impressora-HP-CVY037,56.89
2026-12-21,22:11:42,Impressora-Huawei-VGF965,12.97
2026-06-23,09:15:36,Camera-Alienware-FDY585,78.85
2026-05-23,05:10:16,Coluna-Razer-PTW414,496.09
2026-11-21,09:58:48,Impressora-MSI-JQS993,902.35
2026-05-11,07:13:57,Router-Apple-SQX451,1.99
2026-02-12,07:38:34,Headphones-Corsair-AGZ553,56.89
2026-06-21,14:48:00,Gamepad-Motorola-IOW673,188.65
2026-10-17,17:52:48,Teclado-Gigabyte-XAL099,221.59
2026-09-21,23:12:00,Rato-Huawei-HOY233,78.85
2026-11-16,07:36:22,Coluna-Logitech-FNC624,23.95
2026-04-16,13:03:30,Smartwatch-Google-TFI690,133.75
2026-02-13,12:09:20,Smartwatch-Intel-EDR427,825.49
2026-01-09,06:35:34,Smartphone-Lenovo-ZEG020,254.53
2026-12-17,21:31:30,Processador-Microsoft-YGJ589,122.77
2026-01-18,06:59:21,Coluna-Microsoft-MAU940,1.99
2026-07-02,11:54:00,Impressora-Nvidia-DJL031,265.51
2026-02-14,15:12:44,TV-Sony-NDN916,342.37
2026-08-02,07:06:32,DiscoSSD-Huawei-EKO770,649.81
2026-03-14,05:15:00,Consola-Logitech-JQG532,1034.11
2026-06-20,14:40:51,Camera-Apple-GUO038,550.99
2026-02-12,14:30:12,Router-Google-MDK771,1045.09
2026-11-18,05:03:12,CaboUSB-Amazon-DKU664,353.35
2026-03-25,17:09:00,Motherboard-LG-MBS830,78.85
2026-10-16,17:50:51,DiscoSSD-AMD-SZF928,177.67
2026-04-25,05:31:47,DiscoSSD-Samsung-NKM611,34.93
2026-03-19,21:39:37,Coluna-Nvidia-AWY390,12.97
2026-12-07,20:52:03,CaboUSB-Acer-ARW469,1.99
2026-02-10,04:44:30,Drone-Razer-EBZ423,23.95
2026-12-22,21:40:20,MemoriaRAM-Acer-RMD320,946.27
2026-08-07,09:24:18,TV-Intel-AZY264,188.65
2026-01-21,03:09:47,Tablet-Dell-KOB777,496.09
2026-02-13,08:03:20,Teclado-Acer-DEP125,1.99
2026-02-18,06:52:44,Smartwatch-Samsung-QZP265,572.95
2026-04-15,07:59:30,Projetor-Razer-QXS143,78.85
2026-05-26,02:34:10,Microfone-Gigabyte-SMP213,122.77
2026-04-06,16:09:26,DiscoSSD-Corsair-DNV019,144.73
2026-10-16,01:19:41,Projetor-Corsair-YFQ599,155.71
2026-08-07,14:24:00,Headphones-Motorola-YFO409,550.99
2026-12-07,16:04:24,DiscoSSD-Lenovo-OCP953,748.63
2026-08-21,06:33:21,Microfone-MSI-ZLH304,287.47
2026-01-01,07:37:12,Laptop-Logitech-XKR565,23.95
2026-07-05,05:38:08,Monitor-Google-LKP746,364.33
2026-08-16,17:39:00,MemoriaRAM-Dell-KHB697,660.79
2026-11-01,10:35:00,Impressora-Logitech-FGV208,342.37
2026-10-13,00:37:54,Impressora-LG-RXN445,957.25
2026-09-11,15:38:44,Carregador-Huawei-FMN119,649.81
2026-07-24,22:40:12,Laptop-Sony-FLE145,122.77
2026-12-10,12:29:12,Camera-Alienware-NSO377,100.81
2026-01-09,08:40:40,Rato-Nokia-PTN453,430.21
2026-03-04,12:15:47,Laptop-Gigabyte-UZO729,34.93
2026-07-18,02:24:39,Monitor-Intel-OCU928,45.91
2026-07-11,13:20:33,Teclado-Microsoft-CBQ489,342.37
2026-07-12,01:12:08,Rato-Sony-TAH431,23.95
2026-08-17,21:11:34,Microfone-Dell-CXG900,232.57
2026-08-20,06:51:18,Smartwatch-Lenovo-MHV046,825.49
2026-02-23,17:11:58,Processador-Alienware-RRV457,386.29
2026-01-16,02:17:06,PlacaGrafica-Lenovo-JSY286,210.61
2026-02-14,17:38:20,Router-LG-NTP863,12.97
2026-07-25,11:36:40,CaboUSB-HP-SKK866,1.99
2026-05-08,21:31:00,Tablet-Acer-GYH457,726.67
2026-06-29,18:35:14,Drone-Samsung-SQV634,561.97
2026-02-10,09:22:30,Projetor-Intel-FBK854,1.99
2026-11-18,07:30:20,Monitor-Asus-WCW652,78.85
2026-04-11,04:23:24,Rato-HP-YXU356,594.91
2026-07-25,06:15:06,DiscoSSD-Logitech-HMV209,232.57
2026-02-28,11:58:00,Projetor-Sony-VSW991,12.97
2026-12-18,04:39:06,Impressora-Dell-YNF713,254.53
2026-03-21,01:32:30,Teclado-AMD-CEI440,67.87
2026-07-20,21:28:43,Motherboard-Amazon-ALJ598,100.81
2026-05-21,20:18:30,Drone-HP-NAW914,23.95
2026-10-21,16:46:16,Router-Sony-NPT080,67.87
2026-09-08,12:59:25,Projetor-Asus-IJG309,78.85
2026-12-22,23:00:00,TV-Amazon-KDD335,583.93
2026-05-08,17:28:22,Teclado-Sony-TJK789,265.51
2026-07-28,15:32:16,Processador-Logitech-NBT849,463.15
2026-04-06,02:33:51,Impressora-Google-UZD943,254.53
2026-04-28,14:00:46,DiscoSSD-Asus-UCJ215,540.01
2026-01-26,04:02:15,Laptop-Nokia-YSD777,23.95
2026-04-10,10:08:51,Gamepad-Sony-IVQ005,111.79
2026-11-11,21:43:04,Processador-HP-XBA340,177.67
2026-05-18,22:15:26,Carregador-MSI-QCO352,111.79
2026-08-10,20:54:16,Coluna-Dell-IEG459,122.77
2026-04-17,16:25:20,Headphones-Google-NEN700,1034.11
2026-09-10,05:58:08,CaboUSB-LG-LZQ178,144.73
2026-04-22,20:01:16,Camera-Gigabyte-LYW169,155.71
2026-05-04,17:42:26,Router-Razer-HZX838,298.45
2026-09-24,16:46:23,Teclado-Motorola-KPM544,122.77
2026-04-09,16:18:12,Coluna-Motorola-IHI282,265.51
2026-06-05,14:02:12,Carregador-Google-DIQ641,56.89
2026-11-24,02:07:31,Microfone-Nokia-IYZ566,34.93
2026-06-11,17:23:51,Camera-Logitech-JNR711,254.53
2026-11-06,10:40:00,Consola-Sony-YFW363,12.97
2026-04-23,02:03:04,Teclado-Intel-RRP949,166.69
2026-02-06,07:39:12,Camera-Intel-HNO511,331.39
2026-08-21,16:51:40,MemoriaRAM-Intel-FDZ589,144.73
2026-10-19,02:38:24,Rato-AMD-UAM488,12.97
2026-11-28,03:11:15,Teclado-Asus-LUI586,45.91
2026-12-27,12:10:01,Drone-AMD-LSJ519,935.29
2026-04-10,10:40:00,Headphones-AMD-IKC578,1.99
2026-03-09,19:14:10,PlacaGrafica-Motorola-QIP508,583.93
2026-11-01,16:21:28,Microfone-Apple-NDO907,364.33
2026-07-02,02:17:40,Monitor-Intel-NFI160,726.67
2026-08-15,22:42:59,Microfone-Razer-VHZ659,100.81
2026-06-14,09:27:38,Router-Google-GNS121,34.93
2026-06-15,06:24:00,CaboUSB-Lenovo-ALR656,518.05
2026-09-17,13:49:00,Motherboard-Nokia-WKA325,836.47
2026-06-10,20:26:50,Camera-Apple-BBP915,463.15
2026-10-11,10:21:54,TV-Microsoft-QKL263,441.19
2026-01-19,04:04:43,Processador-Asus-WTW029,56.89
2026-03-06,07:22:24,MemoriaRAM-Nvidia-NVC915,12.97
2026-12-07,14:43:58,Impressora-Gigabyte-QSE823,78.85
2026-10-07,14:02:00,Laptop-Asus-LBA543,155.71
2026-11-03,09:43:12,Coluna-Logitech-GHN463,144.73
2026-02-21,06:39:36,Rato-Lenovo-RCD741,12.97
2026-04-26,08:12:45,Projetor-Razer-YZH717,155.71
2026-01-17,10:26:40,Motherboard-Google-MUJ782,594.91
2026-07-02,21:11:00,CaboUSB-HP-ZDC046,858.43
2026-03-12,00:08:00,Impressora-AMD-FNG417,243.55
2026-10-10,07:12:00,Headphones-LG-BIA391,155.71
2026-05-18,03:32:32,MemoriaRAM-MSI-QED748,243.55
2026-01-20,10:10:32,Router-Microsoft-LQC392,111.79
2026-08-02,08:26:36,Tablet-Amazon-XGG078,188.65
2026-06-24,07:13:22,Gamepad-Nokia-PWT382,364.33
2026-11-24,10:36:24,Processador-Lenovo-XBO600,78.85
2026-07-14,17:25:50,CaboUSB-HP-NOJ782,375.31
2026-03-14,01:54:30,Smartphone-Huawei-UXT985,12.97
2026-07-06,14:05:45,Tablet-Dell-FRQ719,232.57
2026-05-02,10:52:00,Impressora-Logitech-YWD241,287.47
2026-05-09,18:39:36,Gamepad-Microsoft-XRE023,858.43
2026-10-09,01:59:04,Drone-Apple-BSM935,364.33
2026-03-15,07:05:04,MemoriaRAM-Nvidia-ZTA651,78.85
2026-01-08,20:59:00,TV-HP-QWE734,111.79
2026-03-12,04:00:36,DiscoSSD-Nokia-FCQ278,430.21
2026-09-15,07:26:06,Headphones-Logitech-WRB663,529.03
2026-03-24,23:20:42,Router-Acer-WEB710,287.47
2026-03-01,15:05:34,CaboUSB-Acer-ZUY094,78.85
2026-06-16,10:06:36,Gamepad-Dell-DOO580,56.89
2026-05-06,01:08:33,CaboUSB-Nvidia-RWW927,67.87
2026-04-09,20:19:04,Monitor-Huawei-HEM291,572.95
2026-09-03,23:08:48,Microfone-Sony-YER878,133.75
2026-08-18,11:27:48,Rato-AMD-DSS401,737.65
2026-03-26,07:13:18,Impressora-Amazon-BKJ143,265.51
2026-04-27,19:02:00,Tablet-Gigabyte-HEN236,177.67
2026-01-07,18:38:20,Laptop-Nvidia-DUZ574,540.01
2026-09-28,02:15:23,Microfone-Huawei-HYU533,23.95
2026-03-12,08:40:12,TV-Microsoft-MJQ313,320.41
2026-08-15,11:47:22,Laptop-Gigabyte-EIB951,704.71
2026-12-10,11:04:30,Router-Corsair-CTA887,342.37
2026-10-22,12:12:00,DiscoSSD-Google-OZT392,12.97
2026-04-27,15:24:40,PlacaGrafica-Google-LTL974,23.95
2026-12-10,21:22:25,PlacaGrafica-Asus-KRG179,353.35
2026-04-14,16:00:00,Motherboard-LG-RBH717,12.97
2026-09-19,07:45:52,Motherboard-AMD-BKL527,287.47
2026-11-29,21:53:38,Gamepad-Dell-QIV064,375.31
2026-09-07,21:22:24,Headphones-Razer-EEJ266,254.53
2026-02-16,17:02:36,Drone-Amazon-KXO863,45.91
2026-09-14,07:01:20,TV-Apple-XOH720,276.49
2026-01-07,15:43:12,Smartwatch-Google-VQS303,331.39
2026-02-12,16:21:48,Motherboard-Google-GZA125,210.61
2026-07-04,07:59:04,Camera-Nokia-EWV856,199.63
2026-01-26,01:41:55,Microfone-LG-PZO023,188.65
2026-10-17,07:59:09,Headphones-Sony-CMV154,122.77
2026-10-23,15:20:00,Gamepad-AMD-AXP389,34.93
2026-04-07,14:59:08,Smartphone-Gigabyte-JQY637,550.99
2026-10-03,11:26:21,Teclado-Corsair-SER015,1.99
2026-01-02,07:37:12,MemoriaRAM-HP-YRP786,353.35
2026-05-17,12:12:10,Monitor-Razer-TBU403,111.79
2026-09-28,12:43:21,Carregador-Gigabyte-SGS753,715.69
2026-10-24,09:25:03,Smartwatch-MSI-BQQ614,298.45
2026-01-10,10:38:24,Motherboard-Alienware-TTZ985,287.47
2026-01-12,23:20:00,Headphones-Huawei-IGY073,100.81
2026-01-15,19:45:42,Router-Nvidia-EEE093,67.87
2026-07-20,22:22:30,Projetor-Corsair-XAG133,45.91
2026-09-27,19:22:32,TV-Corsair-HXO245,67.87
2026-11-26,21:31:20,CaboUSB-MSI-YRD120,177.67
2026-08-19,20:05:35,Microfone-Apple-MUZ541,34.93
2026-02-21,08:20:24,CaboUSB-Lenovo-AJK494,243.55
2026-03-27,16:45:20,CaboUSB-Nokia-WEV721,144.73
2026-10-25,02:44:44,Motherboard-Google-TWX527,221.59
2026-11-12,03:27:52,Impressora-Sony-ZHO979,100.81
2026-01-02,11:12:40,Teclado-Logitech-GJO010,331.39
2026-02-05,22:58:00,Teclado-Samsung-KHE707,188.65
2026-08-22,08:07:12,Monitor-MSI-IGK458,221.59
2026-06-17,16:41:58,Projetor-HP-OKK790,638.83
2026-10-27,10:16:08,Microfone-Huawei-VZW493,298.45
2026-04-04,01:04:29,Laptop-Motorola-WIB495,100.81
2026-10-25,21:17:06,Tablet-LG-WUX124,243.55
2026-07-13,12:45:00,Camera-Motorola-IAS469,188.65
2026-02-08,22:26:40,Coluna-LG-CFK000,100.81
2026-09-19,08:39:52,CaboUSB-Sony-WGR342,561.97
2026-05-23,21:44:42,Camera-Xiaomi-IRB333,122.77
2026-07-21,20:48:50,Gamepad-Sony-WNV619,1.99
2026-10-22,14:16:48,Rato-Gigabyte-ZED112,331.39
2026-11-27,15:07:00,DiscoSSD-Microsoft-RFG244,45.91
2026-10-22,21:25:18,Processador-Logitech-HSR799,78.85
2026-11-27,02:47:16,Smartwatch-Intel-ZXG948,419.23
2026-12-17,16:40:51,Tablet-Xiaomi-JTY511,243.55
2026-07-13,19:00:41,Headphones-Razer-LWZ760,56.89
2026-11-26,04:31:40,Microfone-Nvidia-NHB756,12.97
2026-09-12,03:16:51,Headphones-Sony-URU303,298.45
2026-02-13,00:16:49,MemoriaRAM-HP-IEE172,166.69
2026-08-05,06:12:05,MemoriaRAM-Xiaomi-BQA904,111.79
2026-10-23,23:34:58,CaboUSB-Apple-WPV021,67.87
2026-12-04,04:32:15,Gamepad-AMD-KMU270,1.99
2026-01-10,11:55:44,Tablet-Huawei-DMU997,320.41
2026-05-07,19:48:45,Processador-Motorola-EJL497,1.99
2026-01-20,06:50:20,Motherboard-Nokia-LVG673,56.89
2026-05-10,03:33:00,MemoriaRAM-Google-WFX832,265.51
2026-01-08,20:08:58,Router-Logitech-RAK261,276.49
2026-07-19,19:54:20,CaboUSB-Intel-HGK614,34.93
2026-10-28,13:51:36,Carregador-Sony-ZTY450,1.99
2026-10-15,05:29:00,CaboUSB-Razer-HMV841,210.61
2026-07-16,20:09:36,TV-Asus-UXE760,232.57
2026-09-06,12:56:16,Teclado-HP-WDH184,56.89
2026-01-01,00:46:30,Smartwatch-Samsung-LFL415,56.89
2026-06-14,12:07:05,Motherboard-Xiaomi-FEA581,441.19
2026-12-23,00:14:24,Processador-Acer-RKV074,463.15
2026-08-03,23:49:24,Smartphone-Samsung-JXC331,56.89
2026-12-12,10:22:10,Carregador-Huawei-EFM099,397.27
2026-03-09,14:24:16,Projetor-Logitech-RRS542,221.59
2026-05-12,04:33:40,Coluna-Asus-KKG035,298.45
2026-04-07,09:53:15,Smartwatch-Corsair-KTC438,1001.17
2026-04-24,07:08:42,Coluna-Intel-EVB485,210.61
2026-03-26,14:16:00,Monitor-Apple-WDK666,572.95
2026-08-20,08:17:21,Router-Acer-RNA574,671.77
2026-07-16,22:18:05,Carregador-Intel-ZCZ263,430.21
2026-05-27,18:37:00,Consola-Asus-VZM441,23.95
2026-10-04,13:13:52,Impressora-LG-PSB639,12.97
2026-09-17,10:13:30,PlacaGrafica-Microsoft-QAF507,89.83
2026-10-16,09:42:37,Monitor-LG-EYA692,364.33
2026-07-18,01:52:16,Tablet-Dell-JDE326,122.77
2026-04-05,20:09:03,Impressora-Xiaomi-CZQ116,56.89
2026-02-21,09:35:25,CaboUSB-HP-NPY627,12.97
2026-11-06,05:08:24,Rato-Corsair-YJO705,1001.17
2026-09-23,01:47:35,Teclado-Asus-NUM420,474.13
2026-10-10,04:34:37,MemoriaRAM-Corsair-YVV888,331.39
2026-12-24,00:41:12,Tablet-Amazon-HAW267,364.33
2026-03-02,13:10:13,Processador-Huawei-SQT209,1.99
2026-08-27,04:43:40,CaboUSB-Motorola-TIY624,144.73
2026-06-19,07:08:40,CaboUSB-Xiaomi-MTW123,320.41
2026-05-05,02:47:16,Processador-AMD-GFO497,781.57
2026-01-06,01:42:40,Motherboard-LG-RIP335,265.51
2026-04-08,07:32:10,Microfone-Nokia-ZBM009,605.89
2026-01-23,21:49:29,TV-Razer-XNV322,210.61
2026-06-26,00:38:56,DiscoSSD-Lenovo-DLP545,1.99
2026-12-28,19:12:16,Motherboard-Alienware-FFW428,199.63
2026-07-28,22:30:33,Tablet-Gigabyte-IDV720,133.75
2026-08-02,16:43:12,MemoriaRAM-Logitech-BSS575,364.33
2026-08-18,20:22:29,Rato-Intel-WFR992,34.93
2026-02-02,21:17:14,Smartwatch-Nvidia-XCI193,276.49
2026-07-25,00:25:49,Monitor-Apple-SFA628,287.47
2026-03-07,17:09:39,Motherboard-Alienware-HQQ407,540.01
2026-12-19,12:01:00,DiscoSSD-Acer-LLU455,67.87
2026-09-11,01:05:24,Camera-Alienware-XPC648,56.89
2026-01-21,11:00:36,Coluna-Dell-QRZ526,364.33
2026-06-04,18:46:36,Router-Microsoft-IKX423,34.93
2026-04-03,17:26:51,Microfone-Corsair-ERO977,342.37
2026-06-15,03:38:56,Headphones-Dell-UPU239,507.07
2026-10-15,04:54:24,Consola-Razer-DLY173,331.39
2026-12-18,02:03:36,Gamepad-Microsoft-YIG879,45.91
2026-01-03,02:36:48,Rato-Acer-TQR780,540.01
2026-11-08,17:37:29,Tablet-Corsair-GBM447,1.99
2026-12-11,11:48:16,Projetor-AMD-GZG451,177.67
2026-04-21,01:47:52,MemoriaRAM-LG-DMT706,583.93
2026-06-21,14:41:40,Coluna-MSI-FAN785,627.85
2026-11-27,17:40:24,Consola-Dell-FVC276,638.83
2026-06-13,11:34:35,Router-HP-IAD253,309.43
2026-12-24,18:01:42,Carregador-Motorola-RWL386,89.83
2026-04-24,12:42:40,Carregador-Logitech-VPZ424,836.47
2026-09-13,17:55:20,Laptop-MSI-IRE606,34.93
2026-08-10,20:04:30,Projetor-Sony-FZU508,221.59
2026-07-15,19:38:40,Laptop-Asus-ELG453,89.83
2026-02-10,03:10:15,Rato-Amazon-RGQ826,23.95
2026-04-13,13:04:22,Smartphone-MSI-DFA370,122.77
2026-08-30,07:04:45,Laptop-Logitech-ORN003,1.99
2026-09-20,17:44:25,Laptop-MSI-LWX926,583.93
2026-10-21,15:04:54,Consola-Apple-MQP891,265.51
2026-01-04,00:58:30,DiscoSSD-Sony-GYN794,1001.17
2026-07-17,11:33:20,Processador-Amazon-JWD867,100.81
2026-05-14,21:46:00,Drone-Samsung-QFW703,386.29
2026-12-11,05:42:05,Tablet-Xiaomi-GFU897,441.19
2026-03-24,12:25:34,Gamepad-Logitech-ATQ828,34.93
2026-10-17,23:37:57,MemoriaRAM-Acer-EAW755,89.83
2026-03-19,04:49:14,Processador-Alienware-POG415,682.75
2026-07-17,04:55:36,CaboUSB-Razer-RZA095,518.05
2026-06-04,23:12:46,Carregador-Sony-GVX453,199.63
2026-07-27,03:36:06,Headphones-Acer-YEF573,715.69
2026-07-27,12:06:24,Tablet-Gigabyte-DLR947,419.23
2026-10-27,19:34:56,TV-Xiaomi-GEM128,287.47
2026-04-19,14:34:33,DiscoSSD-Acer-BAG154,111.79
2026-12-05,09:38:57,CaboUSB-Nokia-QXJ028,594.91
2026-02-06,18:20:12,Tablet-Google-TIF425,67.87
2026-05-20,04:10:00,Gamepad-Gigabyte-DUO418,507.07
2026-10-07,03:06:00,TV-Samsung-CEX281,616.87
2026-01-20,00:13:57,Smartwatch-Xiaomi-AOX051,342.37
2026-03-24,15:17:48,Coluna-Samsung-VIF659,298.45
2026-02-06,16:51:35,Drone-MSI-BWS103,529.03
2026-01-05,19:08:48,Smartphone-Intel-LOM829,836.47
2026-08-18,02:34:45,Drone-Dell-NDC266,89.83
2026-07-27,22:54:36,Monitor-Dell-DGH400,210.61
2026-06-09,07:24:00,Drone-Lenovo-NVB004,188.65
2026-07-10,20:22:32,Rato-Intel-LBZ083,89.83
2026-08-26,02:27:40,Smartwatch-Acer-ZRW879,1.99
2026-12-12,22:32:12,Gamepad-Logitech-YXG405,34.93
2026-03-05,04:01:24,Laptop-Motorola-FAH765,572.95
2026-03-26,18:30:00,Motherboard-Amazon-OCW390,441.19
2026-12-08,00:00:00,Drone-Corsair-EHS242,979.21
2026-01-04,15:19:44,Impressora-Microsoft-NOM432,188.65
2026-03-24,16:01:36,Laptop-Amazon-JUR717,45.91
2026-04-06,07:48:40,Impressora-Google-GSD929,111.79
2026-12-06,00:59:12,PlacaGrafica-Sony-WRJ798,276.49
2026-12-04,17:59:18,Processador-Samsung-YCM563,23.95
2026-09-06,08:34:21,Drone-Xiaomi-MFA967,309.43
2026-06-01,18:03:45,MemoriaRAM-Alienware-XXR196,869.41
2026-05-26,14:53:40,Tablet-Gigabyte-ZMJ379,770.59
2026-11-23,13:27:58,Smartwatch-Xiaomi-VQU888,507.07
2026-08-06,09:43:52,Tablet-LG-VAV551,452.17
2026-02-06,00:33:44,Processador-Corsair-TPR043,56.89
2026-12-20,23:46:30,TV-Samsung-SEY875,430.21
2026-04-04,14:25:00,PlacaGrafica-Nvidia-BKU473,320.41
2026-11-16,07:53:40,Projetor-Asus-DKJ314,309.43
2026-07-01,04:35:33,Teclado-Acer-DNX333,23.95
2026-07-04,17:27:54,Tablet-Motorola-UHH992,221.59
2026-11-13,21:12:32,Rato-Lenovo-PAR222,12.97
2026-04-25,03:03:12,Processador-Intel-ZSN240,902.35
2026-12-15,19:52:30,PlacaGrafica-Xiaomi-KHN393,682.75
2026-10-19,20:58:30,Tablet-Gigabyte-GVA936,34.93
2026-07-14,11:54:52,Coluna-Sony-EHQ025,364.33
2026-03-02,06:19:12,Teclado-Motorola-SVQ439,540.01
2026-04-25,18:51:16,Consola-HP-XRE195,309.43
2026-06-12,14:53:00,Teclado-Asus-JRU923,78.85
2026-08-27,05:43:37,Gamepad-Apple-XCT122,353.35
2026-10-09,19:00:18,Tablet-HP-NCZ919,144.73
2026-06-15,22:13:36,Gamepad-HP-LGS376,111.79
2026-06-07,10:42:18,Teclado-Google-DKU096,210.61
2026-05-03,09:55:18,Motherboard-Asus-GYC878,34.93
2026-12-25,09:36:40,Consola-Logitech-CBC105,320.41
2026-12-04,10:00:02,Microfone-Xiaomi-INE284,397.27
2026-09-03,04:07:10,Consola-AMD-XGS747,320.41
2026-03-27,17:23:53,Router-Gigabyte-NDJ787,122.77
2026-03-12,05:03:32,Smartwatch-Microsoft-FEC539,45.91
2026-08-26,06:44:01,Rato-Sony-FBV623,1.99
2026-04-17,18:27:30,Microfone-Huawei-VRJ707,682.75
2026-09-08,04:42:56,Laptop-Sony-OIC265,111.79
2026-10-09,07:18:18,Camera-AMD-PZX344,232.57
2026-06-29,11:24:52,Smartphone-Corsair-UAV747,287.47
2026-01-19,18:58:36,Impressora-Dell-UNY392,56.89
2026-01-26,05:25:20,TV-Apple-KLP064,1.99
2026-11-09,17:46:00,Rato-LG-YAY682,298.45
2026-07-07,17:22:22,Headphones-Google-IIH720,627.85
2026-07-22,14:49:54,Processador-Razer-VNQ434,100.81
2026-04-04,23:54:25,Monitor-Razer-ONK601,671.77
2026-04-13,03:41:17,Smartphone-Acer-IQF812,12.97
2026-09-14,11:54:50,Smartphone-MSI-LFW865,375.31
2026-09-16,16:06:00,PlacaGrafica-Xiaomi-ZJW649,979.21
2026-08-09,19:53:54,Monitor-Huawei-CCU050,199.63
2026-10-03,14:31:48,Tablet-Google-VMU940,34.93
2026-10-02,03:16:48,Impressora-MSI-EFZ201,232.57
2026-03-26,00:47:36,Rato-Huawei-BEF933,1.99
2026-08-19,07:21:20,Headphones-AMD-BDC671,133.75
2026-10-16,09:27:38,DiscoSSD-Google-CTB770,12.97
2026-05-25,10:51:28,Coluna-Samsung-AZB947,34.93
2026-10-19,01:03:23,Camera-Motorola-GRM717,188.65
2026-04-12,20:51:34,TV-Lenovo-RGE828,452.17
2026-09-12,03:22:17,Coluna-Samsung-BVT605,880.39
2026-08-24,00:01:02,CaboUSB-Lenovo-KOM951,12.97
2026-01-08,03:10:55,Smartphone-Apple-DGN938,298.45
2026-06-12,23:35:00,Consola-Logitech-MUV465,518.05
2026-12-12,06:06:00,MemoriaRAM-Dell-CSR852,1.99
2026-08-09,19:33:20,Processador-Huawei-UFK372,45.91
2026-11-10,02:56:30,Motherboard-Motorola-XRK975,122.77
2026-02-18,17:29:52,Laptop-Sony-QCQ556,67.87
2026-06-14,15:46:48,Consola-Logitech-QIV191,968.23
2026-03-28,06:37:24,MemoriaRAM-Dell-ONU768,89.83
2026-02-07,10:07:10,Tablet-Lenovo-DTY730,199.63
2026-01-16,09:46:15,Router-Alienware-EAQ784,485.11
2026-07-23,23:41:52,Carregador-MSI-FSG916,309.43
2026-06-13,20:24:54,TV-Dell-UTS431,56.89
2026-01-07,09:27:20,Teclado-Lenovo-AFT853,1.99
2026-05-03,02:46:40,Smartwatch-Amazon-DRS840,1.99
2026-04-02,21:34:27,Impressora-Huawei-YJV823,485.11
2026-06-19,11:47:09,Motherboard-Intel-XDC365,627.85
2026-10-01,17:51:50,Smartwatch-Amazon-RFS334,34.93
2026-06-04,07:39:45,Microfone-AMD-NHC549,561.97
2026-08-15,06:28:20,MemoriaRAM-Lenovo-GGG300,353.35
2026-02-09,12:47:13,Smartwatch-Dell-KMF457,276.49
2026-06-28,02:34:56,Router-Amazon-MKG412,529.03
2026-05-14,12:29:26,Projetor-Acer-UGV367,67.87
2026-12-14,13:10:50,Carregador-Lenovo-DAX818,540.01
2026-05-27,01:37:36,Impressora-Nokia-FNJ871,320.41
2026-03-06,00:54:30,Coluna-Intel-LKG313,45.91
2026-02-15,15:16:52,Impressora-MSI-QAG731,56.89
2026-04-19,05:48:00,Projetor-Razer-QTU305,529.03
2026-09-23,06:17:28,TV-Xiaomi-NJY172,298.45
2026-11-06,15:41:52,Smartphone-Amazon-CRD802,45.91
2026-03-06,14:45:10,Headphones-Nvidia-TKR363,89.83
2026-03-01,03:36:16,Teclado-Corsair-YFU651,364.33
2026-10-08,06:34:16,Gamepad-Huawei-QKJ816,441.19
2026-06-17,01:07:12,CaboUSB-Corsair-KNL872,100.81
2026-04-05,07:39:36,Consola-Acer-VDT617,133.75
2026-03-17,20:57:58,Camera-Nokia-RZA665,89.83
2026-10-09,06:20:44,Impressora-Samsung-SIP424,1001.17
2026-07-11,19:04:06,Drone-Motorola-DTL366,276.49
2026-08-21,23:33:36,Teclado-Corsair-VRQ746,111.79
2026-03-23,09:36:03,Consola-Samsung-NYE941,1.99
2026-06-22,13:43:06,Tablet-Motorola-AGS945,122.77
2026-07-01,12:31:00,MemoriaRAM-Asus-ZZO132,23.95
2026-01-07,16:52:30,Tablet-Dell-JLZ787,342.37
2026-03-26,01:54:40,Laptop-Alienware-XMB950,12.97
2026-08-02,00:47:36,Smartphone-Alienware-JYZ853,770.59
2026-11-16,19:11:00,Consola-Huawei-YXA269,221.59
2026-06-23,06:22:40,Headphones-Motorola-QLB299,177.67
2026-01-12,03:39:18,Smartphone-MSI-CFF532,144.73
2026-03-12,13:17:47,TV-Logitech-WRY457,979.21
2026-04-23,10:13:20,DiscoSSD-Dell-QAG057,298.45
2026-09-28,04:42:00,TV-Logitech-FKI629,441.19
2026-02-26,14:01:12,Motherboard-MSI-IPK947,441.19
2026-01-18,21:54:40,Impressora-Nvidia-ZZJ335,23.95
2026-09-17,21:26:16,Monitor-Microsoft-NXY063,12.97
2026-10-08,01:48:30,MemoriaRAM-Dell-QQY025,1.99
2026-01-18,00:16:58,Monitor-Motorola-ZQA512,133.75
2026-04-28,05:47:52,Smartphone-AMD-MKK072,67.87
2026-05-16,08:54:04,Motherboard-Asus-WZR207,67.87
2026-10-05,01:12:00,Smartphone-Microsoft-OXZ609,166.69
2026-01-16,17:57:39,PlacaGrafica-Logitech-SHS115,23.95
2026-05-10,16:55:45,Processador-Alienware-SEQ130,309.43
2026-11-28,22:40:12,Motherboard-Logitech-DAK062,550.99
2026-02-12,02:17:08,Impressora-Gigabyte-VAQ527,408.25
2026-10-30,18:39:06,Motherboard-Sony-VQK444,78.85
2026-03-07,01:31:08,Motherboard-Apple-LGN802,144.73
2026-06-01,09:02:24,Projetor-Sony-USQ976,529.03
2026-09-21,06:55:52,Laptop-Acer-DQL735,199.63
2026-07-15,01:10:19,Headphones-Intel-EKQ822,265.51
2026-12-20,13:24:00,Carregador-Google-KFY197,144.73
2026-09-03,13:20:00,PlacaGrafica-Nokia-QYD702,100.81
2026-12-11,18:04:12,Microfone-Samsung-VAE935,265.51
2026-11-08,13:05:15,Microfone-Logitech-ILL716,166.69
2026-03-24,02:39:52,Carregador-Huawei-QRE734,649.81
2026-12-28,13:36:24,MemoriaRAM-Xiaomi-NTN892,133.75
2026-12-08,09:16:05,Gamepad-Nvidia-FQM139,56.89
2026-01-05,15:36:54,MemoriaRAM-Microsoft-ZUC725,660.79
2026-03-17,18:41:32,TV-Huawei-SKQ704,331.39
2026-05-25,16:34:38,Teclado-MSI-XLB259,144.73
2026-05-14,09:31:02,Coluna-Apple-XXF893,144.73
2026-06-27,03:38:05,Router-Razer-AXD931,594.91
2026-04-08,11:27:56,Gamepad-AMD-GCN903,309.43
2026-07-02,22:00:54,Camera-MSI-TVR569,485.11
2026-04-05,09:26:00,PlacaGrafica-Alienware-BZR547,166.69
2026-09-13,09:16:32,Laptop-Asus-ZTU860,331.39
2026-01-12,22:03:12,Coluna-Microsoft-DFW489,56.89
2026-12-20,23:46:00,Monitor-Nvidia-VZJ100,56.89
2026-07-04,03:39:51,Rato-HP-TIM639,452.17
2026-01-21,22:42:24,Laptop-Amazon-YWM991,34.93
2026-04-12,06:45:28,DiscoSSD-Nvidia-WEI370,430.21
2026-03-22,03:56:30,Motherboard-Acer-GGJ578,583.93
2026-06-24,15:53:36,Projetor-LG-VCC993,232.57
2026-01-14,20:37:12,Camera-Dell-JCU098,485.11
2026-05-16,07:35:30,CaboUSB-Logitech-UMZ868,67.87
2026-12-20,02:35:09,Gamepad-Samsung-UKE707,430.21
2026-10-18,17:26:30,Gamepad-Nvidia-AZA449,45.91
2026-05-01,06:32:00,Router-Intel-TIP314,583.93
2026-06-19,04:15:08,Teclado-Corsair-RSV532,276.49
2026-05-15,04:18:01,Drone-Alienware-WST527,397.27
2026-12-04,16:42:40,TV-Samsung-PBB277,133.75
2026-02-02,20:50:54,Consola-Dell-UKR846,45.91
2026-01-10,19:49:21,PlacaGrafica-Razer-LRV028,243.55
2026-05-05,03:49:18,Teclado-Logitech-THB337,660.79
2026-04-23,03:50:42,Impressora-Corsair-XSN357,649.81
2026-04-19,23:23:05,Headphones-Acer-NBA541,397.27
2026-09-19,00:20:06,Headphones-Microsoft-ODJ084,287.47
2026-03-13,02:31:00,Projetor-Xiaomi-RNT700,1001.17
2026-12-27,19:31:04,Camera-Google-IVL543,78.85
2026-04-13,07:37:22,Carregador-Nvidia-AET360,572.95
2026-12-21,16:56:56,Router-LG-OLH564,298.45
2026-10-06,01:16:31,TV-Motorola-VQL192,803.53
2026-06-05,23:03:18,Microfone-AMD-XLV568,12.97
2026-11-18,23:09:57,PlacaGrafica-Lenovo-PWG100,1.99
2026-06-18,09:57:01,TV-Google-PDC112,375.31
2026-01-02,23:27:12,PlacaGrafica-Razer-HDA697,78.85
2026-08-07,06:01:12,Consola-Corsair-SHV528,605.89
2026-02-24,00:00:36,PlacaGrafica-Microsoft-ZYI347,177.67
2026-07-20,17:17:52,Laptop-Samsung-DVK739,122.77
2026-10-23,02:04:40,DiscoSSD-Google-MGB794,298.45
2026-09-04,04:55:04,Laptop-HP-XME270,45.91
2026-07-24,19:10:10,Teclado-Razer-QIY924,177.67
2026-02-20,08:02:32,Gamepad-Xiaomi-YUR968,23.95
2026-08-01,03:13:03,Router-Nokia-GCB463,67.87
2026-03-02,14:23:00,TV-Alienware-XXM872,177.67
2026-10-25,11:07:27,Laptop-HP-WVL697,309.43
2026-04-05,15:02:24,PlacaGrafica-Lenovo-YSG069,397.27
2026-12-21,05:33:13,Drone-Nokia-NUO280,199.63
2026-09-12,19:23:06,Headphones-Intel-TDE054,704.71
2026-02-17,02:35:50,TV-Microsoft-QUW557,254.53
2026-04-06,16:04:04,Motherboard-Corsair-DMR423,342.37
2026-10-21,15:15:15,Router-Microsoft-XVO993,232.57
2026-01-02,08:13:26,Smartphone-Amazon-ING501,122.77
2026-03-17,22:09:02,Smartwatch-Acer-VUD189,397.27
2026-03-01,21:51:44,Tablet-Corsair-BZW868,188.65
2026-05-24,10:12:08,Headphones-AMD-CZU875,441.19
2026-01-08,03:00:14,Smartphone-LG-LYO617,386.29
2026-08-10,18:52:46,Gamepad-Razer-LSO654,56.89
2026-12-11,18:45:08,Router-Dell-HHS126,561.97
2026-08-10,22:51:04,Monitor-Apple-RWS930,34.93
2026-11-25,11:42:10,TV-Xiaomi-QLQ990,342.37
2026-02-17,04:45:18,Projetor-Intel-GAK531,825.49
2026-03-28,14:17:27,Drone-Logitech-WND622,122.77
2026-12-23,18:32:09,Carregador-Nvidia-XOG952,485.11
2026-11-14,17:59:36,CaboUSB-Motorola-SWZ053,12.97
2026-06-14,08:46:35,Gamepad-Lenovo-OOG091,254.53
2026-11-13,12:57:07,Processador-Dell-ROZ597,408.25
2026-06-18,00:50:24,Teclado-Xiaomi-IGC378,144.73
2026-09-26,23:23:50,Smartwatch-Google-FPJ699,12.97
2026-06-14,07:07:12,Consola-Logitech-SOI811,935.29
2026-05-12,17:05:27,DiscoSSD-Huawei-FGF015,638.83
2026-01-05,01:23:32,Motherboard-Xiaomi-IDL719,364.33
2026-07-04,15:04:50,Projetor-Apple-LFE167,254.53
2026-09-12,01:33:16,Carregador-LG-YKF487,78.85
2026-12-17,18:20:40,Laptop-Xiaomi-NMC681,166.69
2026-11-18,21:48:34,Router-Acer-PIV315,232.57
2026-07-06,22:24:22,Rato-MSI-MOS475,133.75
2026-01-02,00:40:00,Impressora-Google-GSK956,474.13
2026-06-26,19:34:14,Gamepad-Dell-KLZ398,671.77
2026-12-02,14:38:45,Carregador-Xiaomi-VTU751,144.73
2026-04-26,23:30:36,Microfone-Razer-HZC046,320.41
2026-04-10,06:54:12,Teclado-Alienware-SNX389,100.81
2026-10-27,22:46:06,MemoriaRAM-LG-XBU530,287.47
2026-11-24,14:28:54,Processador-Nokia-QRA069,320.41
2026-02-15,21:08:45,Camera-Dell-PBR854,23.95
2026-05-27,00:37:30,DiscoSSD-Apple-ZWR790,45.91
2026-01-16,13:14:24,Tablet-Sony-VYS088,188.65
2026-06-28,09:49:30,MemoriaRAM-Amazon-PRB035,12.97
2026-08-05,11:46:15,Projetor-Dell-DTQ556,188.65
2026-05-02,15:54:47,Projetor-Sony-MKZ950,594.91
2026-01-21,20:34:45,Consola-Alienware-WMH326,210.61
2026-01-06,15:46:48,Laptop-HP-HML623,78.85
2026-09-02,01:37:10,Gamepad-Huawei-IRE744,759.61
2026-11-17,16:10:00,PlacaGrafica-Motorola-HRE390,122.77
2026-09-19,10:09:00,Consola-HP-UNZ088,1.99
2026-05-26,02:36:08,Monitor-LG-OOG350,177.67
2026-11-28,17:00:56,Headphones-Samsung-CEV631,166.69
2026-01-23,08:49:54,Router-Alienware-OXQ691,320.41
2026-03-25,19:48:24,Motherboard-HP-HWE355,704.71
2026-11-14,04:01:36,Teclado-Asus-PUV859,364.33
2026-04-09,14:44:11,Headphones-Samsung-GKF959,518.05
2026-06-22,23:27:06,Coluna-Gigabyte-GTQ002,649.81
2026-10-07,16:21:48,Teclado-Nvidia-UTW592,858.43
2026-04-20,23:07:34,Consola-Logitech-MJR088,1.99
2026-01-23,22:41:51,Teclado-Nokia-QAF772,463.15
2026-09-01,06:54:04,Consola-Razer-JIC163,265.51
2026-07-14,04:26:24,Microfone-Motorola-WRE257,561.97
2026-06-15,04:09:04,Headphones-Nokia-CPU312,507.07
2026-10-03,08:19:00,Headphones-Xiaomi-OVZ824,166.69
2026-09-06,08:52:12,Monitor-Dell-FWN025,463.15
2026-07-05,22:06:12,Laptop-Samsung-XPV777,199.63
2026-07-10,01:37:48,Camera-LG-LAQ795,122.77
2026-05-09,15:21:07,Coluna-Dell-UFF184,550.99
2026-08-09,21:22:10,Motherboard-Nokia-ITA691,814.51
2026-05-15,06:18:30,PlacaGrafica-Acer-QMW253,594.91
2026-06-03,01:49:26,PlacaGrafica-AMD-RWF123,111.79
2026-07-17,02:26:52,Headphones-Alienware-XAV425,309.43
2026-09-05,19:20:00,CaboUSB-Alienware-GLO741,23.95
2026-05-13,02:09:15,TV-Sony-DET251,254.53
2026-05-18,18:42:40,Processador-Corsair-QLR218,572.95
2026-08-20,21:16:30,Router-Lenovo-THK989,166.69
2026-12-20,21:56:36,TV-Google-GSK137,298.45
2026-11-08,18:44:46,Consola-HP-MTN836,133.75
2026-07-26,02:24:38,MemoriaRAM-Razer-TTP397,23.95
2026-11-18,09:55:16,Coluna-HP-JCV516,34.93
2026-03-05,13:32:40,Laptop-Samsung-GJK984,45.91
2026-02-12,13:51:36,Microfone-Google-XAS144,166.69
2026-09-25,12:30:48,Laptop-Microsoft-GRQ869,56.89
2026-07-22,03:32:48,Monitor-LG-YCC358,627.85
2026-02-18,15:28:30,Gamepad-Razer-UQP617,1.99
2026-06-24,18:36:54,Processador-Corsair-NIB478,12.97
2026-07-02,00:52:30,Teclado-AMD-BGY924,34.93
2026-04-13,14:58:00,PlacaGrafica-HP-ZAJ511,463.15
2026-05-21,05:33:48,Monitor-Samsung-NUV584,594.91
2026-05-13,03:33:36,DiscoSSD-Amazon-FBS289,386.29
2026-06-16,01:41:18,Impressora-Lenovo-OUH483,67.87
2026-08-25,08:38:48,Microfone-Alienware-IOX144,759.61
2026-09-07,22:17:24,Smartwatch-Huawei-KES007,67.87
2026-10-01,19:37:39,DiscoSSD-Nvidia-ACZ780,770.59
2026-09-02,23:13:10,Motherboard-Microsoft-KXC378,430.21
2026-12-27,05:45:00,Rato-Apple-EQQ804,56.89
2026-06-08,21:59:45,TV-Google-OZF168,1.99
2026-07-07,17:28:42,Consola-Corsair-GMQ804,144.73
2026-11-16,23:23:48,Motherboard-Google-WFE884,12.97
2026-07-18,12:04:38,Consola-Alienware-FHE472,550.99
2026-07-25,22:19:04,Teclado-Asus-YCN531,276.49
2026-10-03,15:55:00,Projetor-Sony-KDO403,210.61
2026-12-23,00:58:51,Smartwatch-Razer-CXQ743,474.13
2026-01-15,16:36:15,Motherboard-Sony-LJO605,177.67
2026-12-10,13:04:40,Drone-AMD-GPZ347,627.85
2026-01-03,03:10:06,Carregador-Google-ONH702,34.93
2026-12-17,13:25:23,Laptop-Samsung-WIA078,12.97
2026-07-05,03:04:57,Projetor-Xiaomi-MIH845,682.75
2026-07-07,05:03:44,Smartphone-MSI-YGB290,375.31
2026-04-03,22:58:53,Microfone-Amazon-VHX311,671.77
2026-03-19,17:43:45,MemoriaRAM-LG-OAU692,166.69
2026-10-16,17:43:45,Laptop-Samsung-XTC247,386.29
2026-01-22,08:51:25,Tablet-Google-HGW611,474.13
2026-04-09,20:50:00,Smartwatch-Logitech-NSN752,803.53
2026-05-18,06:00:12,Motherboard-Nvidia-CEC118,737.65
2026-11-04,11:51:22,Projetor-Alienware-SGU059,78.85
2026-07-27,18:05:06,Microfone-Lenovo-NWT952,1.99
2026-01-01,07:33:20,Gamepad-Razer-YJT527,397.27
2026-05-17,22:43:48,Laptop-Xiaomi-VYU774,375.31
2026-06-09,02:26:40,Monitor-Huawei-XYC919,430.21
2026-07-19,05:58:50,Headphones-Nokia-MTA942,397.27
2026-01-24,17:21:45,Carregador-AMD-MGR527,594.91
2026-05-14,20:12:13,PlacaGrafica-Intel-HGJ542,12.97
2026-07-07,23:16:36,Drone-MSI-OWK291,331.39
2026-10-16,02:32:30,MemoriaRAM-Gigabyte-MQQ211,386.29
2026-05-17,09:03:48,Consola-Intel-SAN439,78.85
2026-09-16,23:35:24,Camera-HP-JAN695,320.41
2026-03-10,11:54:08,Microfone-Alienware-EUS725,45.91
2026-06-03,16:38:16,Teclado-Nvidia-RVZ286,682.75
2026-02-25,19:53:41,Teclado-Lenovo-WBX549,529.03
2026-03-28,21:35:00,Tablet-Corsair-SSD976,946.27
2026-06-16,05:33:36,PlacaGrafica-HP-SNW216,144.73
2026-06-17,13:23:00,Camera-Motorola-TLP016,133.75
2026-02-11,03:48:18,MemoriaRAM-Logitech-XHT550,1.99
2026-01-27,03:46:19,Carregador-HP-RPZ922,496.09
2026-12-20,08:15:55,Smartwatch-Samsung-XFT655,463.15
2026-02-14,07:46:38,Smartwatch-Amazon-FXN081,485.11
2026-05-15,18:46:12,Rato-Dell-EAI918,89.83
2026-08-17,23:40:54,Monitor-Lenovo-DBH949,56.89
2026-07-12,13:00:00,MemoriaRAM-Apple-WTI470,100.81
2026-02-08,07:45:20,Impressora-Razer-RVZ047,210.61
2026-06-11,16:15:36,Tablet-Xiaomi-FYN562,232.57
2026-03-21,15:10:10,Headphones-Dell-GIF863,375.31
2026-06-27,21:59:28,PlacaGrafica-MSI-XLF090,419.23
2026-01-20,09:08:42,TV-Nvidia-FWG014,463.15
2026-01-11,01:13:10,Rato-Microsoft-YYY623,23.95
2026-08-28,00:37:39,Drone-AMD-CQE839,594.91
2026-03-21,13:52:39,Motherboard-Logitech-ODU650,496.09
2026-04-21,05:23:27,Laptop-Acer-PVL526,100.81
2026-05-04,13:52:29,Coluna-Acer-WIK991,430.21
2026-02-12,10:01:43,Tablet-Apple-QNC061,78.85
2026-12-24,05:29:45,Carregador-Lenovo-YLR899,748.63
2026-10-22,11:47:42,Router-Gigabyte-SKH720,265.51
2026-01-26,16:09:36,Gamepad-Amazon-TSS878,12.97
2026-05-28,08:44:06,Microfone-Microsoft-OJW987,474.13
2026-02-07,00:58:44,PlacaGrafica-LG-FJN767,441.19
2026-07-08,01:13:08,Coluna-Corsair-HOU196,671.77
2026-11-23,20:18:00,TV-Nvidia-ODU247,331.39
2026-07-09,15:22:12,Tablet-Asus-EBJ908,133.75
2026-05-24,17:34:46,Teclado-AMD-RJG877,111.79
2026-12-02,23:06:57,Consola-HP-NLG270,45.91
2026-10-03,04:44:10,Camera-Google-TZN750,133.75
2026-10-28,09:47:10,Tablet-Amazon-PXP668,45.91
2026-02-01,10:08:36,DiscoSSD-MSI-NTA469,45.91
2026-01-04,00:23:20,Coluna-Google-ZBF751,12.97
2026-06-02,04:40:48,Microfone-MSI-FWZ163,89.83
2026-11-18,16:46:26,Carregador-Xiaomi-GTV059,67.87
2026-12-01,15:57:22,Smartphone-Asus-EBU647,144.73
2026-06-15,08:39:52,Coluna-Asus-IKN211,243.55
2026-10-12,19:21:28,Gamepad-Nokia-SLE903,23.95
2026-06-17,08:23:25,Smartwatch-Google-PLR170,23.95
2026-11-04,01:54:32,Consola-MSI-THF613,594.91
2026-06-11,21:10:52,Processador-Apple-UFH950,375.31
2026-03-24,18:48:36,Camera-Corsair-QRC125,12.97
2026-10-15,13:36:23,Drone-Microsoft-GSC827,737.65
2026-06-21,05:58:20,Impressora-Nvidia-RER017,45.91
2026-07-25,08:15:36,TV-Nokia-TQD680,671.77
2026-06-25,06:22:21,Rato-Samsung-MME460,144.73
2026-10-24,21:38:16,Impressora-Xiaomi-SME242,287.47
2026-12-18,19:43:39,Smartwatch-Alienware-UWO311,210.61
2026-02-05,11:00:09,Carregador-Gigabyte-ALA705,540.01
2026-07-06,18:40:12,MemoriaRAM-LG-JYG549,122.77
2026-10-06,10:28:45,Rato-Alienware-MXC907,23.95
2026-09-03,04:21:21,Carregador-Motorola-PWO612,309.43
2026-09-25,15:15:09,MemoriaRAM-Motorola-QIQ294,210.61
2026-05-10,05:53:20,PlacaGrafica-Xiaomi-NFI275,540.01
2026-03-16,07:27:39,Rato-Acer-QAL423,111.79
2026-02-24,01:49:28,Rato-Apple-PVD577,364.33
2026-11-03,03:12:00,Tablet-Microsoft-KTG044,144.73
2026-04-22,02:13:36,DiscoSSD-Sony-HYJ885,353.35
2026-04-25,10:30:00,Monitor-AMD-KIA075,89.83
2026-09-06,12:37:54,Laptop-Google-NMJ389,375.31
2026-01-24,16:18:36,Drone-HP-BFT946,23.95
2026-01-27,15:53:15,Motherboard-Huawei-AUK449,880.39
2026-02-14,09:53:24,Laptop-Nokia-CJG176,56.89
2026-11-25,17:20:36,Camera-Gigabyte-OZB806,34.93
2026-11-07,23:40:45,Impressora-Apple-KJI474,232.57
2026-05-28,03:45:26,Carregador-Corsair-MPW387,67.87
2026-01-01,18:23:54,PlacaGrafica-Nvidia-BAF042,869.41
2026-01-16,09:58:17,Impressora-Lenovo-GQA228,309.43
2026-05-07,13:02:32,PlacaGrafica-Razer-SIU358,111.79
2026-10-03,18:02:30,Headphones-AMD-CFE874,155.71
2026-07-27,07:34:04,Headphones-Nvidia-ZVF745,243.55
2026-08-12,19:52:44,Smartphone-AMD-UDQ267,792.55
2026-10-17,09:04:10,MemoriaRAM-Acer-BBZ670,155.71
2026-09-27,01:07:10,Smartwatch-Dell-UWM071,232.57
2026-09-06,09:38:43,Monitor-Huawei-OOC563,144.73
2026-06-02,02:42:43,MemoriaRAM-Lenovo-DFZ187,144.73
2026-05-03,17:22:13,Laptop-Apple-DLU378,397.27
2026-06-01,21:56:09,Router-Nvidia-NGG950,34.93
2026-11-07,02:50:20,Smartphone-AMD-CMG628,67.87
2026-01-23,13:03:44,DiscoSSD-Asus-BDJ058,12.97
2026-04-27,17:34:08,Carregador-Sony-CCC170,34.93
2026-08-11,11:03:18,Tablet-AMD-ZNX344,561.97
2026-01-15,04:22:14,Monitor-Motorola-UWY353,342.37
2026-12-01,16:57:36,Processador-Logitech-GHV409,485.11
2026-12-24,00:20:24,Smartwatch-Corsair-STL458,1.99
2026-01-16,00:49:38,Coluna-Intel-EBS575,100.81
2026-07-01,16:19:31,Headphones-Alienware-ZZS737,243.55
2026-02-11,17:39:20,Consola-Acer-LKK862,408.25
2026-02-24,06:44:40,Tablet-Xiaomi-VRB872,122.77
2026-01-17,23:37:00,Drone-Acer-LMC694,408.25
2026-04-15,03:10:00,Coluna-Huawei-ZHK617,408.25
2026-10-09,07:27:56,Consola-Corsair-NDD443,133.75
2026-12-20,04:19:32,Monitor-Corsair-JQF867,803.53
2026-05-09,21:11:08,Motherboard-Xiaomi-TXL821,89.83
2026-02-06,10:51:58,Projetor-Lenovo-IUX549,23.95
2026-05-03,14:04:00,Carregador-Google-ZKG706,342.37
2026-03-15,08:27:56,PlacaGrafica-Amazon-GAH225,78.85
2026-01-04,00:32:10,Monitor-Microsoft-PYJ908,1.99
2026-01-09,04:52:45,CaboUSB-Asus-BWM982,540.01
2026-05-03,22:02:44,Drone-Nokia-MXT871,276.49
2026-10-22,20:21:25,MemoriaRAM-Samsung-VJW348,199.63
2026-10-02,08:28:48,Smartwatch-Logitech-XGZ685,364.33
2026-06-13,22:36:36,Impressora-AMD-BWE263,287.47
2026-08-14,00:32:33,Tablet-Dell-SVP440,232.57
2026-05-26,08:40:33,Smartphone-Sony-XKF974,243.55
2026-04-07,18:15:16,Drone-HP-ZCB029,1.99
2026-12-03,12:14:24,Consola-Logitech-IQK981,1.99
2026-03-10,19:06:09,DiscoSSD-Xiaomi-NWU410,540.01
2026-01-09,18:48:30,Impressora-Asus-BRF960,12.97
2026-06-14,00:15:29,Projetor-Intel-GXT274,45.91
2026-02-27,14:25:20,Coluna-Lenovo-HJB761,155.71
2026-07-12,04:26:38,PlacaGrafica-Amazon-UFV455,12.97
2026-02-12,17:03:40,Smartphone-MSI-SNK711,243.55
2026-04-10,14:46:24,Coluna-Huawei-FZR967,232.57
2026-03-24,14:26:10,Impressora-Intel-XVW991,45.91
2026-06-11,20:42:16,Tablet-Amazon-WYV520,616.87
2026-06-02,00:34:54,Tablet-LG-HPI695,441.19
2026-04-27,16:05:02,CaboUSB-Samsung-VTL034,364.33
2026-04-07,23:38:12,TV-Google-VXM462,78.85
2026-05-25,11:21:00,Coluna-Acer-RGE840,1.99
2026-01-19,14:59:12,PlacaGrafica-Alienware-XSP493,408.25
2026-06-02,21:37:31,Laptop-Google-SZD064,320.41
2026-07-22,23:10:20,TV-Asus-EJM063,1.99
2026-03-24,13:03:35,TV-HP-WWM566,660.79
2026-05-10,22:23:42,Headphones-Lenovo-LZX111,78.85
2026-05-17,22:12:30,TV-AMD-UFT059,111.79
2026-09-25,15:40:00,Gamepad-Lenovo-TIC986,122.77
2026-03-01,07:55:36,Coluna-Google-CHI816,474.13
2026-06-21,23:54:41,Consola-Lenovo-JUH837,1.99
2026-06-18,13:00:58,TV-Xiaomi-AKG863,529.03
2026-06-14,10:58:30,Microfone-Apple-PWW831,408.25
2026-05-20,20:32:18,Tablet-Nvidia-HED677,682.75
2026-02-22,15:40:00,Smartphone-Alienware-ULV700,67.87
2026-08-26,04:31:18,Router-Gigabyte-GJG792,177.67
2026-02-04,15:54:40,Processador-Sony-ULX313,23.95
2026-12-23,13:05:44,Laptop-HP-ZUX278,375.31
2026-01-22,20:37:46,MemoriaRAM-Intel-UKP339,309.43
2026-03-18,16:10:38,MemoriaRAM-Intel-JIT507,133.75
2026-10-28,14:24:39,Consola-Nvidia-LQU795,210.61
2026-11-18,03:06:00,Tablet-Amazon-ADT575,56.89
2026-10-04,05:47:06,Smartwatch-Lenovo-VEU321,704.71
2026-11-02,08:46:22,Headphones-LG-OKY646,419.23
2026-02-17,05:00:27,Teclado-HP-NDC156,78.85
2026-09-03,01:11:02,Coluna-Alienware-ASR846,649.81
2026-04-26,19:26:06,Microfone-Acer-XGE974,397.27
2026-02-07,22:56:02,Camera-Nokia-KXL113,78.85
2026-12-02,02:45:34,Monitor-Razer-ANU436,78.85
2026-02-01,14:44:30,PlacaGrafica-Alienware-ZEG588,78.85
2026-04-20,02:54:30,Processador-Microsoft-RFN429,386.29
2026-07-28,11:10:32,Laptop-Sony-MKP564,496.09
2026-04-21,23:28:07,Monitor-Asus-KJH378,56.89
2026-04-05,10:00:00,Teclado-Sony-NBW236,56.89
2026-05-19,11:45:00,Laptop-Asus-ZMZ453,276.49
2026-01-15,13:20:00,PlacaGrafica-AMD-FDA044,34.93
2026-08-07,07:30:45,MemoriaRAM-HP-LAQ265,1.99
2026-10-07,12:58:24,Teclado-Samsung-GEQ596,649.81
2026-08-26,22:45:18,Rato-LG-QBY217,12.97
2026-06-23,17:16:12,Gamepad-MSI-HDK136,265.51
2026-03-25,13:19:00,Projetor-Nokia-XWK124,1.99
2026-08-21,13:52:24,TV-Logitech-VVK575,507.07
2026-08-14,18:15:12,Gamepad-Motorola-DZC773,891.37
2026-07-13,02:50:03,Smartphone-Dell-PEU729,89.83
2026-12-18,21:07:36,Smartphone-Corsair-PVB459,45.91
2026-01-23,12:45:41,Laptop-Nokia-EME045,518.05
2026-06-19,02:03:21,Rato-Huawei-GYJ451,1.99
2026-12-14,22:16:04,Projetor-Apple-RGK402,111.79
2026-11-16,06:46:00,Consola-Google-VYE540,847.45
2026-01-11,19:02:00,Impressora-AMD-CVF078,309.43
2026-12-12,18:59:30,Impressora-Microsoft-DCN013,199.63
2026-10-06,19:25:00,Carregador-Xiaomi-ULB532,188.65
2026-04-25,13:22:21,TV-Sony-VKY520,397.27
2026-02-21,09:55:00,Projetor-Huawei-NPF643,67.87
2026-04-14,01:15:10,Smartphone-Asus-BLO091,23.95
2026-02-12,07:49:50,Gamepad-Dell-WLS115,814.51
2026-02-13,15:54:30,Headphones-Nokia-HJF166,748.63
2026-05-20,15:36:20,Microfone-Motorola-FBQ787,430.21
2026-12-28,18:21:32,Headphones-Gigabyte-GFX816,737.65
2026-04-15,14:08:54,Consola-Microsoft-FHQ299,23.95
2026-10-14,23:16:30,Projetor-Acer-GPZ427,12.97
2026-12-19,05:29:42,CaboUSB-Nvidia-MWS913,452.17
2026-11-12,22:25:30,Carregador-Sony-KAL800,627.85
2026-09-22,23:35:18,Tablet-LG-FYX339,364.33
2026-03-24,17:34:24,Monitor-Asus-NBZ320,397.27
2026-11-17,13:02:00,Gamepad-Nokia-EWR265,254.53
2026-06-02,01:40:54,DiscoSSD-Microsoft-GLP165,133.75
2026-06-23,23:56:06,Smartwatch-Apple-QCC687,1.99
2026-07-02,03:41:26,MemoriaRAM-Microsoft-RND669,67.87
2026-01-07,03:30:07,Monitor-MSI-ZKK796,56.89
2026-12-05,18:15:58,Teclado-Nvidia-KUY134,210.61
2026-11-16,04:34:53,Drone-Google-IVD792,177.67
2026-07-21,21:07:30,Camera-Amazon-IGI712,331.39
2026-02-14,21:30:00,Camera-Sony-NAB955,34.93
2026-04-28,21:22:16,Monitor-Huawei-EXV907,1.99
2026-09-06,09:22:30,Router-Gigabyte-NOB154,89.83
2026-03-11,12:17:05,Drone-Sony-BRG646,386.29
2026-06-18,04:41:51,Coluna-HP-VFA689,430.21
2026-11-28,04:42:45,Coluna-Nokia-WKI229,56.89
2026-07-06,07:20:59,Consola-LG-KCU935,210.61
2026-07-13,09:08:40,CaboUSB-Amazon-TLM981,1.99
2026-12-16,10:14:42,Laptop-Huawei-LSS889,56.89
2026-12-16,08:12:00,Smartwatch-Microsoft-JCR866,540.01
2026-09-27,22:09:10,Impressora-Gigabyte-XFH625,232.57
2026-01-11,18:33:52,Microfone-LG-WWC599,144.73
2026-05-10,21:24:00,Monitor-Acer-RYN427,210.61
2026-08-26,08:22:16,Coluna-Apple-PQM072,1.99
2026-07-06,05:45:58,Projetor-Apple-RWA790,935.29
2026-12-12,12:22:10,DiscoSSD-Xiaomi-CQE206,397.27
2026-11-26,08:45:28,Drone-Gigabyte-UJJ215,210.61
2026-10-06,16:39:52,Laptop-Google-EZV404,814.51
2026-08-14,07:23:24,Coluna-Amazon-HRO219,166.69
2026-07-09,06:37:40,Processador-Google-YOP238,155.71
2026-06-01,02:22:57,Monitor-Razer-OIP495,243.55
2026-08-17,08:50:12,Motherboard-LG-VFC719,23.95
2026-11-06,05:51:48,Laptop-Gigabyte-NJB852,342.37
2026-09-09,02:39:28,Laptop-Corsair-LAJ874,89.83
2026-09-09,07:50:24,Smartphone-Sony-PXY558,1.99
2026-02-22,18:13:52,Headphones-Sony-FDE737,45.91
2026-12-16,18:47:30,PlacaGrafica-Dell-IKO619,155.71
2026-09-02,16:45:54,Drone-Razer-IQT298,78.85
2026-02-01,19:08:24,Smartphone-Corsair-PDX758,67.87
2026-11-07,22:57:16,Camera-Acer-RGN286,309.43
2026-06-22,04:07:54,Projetor-Samsung-EIE138,34.93
2026-02-02,02:13:23,Projetor-MSI-XMB325,1.99
2026-02-21,16:19:12,Consola-Sony-NTO173,496.09
2026-07-29,08:04:08,Processador-Huawei-ZIU742,155.71
2026-05-25,08:49:24,Headphones-Gigabyte-SFW250,320.41
2026-08-06,19:51:52,Monitor-Motorola-SDI129,572.95
2026-04-05,17:46:40,Monitor-Microsoft-YFE210,34.93
2026-04-28,03:12:32,Consola-Asus-HHL923,56.89
2026-04-17,12:58:24,CaboUSB-Lenovo-THN077,309.43
2026-06-23,18:52:08,Laptop-Gigabyte-DET823,298.45
2026-05-25,09:57:27,Consola-Razer-XXC477,496.09
2026-04-06,04:34:15,Smartphone-Sony-PXQ265,298.45
2026-05-25,19:06:40,Monitor-Nvidia-XVP480,210.61
2026-06-10,00:36:54,Consola-Sony-UBG337,792.55
2026-08-04,17:29:44,Router-Alienware-KSK683,616.87
2026-05-03,03:46:04,Tablet-AMD-ENX068,45.91
2026-04-22,17:19:58,Rato-Motorola-OGR675,23.95
2026-05-14,13:12:23,Microfone-MSI-UUD286,682.75
2026-03-14,14:23:54,Carregador-HP-VJL082,342.37
2026-01-02,10:31:48,Microfone-Nvidia-DQF890,34.93
2026-07-01,19:07:12,Projetor-Logitech-ETG554,100.81
2026-02-13,00:19:24,Monitor-HP-JKM883,1.99
2026-09-10,22:57:49,Processador-Sony-MAD862,12.97
2026-02-11,15:38:36,CaboUSB-Asus-TQR298,45.91
2026-06-20,13:37:34,Coluna-AMD-REL095,122.77
2026-11-27,22:21:36,Gamepad-Asus-RJB308,353.35
2026-05-06,03:41:56,Coluna-Amazon-FLE246,78.85
2026-12-17,05:06:52,Projetor-Samsung-BRI788,34.93
2026-06-03,09:30:26,Teclado-Alienware-KYR716,276.49
2026-11-09,13:34:48,Coluna-Nvidia-WWD662,210.61
2026-06-10,03:35:14,Router-Xiaomi-MJJ146,561.97
2026-04-03,15:23:06,Headphones-Alienware-DTH611,177.67
2026-02-17,14:08:00,Carregador-Huawei-WVE616,430.21
2026-03-27,09:44:20,Smartphone-Acer-PXM390,572.95
2026-01-08,01:17:52,Tablet-Motorola-BOF124,111.79
2026-07-19,22:33:20,Microfone-Samsung-PXR499,133.75
2026-09-01,15:28:16,Monitor-Microsoft-SSI430,649.81
2026-10-10,21:45:56,Projetor-Logitech-LEP521,100.81
2026-08-14,10:42:29,Microfone-Razer-GLZ373,572.95
2026-03-06,20:50:42,Microfone-Nokia-OML332,594.91
2026-10-02,20:01:48,MemoriaRAM-Asus-ZYL485,89.83
2026-10-25,12:41:35,Drone-Google-RTG540,133.75
2026-12-16,23:46:52,Processador-Acer-CNS760,111.79
2026-09-28,07:54:12,Monitor-Corsair-QDS661,616.87
2026-04-22,13:59:36,Projetor-Dell-FCX064,529.03
2026-03-04,12:37:43,PlacaGrafica-Lenovo-PRH885,67.87
2026-02-04,11:37:12,MemoriaRAM-Nvidia-HUW916,177.67
2026-06-11,07:25:00,Microfone-MSI-WBD795,1.99
2026-02-04,12:20:08,Gamepad-Amazon-PPK690,419.23
2026-02-03,12:30:30,Microfone-AMD-KUM923,23.95
2026-01-03,12:35:16,Coluna-Sony-PPN936,1.99
2026-02-20,09:43:48,Gamepad-Nokia-ZSC166,12.97
2026-12-15,09:58:41,Laptop-LG-ZWK306,23.95
2026-01-21,15:20:22,Rato-Dell-ZXK821,430.21
2026-04-13,15:03:34,Smartwatch-Gigabyte-TLS098,243.55
2026-09-28,05:17:50,Monitor-Apple-XCN123,210.61
2026-12-20,00:45:00,CaboUSB-AMD-FRD126,682.75
2026-02-20,19:23:37,Tablet-Motorola-WGZ374,155.71
2026-10-07,04:23:28,Teclado-AMD-OUF742,331.39
2026-09-08,22:01:39,Motherboard-Nokia-QHQ848,243.55
2026-01-18,15:36:15,Projetor-HP-UKQ679,265.51
2026-08-15,23:10:50,Smartphone-Corsair-XXC734,122.77
2026-05-21,17:07:52,DiscoSSD-Nvidia-UTL068,232.57
2026-01-20,00:10:00,Laptop-Google-MHW448,430.21
2026-01-05,11:46:32,Gamepad-Gigabyte-LSX280,331.39
2026-07-15,14:35:00,Smartwatch-Asus-CIQ317,45.91
2026-06-15,09:30:15,Headphones-Google-IAI765,463.15
2026-01-27,02:28:00,Processador-Acer-HBY849,23.95
2026-12-20,03:29:00,Gamepad-Amazon-UCG394,419.23
2026-01-01,08:40:14,Smartphone-Amazon-LSF304,397.27
2026-03-19,18:30:20,Coluna-Corsair-DKD703,45.91
2026-04-20,09:47:27,MemoriaRAM-Razer-AGP728,353.35
2026-05-09,11:02:42,Smartphone-Razer-NPT964,34.93
2026-11-18,18:43:09,Monitor-Nokia-FIT639,1.99
2026-09-09,07:57:28,CaboUSB-Asus-JFH987,45.91
2026-06-19,11:05:24,Motherboard-Corsair-DNI465,386.29
2026-10-04,11:30:08,DiscoSSD-Corsair-SWE337,474.13
2026-09-03,12:02:40,Consola-Motorola-XLR207,144.73
2026-09-25,16:13:56,DiscoSSD-Gigabyte-KTD775,265.51
2026-03-11,23:31:18,Microfone-Dell-BRE456,726.67
2026-06-03,01:35:00,Camera-Sony-KFJ604,78.85
2026-04-28,03:12:00,Teclado-Asus-PRB848,12.97
2026-10-05,01:08:51,Drone-Lenovo-ZGL356,781.57
2026-08-26,11:57:46,Teclado-Nvidia-SCS174,287.47
2026-03-14,15:30:28,Microfone-Amazon-ZMO877,265.51
2026-07-26,21:17:24,Tablet-Alienware-TOT273,166.69
2026-07-06,00:56:20,Camera-HP-IKL754,210.61
2026-03-18,22:02:38,Gamepad-Logitech-BVY269,1.99
2026-06-14,22:40:44,Rato-Microsoft-UFG017,550.99
2026-04-18,22:18:38,Laptop-Amazon-WLY805,616.87
2026-06-04,14:22:40,Carregador-Samsung-OID510,177.67
2026-07-24,03:51:20,PlacaGrafica-Alienware-MCH294,287.47
2026-09-18,07:50:06,TV-Sony-TGQ686,243.55
2026-11-11,13:41:42,Drone-HP-VKQ212,133.75
2026-07-04,02:45:57,Router-Motorola-JYD349,254.53
2026-11-23,20:55:50,MemoriaRAM-Microsoft-ZYG645,1.99
2026-12-08,19:59:42,PlacaGrafica-Dell-AHJ865,594.91
2026-07-04,23:20:25,Monitor-Nokia-UUG402,23.95
2026-11-08,21:36:54,Coluna-Lenovo-WKY809,232.57
2026-10-23,23:16:24,DiscoSSD-Motorola-ZRL859,792.55
2026-10-18,08:34:25,Camera-LG-OAN961,309.43
2026-06-14,22:07:34,Laptop-Logitech-XQT112,265.51
2026-05-26,10:17:28,MemoriaRAM-Gigabyte-JQB954,232.57
2026-01-22,07:25:25,Impressora-Nvidia-RFH388,78.85
2026-01-15,16:20:28,PlacaGrafica-Amazon-XAO645,122.77
2026-12-15,12:22:30,Processador-Asus-RPY096,386.29
2026-10-27,07:38:55,Projetor-Nvidia-NOO792,419.23
2026-06-05,13:30:56,PlacaGrafica-AMD-HZE760,12.97
2026-01-04,02:39:37,Coluna-HP-OKE484,474.13
2026-09-17,16:08:18,Motherboard-HP-FJA695,122.77
2026-05-05,09:20:12,Smartphone-Logitech-EOF332,496.09
2026-11-03,00:37:04,Coluna-Sony-BFJ337,1.99
2026-12-19,18:08:41,Smartphone-AMD-EFR311,1.99
2026-01-18,11:30:20,Monitor-Acer-ZTP258,45.91
2026-03-08,20:38:00,Rato-Sony-EIG403,221.59
2026-01-17,00:53:55,Projetor-Huawei-YZZ223,1.99
2026-10-16,21:06:25,Impressora-AMD-IJY566,155.71
2026-03-14,16:24:26,Smartphone-Samsung-LEZ282,23.95
2026-02-23,20:44:42,Monitor-Google-UVF027,408.25
2026-03-06,14:45:12,Carregador-Razer-ELJ666,133.75
2026-06-01,00:40:16,Headphones-Nvidia-ENL933,23.95
2026-03-15,01:14:24,PlacaGrafica-MSI-LTI909,199.63
2026-04-09,06:30:00,Projetor-Intel-QKX857,331.39
2026-07-24,07:13:20,Gamepad-Apple-MUP449,441.19
2026-03-08,06:31:30,Camera-Samsung-JHB168,34.93
2026-02-02,00:16:24,Laptop-Intel-ZZO091,913.33
2026-11-03,07:19:18,Coluna-Dell-LDG475,23.95
2026-09-21,21:45:11,Tablet-Alienware-IGE096,386.29
