Data,Hora,Produto,Preco
2026-03-24,12:52:54,Impressora-Intel-ATJ496,298.45
2026-02-20,10:58:48,CaboUSB-Samsung-CTJ536,594.91
2026-07-06,12:18:25,CaboUSB-Google-IWU230,265.51
2026-10-26,10:50:21,MemoriaRAM-Samsung-HLP096,177.67
2026-09-10,01:06:50,Smartwatch-Corsair-KMT987,12.97
2026-12-24,18:52:12,Headphones-AMD-SRQ086,155.71
2026-08-13,16:03:32,Carregador-Dell-XLW404,45.91
2026-05-22,12:32:24,Router-Alienware-KRZ892,781.57
2026-08-13,08:46:52,CaboUSB-Samsung-MUP555,331.39
2026-10-24,14:29:55,Carregador-Samsung-YXO316,100.81
2026-12-27,19:42:00,Drone-Sony-IEO997,1.99
2026-03-15,11:59:15,Drone-MSI-HCT903,111.79
2026-05-27,00:52:35,Carregador-Samsung-OHC370,496.09
2026-05-06,21:46:20,Coluna-Logitech-XZD457,12.97
2026-01-11,22:06:28,Gamepad-Razer-UWT253,56.89
2026-06-22,03:50:34,Tablet-Intel-EQM726,243.55
2026-01-14,04:44:55,Projetor-Microsoft-OVD876,474.13
2026-10-22,23:27:09,Laptop-Microsoft-ZRN293,56.89
2026-06-03,04:56:02,DiscoSSD-Motorola-TWF728,474.13
2026-01-13,05:28:00,Projetor-Acer-SOM988,177.67
2026-04-28,14:49:48,CaboUSB-Xiaomi-OZN868,155.71
2026-04-26,19:08:00,Carregador-Amazon-YNW040,12.97
2026-05-11,04:23:12,Headphones-Sony-JXB039,583.93
2026-08-22,09:45:40,DiscoSSD-AMD-DXL849,232.57
2026-03-10,16:14:52,CaboUSB-Logitech-JGR180,309.43
2026-10-05,00:48:26,TV-Gigabyte-HPO160,572.95
2026-09-14,06:21:18,TV-LG-CUD591,671.77
2026-01-03,12:05:48,Router-AMD-EOA809,100.81
2026-08-23,18:54:50,CaboUSB-Samsung-VGU463,12.97
2026-02-12,23:45:00,TV-Acer-ZWC477,210.61
2026-05-15,16:31:40,Rato-Acer-CIE224,550.99
2026-03-25,03:23:28,Laptop-Corsair-YRO716,144.73
2026-10-04,17:21:40,Camera-Acer-BWY708,748.63
2026-03-07,20:22:00,Microfone-Huawei-HYB002,111.79
2026-06-15,04:38:45,Coluna-Samsung-GGR802,331.39
2026-05-23,02:34:42,Laptop-Motorola-TGZ220,210.61
2026-11-07,18:44:00,Tablet-MSI-NDG888,1.99
2026-03-10,03:57:18,Smartwatch-Dell-OIW049,287.47
2026-06-15,08:46:00,Monitor-Apple-EIT029,693.73
2026-10-07,13:08:24,Impressora-Razer-APA523,287.47
2026-04-01,00:41:45,Tablet-Lenovo-AVW686,419.23
2026-04-09,20:03:25,Router-Huawei-FCH245,265.51
2026-10-04,05:15:30,CaboUSB-Sony-XGO658,419.23
2026-03-06,17:58:34,Motherboard-Google-ZVR336,221.59
2026-02-23,22:53:51,Impressora-Samsung-ITQ501,507.07
2026-03-04,23:51:04,Router-Samsung-FWB959,221.59
2026-06-11,10:52:36,Gamepad-Gigabyte-QFC250,309.43
2026-06-24,12:48:56,Tablet-Apple-THQ419,1.99
2026-04-26,06:11:30,Motherboard-MSI-KYP285,34.93
2026-05-13,14:53:36,Processador-Corsair-OLH805,78.85
2026-06-18,20:44:56,Projetor-Nvidia-STS483,177.67
2026-09-26,09:03:39,CaboUSB-Logitech-WXM837,210.61
2026-04-19,14:41:29,TV-Sony-KZA211,23.95
2026-11-15,23:19:30,Rato-Nvidia-QXS474,177.67
2026-11-22,23:19:24,Processador-Amazon-ZXD258,419.23
2026-07-09,03:54:40,Laptop-HP-TOI541,583.93
2026-11-27,06:41:03,Gamepad-Amazon-YPB682,155.71
2026-12-17,08:57:48,PlacaGrafica-Logitech-OZD320,12.97
2026-12-15,18:29:26,MemoriaRAM-Huawei-CZC986,1.99
2026-05-13,20:19:07,TV-Sony-LOU712,34.93
2026-01-25,14:07:10,Router-Asus-XUA035,12.97
2026-09-27,12:14:24,Router-Microsoft-AKY906,243.55
2026-04-19,09:27:32,Microfone-Motorola-ROB825,474.13
2026-07-06,23:02:03,Consola-Asus-FLB555,100.81
2026-10-16,01:59:34,MemoriaRAM-Razer-OOY709,177.67
2026-10-19,07:28:00,Rato-Nokia-SRU604,34.93
2026-01-03,22:16:56,Tablet-Huawei-WBJ411,23.95
2026-05-26,05:34:35,Motherboard-MSI-IKD538,463.15
2026-03-23,00:12:24,Smartwatch-Asus-VJY184,45.91
2026-08-04,02:21:00,Rato-Razer-RTB940,155.71
2026-06-23,20:23:24,Carregador-Google-MAI834,144.73
2026-02-17,07:14:34,Tablet-Razer-EZB638,386.29
2026-05-20,10:42:15,Smartwatch-Intel-TWS764,155.71
2026-02-19,13:01:00,CaboUSB-Motorola-CWN609,364.33
2026-01-25,12:42:16,Smartphone-Microsoft-YKM528,693.73
2026-02-23,20:52:00,Monitor-Dell-GOV990,1.99
2026-07-04,06:49:14,Impressora-HP-CHW996,34.93
2026-05-15,05:34:40,Carregador-Motorola-EYY802,12.97
2026-07-22,02:06:57,Tablet-Alienware-QHJ309,847.45
2026-01-01,18:06:36,Smartphone-Logitech-KUO823,67.87
2026-05-16,13:13:59,Smartwatch-LG-ZUG292,1012.15
2026-08-23,10:53:34,PlacaGrafica-Gigabyte-HSG208,869.41
2026-09-07,21:54:25,Consola-Asus-UBU203,122.77
2026-12-01,12:35:52,Headphones-Razer-DQO027,122.77
2026-06-07,23:31:56,Monitor-Huawei-MRP254,12.97
2026-11-13,13:40:02,Impressora-Corsair-EYK389,45.91
2026-08-17,13:13:16,Camera-Apple-QTG182,56.89
2026-01-18,08:22:01,DiscoSSD-Asus-HVS996,891.37
2026-10-24,18:44:28,Router-Nvidia-XOG791,364.33
2026-03-20,15:05:22,Smartphone-Alienware-KDF949,56.89
2026-05-09,14:12:10,Headphones-Apple-HTS678,45.91
2026-06-16,20:00:00,Headphones-HP-MYT727,737.65
2026-02-19,09:56:42,Teclado-Amazon-YKA169,441.19
2026-12-06,16:08:12,Processador-Samsung-XJS479,540.01
2026-04-19,11:38:36,Monitor-Huawei-DGX047,133.75
2026-10-02,13:48:24,Drone-Alienware-DCX146,397.27
2026-05-02,21:11:05,Motherboard-Razer-YQA901,78.85
2026-05-11,14:46:45,Processador-Razer-PQY148,825.49
2026-05-04,04:38:36,Rato-Sony-CAO079,759.61
2026-07-16,14:24:00,Coluna-HP-RTD896,111.79
2026-08-06,02:34:58,Motherboard-Alienware-SKE852,45.91
2026-12-21,15:21:24,Monitor-Nvidia-UVM072,12.97
2026-11-26,12:18:25,Gamepad-Sony-HEV739,78.85
2026-05-12,21:16:55,TV-Lenovo-ZHK628,210.61
2026-09-22,15:09:36,Teclado-Sony-NNV647,78.85
2026-06-14,00:36:00,CaboUSB-Lenovo-DZH394,34.93
2026-01-12,17:50:45,Monitor-Nokia-DRL695,166.69
2026-01-23,12:07:44,PlacaGrafica-LG-LTK121,34.93
2026-02-09,15:36:16,Microfone-Asus-GSM506,100.81
2026-06-02,08:22:21,Carregador-Acer-TSA800,111.79
2026-08-22,15:16:00,Rato-Alienware-QHM309,529.03
2026-09-25,22:23:30,TV-Logitech-PXN846,353.35
2026-02-05,00:47:20,Teclado-Alienware-IWS469,78.85
2026-02-21,08:44:09,Coluna-Gigabyte-AYM008,364.33
2026-10-18,18:38:18,MemoriaRAM-Motorola-XJU529,133.75
2026-12-07,06:27:24,Microfone-Motorola-QEK084,221.59
2026-04-07,13:43:28,Coluna-Gigabyte-KIW687,1.99
2026-07-04,15:45:45,Router-LG-KUG290,100.81
2026-08-23,01:24:24,Gamepad-Lenovo-GRQ296,342.37
2026-01-11,10:10:26,Coluna-Huawei-CTD113,67.87
2026-09-16,21:43:44,Drone-Lenovo-ZVT669,12.97
2026-10-06,19:22:38,Microfone-Google-YPS689,89.83
2026-03-06,08:25:52,PlacaGrafica-Gigabyte-SGY276,199.63
2026-07-20,10:36:27,Laptop-Samsung-DYD654,243.55
2026-10-08,00:51:00,Motherboard-Huawei-RDZ998,12.97
2026-07-09,03:22:20,Rato-Razer-ZDT591,748.63
2026-09-12,09:33:51,MemoriaRAM-Huawei-FBA942,715.69
2026-05-21,08:42:44,TV-Huawei-NIE109,34.93
2026-03-15,22:27:20,Gamepad-Corsair-IKF386,430.21
2026-01-05,08:21:40,Laptop-Apple-CZJ204,23.95
2026-07-25,22:36:48,Drone-Intel-VJS709,375.31
2026-01-13,18:16:27,Router-Gigabyte-XME775,485.11
2026-10-16,23:38:54,Rato-Intel-GCK683,56.89
2026-07-25,17:27:24,Drone-Sony-NLY745,67.87
2026-11-06,13:52:56,Microfone-Nvidia-KWO241,265.51
2026-05-16,20:04:30,Tablet-Samsung-HUW904,144.73
2026-04-20,17:23:46,Router-Acer-ZKI571,386.29
2026-06-24,10:09:20,Carregador-Logitech-FGV624,188.65
2026-10-15,22:16:08,Motherboard-Logitech-HWR262,89.83
2026-03-22,13:10:20,Rato-LG-YWY556,715.69
2026-11-25,03:50:12,Smartwatch-Samsung-NOR181,133.75
2026-03-10,23:44:16,Gamepad-Corsair-KFX629,1.99
2026-11-26,11:22:12,CaboUSB-HP-ZUV673,309.43
2026-02-12,15:26:48,Projetor-Google-MWI179,540.01
2026-01-06,06:08:43,Carregador-Amazon-XPI671,1.99
2026-07-23,15:21:33,TV-Dell-PGB214,34.93
2026-03-12,13:41:52,Drone-Intel-CDU139,199.63
2026-04-19,04:36:00,Projetor-Lenovo-KGK329,166.69
2026-03-17,19:29:10,Impressora-MSI-LHC535,133.75
2026-09-23,18:30:30,MemoriaRAM-Nokia-PXS285,309.43
2026-01-03,14:19:14,Gamepad-HP-UWH962,331.39
2026-04-21,10:17:59,Projetor-Gigabyte-QAO413,78.85
2026-02-26,22:45:01,Coluna-Razer-XLN742,660.79
2026-08-24,12:20:48,Motherboard-Dell-UHX840,56.89
2026-12-17,15:54:00,Monitor-Razer-XII401,485.11
2026-07-05,10:46:24,Motherboard-Corsair-ZUL524,638.83
2026-06-01,14:29:00,Coluna-Razer-OIX281,803.53
2026-11-06,19:07:36,Router-Acer-JNZ529,67.87
2026-01-26,01:45:30,MemoriaRAM-MSI-JRC377,408.25
2026-07-01,22:17:34,Microfone-Razer-CDF949,254.53
2026-11-22,18:39:25,CaboUSB-Alienware-HNT714,23.95
2026-06-02,06:52:22,Gamepad-Google-GZM873,320.41
2026-08-26,07:29:36,Drone-Nvidia-YPE682,671.77
2026-12-08,23:00:00,Microfone-Sony-IRA079,133.75
2026-02-05,18:48:00,Rato-AMD-IKL100,45.91
2026-04-11,05:39:15,Projetor-Asus-ATX990,342.37
2026-04-09,16:45:00,Processador-Huawei-NDD898,45.91
2026-01-09,09:40:00,Projetor-Lenovo-RHP231,1.99
2026-10-29,21:37:22,Processador-Intel-XUG856,56.89
2026-11-15,14:57:11,Laptop-HP-YTV125,572.95
2026-06-24,14:57:48,Monitor-MSI-EGU506,188.65
2026-11-03,16:06:01,CaboUSB-Samsung-EID701,397.27
2026-08-14,00:50:44,Projetor-Huawei-WTQ077,265.51
2026-02-04,04:44:24,Motherboard-Microsoft-KSU331,715.69
2026-10-24,18:13:55,Monitor-Motorola-RBU982,561.97
2026-03-15,17:51:24,Impressora-Razer-LWL296,56.89
2026-09-02,00:06:42,Camera-Amazon-QOP385,715.69
2026-04-22,10:36:20,Drone-Xiaomi-THC671,188.65
2026-03-24,19:40:00,Impressora-Microsoft-JNT838,23.95
2026-10-10,02:45:26,Laptop-Apple-HQB215,155.71
2026-05-09,04:40:11,Impressora-Asus-OJE996,550.99
2026-03-14,23:22:24,Motherboard-Dell-GQE045,155.71
2026-06-01,01:01:07,Impressora-Lenovo-DWO493,89.83
2026-03-14,05:50:48,MemoriaRAM-AMD-MYP547,627.85
2026-10-25,01:57:28,Rato-Acer-LWM069,232.57
2026-10-10,01:45:36,Drone-Asus-VFG249,100.81
2026-06-12,20:00:08,Camera-Microsoft-RNT953,67.87
2026-03-17,20:12:27,Carregador-Amazon-NCD191,89.83
2026-08-11,08:17:39,Router-Logitech-DJX055,100.81
2026-08-23,15:00:49,PlacaGrafica-Gigabyte-ODR816,507.07
2026-05-02,15:39:50,DiscoSSD-Dell-AGT886,386.29
2026-06-05,07:17:06,Router-Razer-YDQ866,23.95
2026-11-03,05:12:00,Smartphone-Dell-CTA878,561.97
2026-12-09,13:07:00,Smartphone-Sony-SEA460,1.99
2026-11-21,13:27:54,Smartphone-Google-LUD550,34.93
2026-09-26,19:45:15,Coluna-Microsoft-LGY747,441.19
2026-04-18,19:53:22,Teclado-Corsair-OUC647,56.89
2026-09-19,00:48:54,Teclado-Sony-XFN613,331.39
2026-04-22,22:27:31,PlacaGrafica-Lenovo-XUT820,1.99
2026-09-21,22:20:42,Tablet-Gigabyte-PPH329,485.11
2026-08-18,10:42:22,PlacaGrafica-Sony-BKE317,221.59
2026-07-17,09:09:20,Teclado-Lenovo-REY780,23.95
2026-10-15,22:36:00,Monitor-Corsair-HSN887,550.99
2026-03-05,04:51:39,PlacaGrafica-MSI-HQH099,34.93
2026-06-20,20:37:40,Motherboard-Corsair-IZU215,375.31
2026-01-10,14:36:07,Gamepad-Razer-IQM360,507.07
2026-11-28,07:02:42,Router-Gigabyte-DTE125,561.97
2026-12-06,01:30:00,Tablet-Google-ARZ553,122.77
2026-10-11,23:04:22,DiscoSSD-Samsung-UHZ487,342.37
2026-02-06,19:26:53,Carregador-Microsoft-CWR779,133.75
2026-12-04,11:50:30,Impressora-Xiaomi-XQZ893,781.57
2026-06-22,14:28:11,DiscoSSD-Huawei-YTC402,23.95
2026-03-23,16:37:48,Motherboard-MSI-MYX813,1.99
2026-09-20,10:06:45,CaboUSB-Xiaomi-KGC557,111.79
2026-12-02,05:22:51,Smartwatch-Razer-GYN090,452.17
2026-08-24,16:58:48,Impressora-Apple-LFD420,1.99
2026-06-19,14:57:24,Smartphone-LG-SEK023,320.41
2026-07-15,11:39:12,CaboUSB-Gigabyte-PQO621,122.77
2026-12-26,16:42:00,Coluna-Asus-ABE907,276.49
2026-07-16,00:23:50,Gamepad-Google-DZG251,243.55
2026-08-03,06:29:10,MemoriaRAM-Nvidia-HGC456,45.91
2026-03-11,16:56:24,Coluna-Xiaomi-EYU139,100.81
2026-04-14,03:45:50,Teclado-Motorola-XFG515,847.45
2026-07-23,20:09:44,Headphones-HP-HYD843,276.49
2026-03-14,01:00:30,MemoriaRAM-HP-URB878,232.57
2026-06-26,09:08:00,Monitor-Microsoft-HVA229,1.99
2026-11-01,12:51:00,MemoriaRAM-Alienware-VSE277,221.59
2026-05-27,01:09:58,Monitor-Acer-AOQ728,572.95
2026-02-23,23:06:35,Motherboard-Logitech-LPH052,56.89
2026-12-01,12:44:32,Impressora-Xiaomi-SBO446,166.69
2026-05-18,12:50:12,DiscoSSD-Nvidia-EFK344,23.95
2026-07-15,05:29:44,Laptop-Logitech-QJW355,122.77
2026-02-10,20:06:54,PlacaGrafica-Gigabyte-HDH849,122.77
2026-01-05,22:24:58,Motherboard-Nvidia-KNN267,583.93
2026-02-10,14:09:45,Consola-Microsoft-YLS759,1.99
2026-08-28,11:19:57,TV-Gigabyte-UWM138,133.75
2026-02-06,07:19:18,Consola-Google-ZWH519,12.97
2026-02-23,13:46:40,Camera-Apple-ODO044,23.95
2026-06-05,13:48:22,Drone-MSI-RYB014,496.09
2026-03-21,21:23:14,Camera-MSI-GRJ324,496.09
2026-05-04,19:25:00,Tablet-Intel-TJX578,353.35
2026-06-10,14:15:12,Monitor-Sony-LCK600,78.85
2026-06-03,18:26:36,MemoriaRAM-Acer-XBL530,199.63
2026-01-21,18:55:07,Gamepad-Logitech-CPD671,177.67
2026-07-05,08:46:11,Rato-MSI-ZCX254,561.97
2026-03-19,01:58:33,Processador-Dell-YJV469,78.85
2026-12-12,18:24:45,Monitor-Apple-QOO253,485.11
2026-04-24,21:46:08,Microfone-Sony-IKW212,122.77
2026-05-04,10:09:00,Tablet-LG-NAR187,67.87
2026-09-20,05:49:00,Router-Asus-EPB231,419.23
2026-03-25,07:01:38,PlacaGrafica-Asus-AUI569,375.31
2026-05-10,21:26:24,Monitor-Intel-DUJ139,144.73
2026-12-01,03:11:15,Monitor-MSI-VER328,1.99
2026-09-11,18:13:29,Consola-Microsoft-NPE395,353.35
2026-07-14,23:54:04,CaboUSB-Asus-QPU040,100.81
2026-08-12,18:27:40,Consola-Lenovo-PGV375,100.81
2026-06-15,15:48:27,Router-Corsair-NMY766,34.93
2026-01-01,21:07:12,Laptop-LG-QKU883,155.71
2026-02-28,17:48:42,TV-Dell-WWY174,122.77
2026-03-22,17:18:36,MemoriaRAM-Xiaomi-BZS846,155.71
2026-12-24,11:32:55,Smartphone-Nvidia-HZE068,12.97
2026-03-16,19:55:44,Consola-Sony-JOV567,67.87
2026-04-21,20:14:20,Router-HP-UDX063,188.65
2026-06-04,02:53:06,Microfone-Asus-TFY900,550.99
2026-08-30,14:31:26,Tablet-LG-WHO024,100.81
2026-03-07,12:29:12,Laptop-Samsung-ZFA604,122.77
2026-12-05,15:55:06,Gamepad-MSI-TDO824,276.49
2026-08-02,06:27:30,Gamepad-Corsair-NGI775,232.57
2026-02-19,22:57:36,Consola-Huawei-PZF926,89.83
2026-04-06,04:08:24,DiscoSSD-Google-CUK892,540.01
2026-10-17,02:38:50,Processador-Razer-GRH652,616.87
2026-02-28,15:56:45,Drone-Gigabyte-HWW853,375.31
2026-01-26,16:59:42,Monitor-Samsung-TMM466,34.93
2026-10-07,11:36:21,Smartphone-Motorola-TSY098,474.13
2026-09-11,13:58:30,Rato-Asus-WCP012,111.79
2026-01-06,10:18:45,DiscoSSD-Microsoft-IWW609,397.27
2026-08-11,04:12:21,PlacaGrafica-Intel-EFU228,408.25
2026-07-28,12:44:50,Monitor-Logitech-FFT435,177.67
2026-10-26,13:16:48,Headphones-Corsair-OVH578,485.11
2026-12-12,21:15:08,Projetor-AMD-KXW201,759.61
2026-08-02,00:25:04,TV-Logitech-PAS088,67.87
2026-01-18,21:55:24,Microfone-Nokia-SIG482,748.63
2026-07-28,18:42:30,Headphones-Xiaomi-VER709,78.85
2026-03-31,03:39:22,CaboUSB-LG-FMD485,144.73
2026-11-17,06:21:31,Laptop-Xiaomi-HQQ892,243.55
2026-09-14,17:54:00,DiscoSSD-Microsoft-CKM234,199.63
2026-11-23,12:31:04,Gamepad-Huawei-ZAO000,133.75
2026-10-11,17:35:44,Headphones-Razer-SYW624,858.43
2026-02-22,09:07:47,CaboUSB-Corsair-HQV029,12.97
2026-07-02,10:20:32,Motherboard-LG-VPZ814,166.69
2026-06-15,02:11:27,Drone-Motorola-XUX644,616.87
2026-01-07,21:15:24,Teclado-Lenovo-HXI722,45.91
2026-08-14,21:17:40,Motherboard-Logitech-HBF129,23.95
2026-10-08,02:09:36,Teclado-Dell-JJI267,232.57
2026-03-29,23:09:18,Smartphone-Corsair-JLR705,155.71
2026-01-13,15:22:20,CaboUSB-Asus-QAJ958,1.99
2026-07-23,14:23:06,Processador-Corsair-XIB463,111.79
2026-03-04,16:56:16,Camera-Gigabyte-TAK403,177.67
2026-02-19,21:50:24,Teclado-Amazon-GJS305,188.65
2026-10-27,17:23:59,Carregador-Asus-ELQ222,34.93
2026-11-21,05:04:00,CaboUSB-Xiaomi-ALC372,78.85
2026-01-26,14:40:30,Projetor-Google-URO986,649.81
2026-01-21,00:22:30,PlacaGrafica-Motorola-AMG248,825.49
2026-07-22,06:34:22,Coluna-Corsair-YPP793,441.19
2026-07-23,01:16:48,Laptop-MSI-PYG963,45.91
2026-06-28,20:41:18,Headphones-Nvidia-FOP419,254.53
2026-06-06,15:26:52,Rato-Intel-SSZ240,89.83
2026-12-20,09:30:06,Drone-Gigabyte-LBQ633,452.17
2026-08-14,12:03:36,PlacaGrafica-Nvidia-MWC673,309.43
2026-06-02,22:43:55,DiscoSSD-Nokia-WNW838,210.61
2026-05-26,11:33:36,Processador-Dell-VAT200,320.41
2026-11-22,13:40:52,Rato-Dell-CVB271,122.77
2026-06-05,18:24:48,Projetor-Google-GGS926,45.91
2026-09-23,22:20:54,Motherboard-Nvidia-LLN032,276.49
2026-09-22,21:15:25,Motherboard-Intel-BBL442,561.97
2026-05-15,09:05:36,Rato-HP-NQJ328,221.59
2026-08-16,19:48:08,Coluna-HP-SKU564,111.79
2026-07-27,00:28:49,Processador-Nokia-TDS292,605.89
2026-02-10,06:10:28,Laptop-MSI-OGR023,177.67
2026-08-01,13:09:20,CaboUSB-Sony-XBK759,155.71
2026-08-21,04:51:29,Smartwatch-Microsoft-QYL103,1.99
2026-03-03,11:57:00,MemoriaRAM-Microsoft-GVG594,78.85
2026-05-13,09:46:16,Motherboard-Acer-IJA317,155.71
2026-03-09,18:48:51,Camera-Motorola-JUP437,1.99
2026-07-06,00:30:00,Laptop-Logitech-XUS010,34.93
2026-02-11,21:56:24,MemoriaRAM-Motorola-EOQ447,572.95
2026-12-15,00:33:47,TV-LG-ONV355,45.91
2026-04-14,16:17:52,Smartwatch-Apple-HJE139,23.95
2026-04-10,18:41:55,Headphones-Xiaomi-DNL642,287.47
2026-03-26,00:35:42,Motherboard-Lenovo-TDA966,375.31
2026-03-27,12:25:50,Gamepad-Nvidia-GDO214,353.35
2026-08-10,03:30:38,Laptop-Intel-RRK308,1.99
2026-09-02,04:22:30,Coluna-AMD-VHA421,45.91
2026-02-07,03:35:52,Gamepad-Gigabyte-PAV284,177.67
2026-07-20,18:27:24,Processador-Dell-ZKO698,45.91
2026-04-08,05:13:30,Tablet-Google-JLQ475,759.61
2026-10-16,01:53:39,PlacaGrafica-Corsair-LLA950,770.59
2026-10-20,16:58:34,Microfone-Alienware-DQQ631,561.97
2026-05-27,18:13:00,Processador-Gigabyte-KSM289,463.15
2026-03-23,11:04:50,Monitor-Logitech-IHH203,1.99
2026-06-23,17:32:53,TV-Amazon-JMA688,309.43
2026-04-06,10:26:08,Laptop-Alienware-MIZ481,199.63
2026-12-25,16:31:48,Consola-MSI-ARI149,166.69
2026-12-03,04:14:40,CaboUSB-Asus-ZAY306,12.97
2026-01-28,06:55:39,Tablet-Huawei-PND678,188.65
2026-03-12,10:05:00,Smartphone-Microsoft-RJU871,133.75
2026-03-02,07:41:02,Motherboard-Logitech-EIM182,67.87
2026-05-10,12:09:52,Smartphone-Asus-YXB183,56.89
2026-01-04,00:21:40,Microfone-HP-LCB820,287.47
2026-07-04,18:03:48,Impressora-Razer-VKO825,419.23
2026-04-24,08:47:34,MemoriaRAM-Nokia-XKV356,56.89
2026-06-06,16:37:30,MemoriaRAM-Nokia-RIQ566,616.87
2026-05-07,18:29:00,Projetor-Samsung-PJK056,638.83
2026-07-04,15:35:03,Coluna-Samsung-FSF108,627.85
2026-04-12,03:47:22,Laptop-Alienware-HIF965,89.83
2026-12-28,01:22:48,Tablet-Razer-TJF848,715.69
2026-01-28,16:42:40,PlacaGrafica-Motorola-IFH321,67.87
2026-01-21,04:45:40,Processador-Corsair-BSD385,276.49
2026-01-13,06:46:14,Impressora-Microsoft-ZQK309,23.95
2026-05-04,18:19:21,Carregador-Nvidia-QDZ994,210.61
2026-09-12,17:16:52,Motherboard-Corsair-WIO798,100.81
2026-05-02,20:12:00,Coluna-Corsair-XLX653,309.43
2026-02-03,14:34:26,Smartphone-Xiaomi-QHS783,1001.17
2026-04-23,00:22:15,Consola-Gigabyte-ZCT480,561.97
2026-06-18,07:58:15,Microfone-Nokia-KVF222,847.45
2026-01-09,11:08:07,Headphones-Nvidia-XOW342,23.95
2026-02-27,10:45:04,Microfone-Logitech-OLB592,507.07
2026-07-21,23:26:48,Carregador-Alienware-XBG364,441.19
2026-03-17,02:31:27,MemoriaRAM-Lenovo-FFN480,452.17
2026-04-10,10:24:30,TV-Amazon-BWR987,452.17
2026-04-24,00:30:19,CaboUSB-Dell-UXP473,34.93
2026-06-26,07:25:04,Camera-Apple-ELU738,89.83
2026-04-14,20:11:08,Impressora-Nvidia-PJL383,1.99
2026-09-13,13:09:36,Smartphone-Microsoft-PHK035,485.11
2026-08-24,01:45:20,MemoriaRAM-Corsair-QHA906,386.29
2026-12-03,09:35:44,Monitor-LG-OQW221,100.81
2026-02-27,12:11:28,Rato-Amazon-SIZ482,23.95
2026-05-11,19:09:18,TV-Lenovo-MQD637,45.91
2026-01-29,06:18:04,PlacaGrafica-Nokia-ZCF825,704.71
2026-02-15,00:12:32,Monitor-Alienware-BFL483,89.83
2026-06-02,10:53:06,Headphones-Sony-GVN333,232.57
2026-03-16,02:42:13,CaboUSB-Samsung-LYO241,133.75
2026-06-02,08:00:41,Camera-Amazon-ZVH670,78.85
2026-09-21,15:39:06,Projetor-Lenovo-ESP226,56.89
2026-03-30,11:28:00,Carregador-LG-AFI693,627.85
2026-12-01,15:48:00,Carregador-Logitech-JNB394,188.65
2026-09-09,04:17:06,DiscoSSD-Razer-LFT070,1.99
2026-02-16,04:10:12,CaboUSB-Lenovo-WWK494,518.05
2026-10-25,01:39:28,Smartwatch-Acer-CGI023,550.99
2026-08-09,01:52:21,Projetor-AMD-HFA716,210.61
2026-05-18,01:44:27,Tablet-Intel-ODZ115,353.35
2026-06-17,23:05:10,Coluna-Samsung-HBU498,693.73
2026-02-04,01:36:18,Coluna-Huawei-UIH630,155.71
2026-09-25,10:45:08,MemoriaRAM-Lenovo-JQT124,243.55
2026-10-24,21:55:34,Projetor-Microsoft-ZWE539,430.21
2026-07-18,02:10:48,DiscoSSD-Amazon-HAN648,166.69
2026-04-14,19:31:00,MemoriaRAM-Gigabyte-VTK847,23.95
2026-03-21,17:37:29,Tablet-Nvidia-ZLM778,770.59
2026-08-02,17:57:00,Drone-Dell-CVS481,89.83
2026-03-05,06:37:37,TV-Sony-EPW482,561.97
2026-01-20,07:30:54,Impressora-Samsung-GGW200,825.49
2026-07-04,12:15:54,Laptop-Google-UJQ192,78.85
2026-05-20,12:12:36,Teclado-Razer-CAT740,320.41
2026-06-21,05:34:22,Camera-Samsung-SPV008,254.53
2026-05-24,05:59:27,Processador-Amazon-VLT174,298.45
2026-07-21,18:11:23,Consola-Xiaomi-WLF712,166.69
2026-12-11,20:43:03,Gamepad-Intel-AMN244,188.65
2026-11-26,12:29:24,Laptop-Corsair-OCS371,12.97
2026-03-28,13:52:57,Router-Dell-GWS756,342.37
2026-11-30,07:46:10,Gamepad-HP-YEM887,34.93
2026-06-28,14:22:34,Impressora-Motorola-ABR055,243.55
2026-09-10,07:47:21,Projetor-Huawei-INT291,34.93
2026-02-22,16:55:30,DiscoSSD-Huawei-UYK491,627.85
2026-09-07,23:18:58,Microfone-Xiaomi-IYD649,78.85
2026-11-16,14:47:20,Carregador-Lenovo-GLF165,12.97
2026-03-14,12:32:30,Camera-Apple-PTG581,23.95
2026-06-28,09:09:46,PlacaGrafica-LG-FHY898,957.25
2026-05-11,17:13:25,TV-Microsoft-KBM908,89.83
2026-06-18,17:47:58,Microfone-Acer-KCP801,45.91
2026-03-05,17:23:12,Carregador-Apple-RPH448,188.65
2026-09-11,19:57:42,TV-Huawei-WEO459,122.77
2026-04-13,00:44:48,Consola-Microsoft-ERM031,529.03
2026-03-02,05:33:36,Monitor-Razer-RLS710,23.95
2026-04-14,05:10:55,Laptop-Samsung-ZKK311,529.03
2026-02-26,12:44:00,Rato-Alienware-EIK660,836.47
2026-01-05,04:36:45,Rato-Samsung-QCV545,814.51
2026-04-06,12:23:16,Coluna-Dell-PHT828,869.41
2026-10-06,22:21:48,Headphones-Xiaomi-URE233,1.99
2026-10-11,05:46:56,Impressora-Alienware-ZXF851,232.57
2026-07-11,23:24:28,Motherboard-Razer-JBL430,111.79
2026-06-27,00:55:51,Processador-Apple-LDV629,56.89
2026-10-07,01:35:12,Headphones-Amazon-JPW150,23.95
2026-01-21,18:08:29,Motherboard-Lenovo-VPV457,177.67
2026-06-02,20:28:00,Smartphone-Samsung-ORF487,364.33
2026-05-20,12:30:32,Monitor-Dell-OBL376,276.49
2026-08-18,23:41:26,CaboUSB-Motorola-OPT983,375.31
2026-08-27,22:10:46,CaboUSB-MSI-TAI452,100.81
2026-11-19,11:57:09,Camera-Apple-ZCU403,1.99
2026-05-18,02:32:05,Laptop-Sony-NLY003,56.89
2026-04-21,00:28:42,Tablet-Corsair-PSJ066,100.81
2026-03-05,20:49:04,Router-Acer-VLW214,100.81
2026-06-05,11:36:10,Laptop-Microsoft-NKB869,221.59
2026-12-06,09:25:36,CaboUSB-Microsoft-OSP245,715.69
2026-11-15,13:14:25,Rato-Microsoft-JXT438,232.57
2026-01-10,17:36:00,Monitor-Acer-VFS511,1.99
2026-10-12,09:35:42,Motherboard-Nokia-MWB140,12.97
2026-05-22,10:08:04,Headphones-AMD-UYA020,56.89
2026-02-20,16:00:28,MemoriaRAM-Logitech-YCO344,23.95
2026-09-02,20:04:00,Microfone-Xiaomi-BKK546,89.83
2026-11-15,22:41:20,MemoriaRAM-Google-XHC652,397.27
2026-02-18,11:29:20,Router-Huawei-QCE729,45.91
2026-07-22,07:57:56,Teclado-Gigabyte-FFP577,891.37
2026-10-18,14:29:20,TV-Amazon-AEQ579,331.39
2026-09-07,21:49:44,Coluna-HP-UWJ618,133.75
2026-01-06,08:09:09,Headphones-Logitech-TNW011,23.95
2026-08-08,12:25:06,Gamepad-Amazon-JST864,100.81
2026-11-24,12:52:36,Camera-Apple-QTC268,177.67
2026-12-23,21:06:00,MemoriaRAM-Microsoft-YEW827,682.75
2026-05-21,12:12:30,DiscoSSD-Nokia-QOG986,430.21
2026-05-04,08:20:00,DiscoSSD-Acer-FWT847,23.95
2026-09-15,08:16:16,Microfone-Logitech-KGF126,111.79
2026-02-04,21:15:03,Impressora-Google-KIA574,188.65
2026-03-24,07:00:16,Smartwatch-LG-NCW882,122.77
2026-09-21,13:12:20,Smartwatch-Dell-PGF230,166.69
2026-04-01,21:23:00,Smartwatch-Nvidia-QWX890,210.61
2026-03-22,08:46:52,Coluna-Asus-URU630,56.89
2026-10-24,02:06:54,DiscoSSD-Intel-OVE107,847.45
2026-09-28,16:21:12,Gamepad-AMD-GYK956,45.91
2026-08-14,01:12:32,Monitor-Apple-ZPI082,221.59
2026-04-26,21:53:20,Motherboard-Google-KYD265,298.45
2026-03-07,12:51:58,Drone-Gigabyte-GGQ577,67.87
2026-07-06,11:09:52,PlacaGrafica-Alienware-UID287,34.93
2026-03-17,08:30:16,Coluna-Motorola-GKY745,353.35
2026-04-03,20:23:18,Gamepad-Intel-XZP792,430.21
2026-04-19,15:03:20,Monitor-HP-EMD439,23.95
2026-09-16,14:46:06,Headphones-Microsoft-UPP553,386.29
2026-02-26,09:48:43,CaboUSB-Motorola-SCA594,12.97
2026-04-22,08:52:30,Laptop-Acer-EPK985,419.23
2026-02-22,06:29:20,Carregador-Dell-DID607,463.15
2026-03-19,03:32:19,Headphones-Logitech-ZIA698,199.63
2026-01-07,06:12:30,Headphones-LG-BFR248,56.89
2026-12-05,03:25:54,Gamepad-Razer-MKU752,507.07
2026-10-12,13:34:12,TV-Dell-KPV301,56.89
2026-08-19,09:24:20,Drone-Alienware-PST904,693.73
2026-11-10,05:33:29,Router-Dell-AES444,144.73
2026-07-05,16:31:56,Gamepad-Nokia-LQY219,518.05
2026-02-10,20:47:27,Tablet-Samsung-URU825,430.21
2026-05-24,20:13:41,Projetor-Logitech-EDZ567,34.93
2026-01-23,14:31:54,PlacaGrafica-Nokia-HTS104,386.29
2026-09-05,11:13:33,Smartwatch-Intel-LDP099,188.65
2026-03-16,22:24:58,Gamepad-Alienware-QBS615,188.65
2026-04-21,20:51:36,Laptop-Corsair-MDH235,276.49
2026-08-27,18:07:44,MemoriaRAM-Intel-CFH728,759.61
2026-05-21,23:00:00,Projetor-Xiaomi-TXL523,847.45
2026-11-20,01:46:48,Carregador-Google-PEL604,309.43
2026-02-15,22:22:03,Gamepad-Gigabyte-IMZ449,880.39
2026-03-16,21:13:38,Carregador-Sony-LYM418,210.61
2026-10-02,02:42:57,CaboUSB-Samsung-UDP194,561.97
2026-03-04,04:39:18,MemoriaRAM-Xiaomi-ZRS188,627.85
2026-10-24,03:02:06,Router-Dell-SDA616,45.91
2026-07-14,11:49:36,Rato-Nokia-STR721,155.71
2026-03-13,11:42:51,Router-Alienware-OXA454,122.77
2026-06-24,17:32:58,Gamepad-Apple-JHI188,133.75
2026-12-13,08:16:00,Microfone-Asus-BPJ232,23.95
2026-04-26,07:16:12,Motherboard-Asus-JMR223,100.81
2026-03-07,05:40:03,CaboUSB-HP-JFP103,353.35
2026-04-26,20:58:07,Monitor-Logitech-ALL276,45.91
2026-11-20,11:42:01,Headphones-Acer-JPR093,825.49
2026-11-24,23:40:54,Microfone-AMD-ETW499,847.45
2026-10-28,05:35:12,Headphones-Razer-AXH360,529.03
2026-10-20,23:27:30,Monitor-Microsoft-SQZ038,1.99
2026-11-13,04:34:37,Consola-Motorola-VMM441,540.01
2026-11-02,02:59:00,Smartwatch-Logitech-ZWC973,463.15
2026-05-10,13:48:26,Router-Google-PLD280,177.67
2026-05-13,04:43:42,Monitor-Intel-SVE776,56.89
2026-11-13,02:44:40,MemoriaRAM-AMD-GNF527,12.97
2026-12-26,18:00:50,PlacaGrafica-Google-BCC964,34.93
2026-02-22,21:22:36,Consola-Asus-GYO927,177.67
2026-01-04,04:35:26,Consola-Nvidia-HBW197,188.65
2026-09-17,22:30:22,Teclado-Razer-UQD054,693.73
2026-06-25,13:42:18,DiscoSSD-Microsoft-APO952,122.77
2026-06-21,20:07:00,Smartphone-Sony-KMW259,265.51
2026-07-16,20:53:09,Tablet-Huawei-ZLE136,210.61
2026-05-25,20:57:27,Coluna-LG-QLO709,122.77
2026-06-25,02:24:22,Gamepad-Acer-BCT536,34.93
2026-08-12,02:32:16,Projetor-Microsoft-YLJ212,155.71
2026-05-26,03:13:48,Drone-Dell-KVV441,342.37
2026-05-25,02:48:35,Carregador-Apple-DUA304,276.49
2026-03-27,13:42:36,MemoriaRAM-Motorola-FGR240,144.73
2026-05-24,19:39:09,Rato-Samsung-TJA260,386.29
2026-12-19,16:37:52,Impressora-Corsair-UBA685,78.85
2026-07-10,04:20:51,Headphones-Apple-RZJ091,67.87
2026-06-23,08:29:41,Tablet-HP-RKB616,34.93
2026-12-06,03:38:00,Smartwatch-Google-AHU573,375.31
2026-07-24,04:43:40,Smartwatch-HP-YEN776,34.93
2026-06-08,20:50:46,Projetor-Lenovo-OJP176,23.95
2026-03-11,05:36:18,PlacaGrafica-Gigabyte-EHG261,638.83
2026-12-15,17:29:39,MemoriaRAM-Nvidia-DWJ469,67.87
2026-12-06,02:56:32,Headphones-Nvidia-QUN777,23.95
2026-11-26,05:32:15,Coluna-Intel-WTX005,155.71
2026-07-01,21:18:11,Coluna-Intel-TTT329,34.93
2026-04-22,11:52:16,Coluna-MSI-KUL367,45.91
2026-09-10,15:32:40,Smartphone-HP-BJW539,144.73
2026-07-20,23:07:39,Laptop-Google-HUU073,155.71
2026-02-12,17:27:10,PlacaGrafica-Razer-FLP067,34.93
2026-04-14,14:25:00,Monitor-Huawei-DRJ549,144.73
2026-03-13,09:30:50,TV-Apple-DPO989,177.67
2026-05-16,05:23:42,Projetor-Razer-MQB160,100.81
2026-03-09,17:11:27,Tablet-Alienware-NVQ531,583.93
2026-12-09,07:13:06,Consola-Motorola-IWZ098,287.47
2026-01-04,16:49:36,Microfone-AMD-ONB079,287.47
2026-09-28,06:00:00,Consola-LG-ZKC766,375.31
2026-02-07,14:19:12,Smartwatch-Xiaomi-NMK978,825.49
2026-09-05,01:26:00,Smartphone-Amazon-MBN743,221.59
2026-03-03,03:20:51,Impressora-Apple-NEZ382,1001.17
2026-07-12,14:37:45,Drone-Dell-OFD579,496.09
2026-03-01,18:13:12,Monitor-Sony-YDC109,243.55
2026-08-12,11:17:00,MemoriaRAM-Google-OLY450,67.87
2026-12-23,15:46:00,TV-Nokia-ARX531,518.05
2026-09-23,20:50:56,Consola-Google-CHY317,408.25
2026-11-22,23:17:30,Motherboard-Huawei-AFO893,177.67
2026-10-02,07:43:00,Headphones-Sony-IYZ448,1.99
2026-11-27,17:39:45,Impressora-Corsair-CED090,210.61
2026-02-25,23:55:03,Coluna-Sony-XQK209,529.03
2026-11-18,18:14:24,Coluna-Logitech-ORB593,221.59
2026-10-04,22:33:02,PlacaGrafica-MSI-VHL110,408.25
2026-12-04,09:12:09,Camera-Apple-OQK630,122.77
2026-05-14,14:56:44,Gamepad-Nvidia-IUW645,353.35
2026-09-30,22:50:20,MemoriaRAM-Gigabyte-DCZ006,155.71
2026-02-27,01:47:34,Smartphone-Acer-PSN861,210.61
2026-04-28,14:51:35,Gamepad-Logitech-CGF785,188.65
2026-07-18,22:32:57,Tablet-Alienware-KVD587,375.31
2026-10-12,22:55:39,Router-Sony-LCX454,243.55
2026-09-06,21:17:05,Coluna-Nvidia-SOT901,715.69
2026-11-12,08:15:59,Teclado-Gigabyte-DJZ775,34.93
2026-02-28,15:04:10,PlacaGrafica-LG-DLU991,583.93
2026-07-12,20:34:42,Consola-Intel-LPF772,298.45
2026-02-25,22:13:36,PlacaGrafica-Gigabyte-ZTL823,56.89
2026-01-21,10:17:48,Processador-Acer-QGE178,243.55
2026-08-20,23:11:15,Laptop-Nokia-HRY173,23.95
2026-06-04,18:18:40,MemoriaRAM-Intel-FDE957,276.49
2026-12-04,10:58:44,Gamepad-Gigabyte-EYG801,23.95
2026-07-06,20:17:15,Smartwatch-Corsair-ZRR218,34.93
2026-03-24,19:24:21,Microfone-Samsung-RND236,78.85
2026-06-06,20:33:33,MemoriaRAM-Alienware-TYM442,221.59
2026-12-25,18:48:05,DiscoSSD-Acer-JBD935,177.67
2026-06-10,03:24:00,Smartphone-AMD-PVB011,276.49
2026-10-17,16:22:38,Smartwatch-MSI-FCC131,210.61
2026-04-02,02:36:20,CaboUSB-AMD-BTC338,1.99
2026-06-03,07:35:15,Smartphone-Alienware-ANX503,1.99
2026-02-16,02:02:24,Laptop-Microsoft-NUL796,111.79
2026-10-09,12:42:54,Teclado-Motorola-COH053,34.93
2026-09-12,00:09:09,PlacaGrafica-Asus-SKL561,243.55
2026-02-03,19:17:07,Microfone-Apple-OGO240,561.97
2026-07-09,20:01:36,Drone-Dell-OTT322,331.39
2026-08-04,04:08:00,Smartphone-Microsoft-OOI721,232.57
2026-03-04,01:07:45,Impressora-Motorola-EZJ109,1.99
2026-02-11,16:37:39,Consola-Huawei-ZSL031,254.53
2026-07-09,22:39:30,Camera-Google-DQH201,518.05
2026-06-23,16:22:52,Smartwatch-Xiaomi-MHM214,1.99
2026-02-20,13:39:44,CaboUSB-Alienware-ERY755,144.73
2026-05-23,07:56:20,TV-Sony-TJJ992,397.27
2026-12-31,18:00:45,Rato-AMD-EQS456,34.93
2026-08-21,15:50:28,Coluna-Acer-UNP845,12.97
2026-01-23,02:57:12,Carregador-Acer-YEO646,452.17
2026-09-15,02:36:00,TV-Sony-EJN920,605.89
2026-03-15,07:09:36,Monitor-Huawei-LTJ505,45.91
2026-04-24,19:43:45,Headphones-Nvidia-FOI262,166.69
2026-10-19,15:51:42,Processador-Amazon-UYP942,550.99
2026-05-08,14:12:40,Camera-HP-SKU985,45.91
2026-04-25,22:05:24,Smartphone-Huawei-CXZ800,441.19
2026-10-10,23:48:30,Impressora-Samsung-DUA717,441.19
2026-09-18,12:35:10,TV-Samsung-NDA331,254.53
2026-09-26,20:57:55,MemoriaRAM-Alienware-HUK151,45.91
2026-08-12,00:18:10,Monitor-Amazon-QZB846,452.17
2026-09-25,03:32:25,Smartwatch-Acer-TFA384,781.57
2026-02-28,13:51:31,Coluna-Amazon-AIK538,441.19
2026-09-17,12:01:52,CaboUSB-Dell-UKC784,177.67
2026-07-28,14:50:20,Monitor-Microsoft-SSK105,496.09
2026-11-08,10:55:28,Microfone-Samsung-IJC767,188.65
2026-12-22,04:58:40,Projetor-Lenovo-DAI789,342.37
2026-09-24,23:05:04,Laptop-AMD-LJC074,12.97
2026-01-14,09:42:47,Router-Microsoft-SSB012,12.97
2026-08-25,09:19:30,TV-MSI-WUA577,254.53
2026-01-07,19:22:25,Teclado-HP-OFV207,748.63
2026-08-24,18:12:06,Monitor-Xiaomi-EEJ746,177.67
2026-05-18,14:53:04,Gamepad-Acer-PMP592,880.39
2026-10-10,02:17:56,Microfone-LG-HPJ354,232.57
2026-07-28,06:31:40,Router-Logitech-EWG821,210.61
2026-06-09,09:06:00,Motherboard-Sony-YGK328,463.15
2026-06-24,09:44:50,Processador-Motorola-CLP190,122.77
2026-05-13,10:31:40,Headphones-Gigabyte-XEB638,342.37
2026-10-14,09:16:50,Rato-HP-CDB923,243.55
2026-01-18,18:35:30,Microfone-Razer-PWU534,507.07
2026-08-11,02:13:20,Camera-LG-LYB566,627.85
2026-11-21,22:54:44,Motherboard-Amazon-LPR190,199.63
2026-02-10,08:01:40,PlacaGrafica-AMD-AZY115,45.91
2026-07-19,18:14:48,Carregador-Razer-ZFO854,100.81
2026-08-25,12:58:52,DiscoSSD-AMD-RIX528,671.77
2026-07-01,11:42:52,PlacaGrafica-Acer-PEQ482,408.25
2026-08-02,18:29:15,DiscoSSD-Nvidia-VEL109,1023.13
2026-06-19,22:46:05,Processador-Acer-HMV612,891.37
2026-08-07,17:08:37,Gamepad-Google-INU080,1.99
2026-08-27,10:03:36,Microfone-Dell-XAM851,682.75
2026-01-02,21:33:20,Teclado-Nokia-MBS664,265.51
2026-11-01,07:46:10,PlacaGrafica-HP-ZYZ942,144.73
2026-04-27,04:01:18,CaboUSB-Apple-FGT217,1.99
2026-09-05,03:23:36,CaboUSB-Razer-EED146,1.99
2026-04-22,00:27:18,TV-Alienware-MJY795,1.99
2026-10-24,20:46:08,Carregador-Lenovo-ORY842,375.31
2026-06-15,21:25:48,Projetor-Logitech-DNP861,155.71
2026-04-09,10:29:52,Teclado-Razer-RLU641,199.63
2026-04-17,12:25:06,DiscoSSD-Razer-OMK987,572.95
2026-07-21,01:41:28,Impressora-Google-JIA247,199.63
2026-12-09,21:58:04,TV-Microsoft-IDN959,221.59
2026-04-08,02:04:00,Smartwatch-Acer-BNY729,89.83
2026-12-22,22:46:04,Impressora-Corsair-MDV684,320.41
2026-03-07,09:52:48,Projetor-Samsung-AFV913,89.83
2026-02-26,20:19:01,Projetor-Intel-GGX595,1.99
2026-08-25,03:01:28,Coluna-HP-DBL514,12.97
2026-05-19,04:27:34,PlacaGrafica-Samsung-FUV129,23.95
2026-01-22,12:30:52,Smartphone-Dell-JZD546,419.23
2026-12-07,03:35:40,Smartphone-Nokia-CAF530,792.55
2026-09-20,05:25:54,Projetor-Nvidia-HIL742,34.93
2026-01-25,11:57:27,MemoriaRAM-Huawei-THT791,12.97
2026-01-24,07:01:32,PlacaGrafica-Acer-VOI154,353.35
2026-12-23,09:10:48,Camera-Alienware-CYP204,12.97
2026-03-14,06:09:54,Router-Nvidia-IOM491,463.15
2026-01-01,02:12:48,Impressora-Apple-TFK449,155.71
2026-01-21,01:50:24,TV-Microsoft-BPR946,298.45
2026-08-01,14:02:12,Processador-AMD-KXH738,759.61
2026-04-13,07:14:26,Smartphone-Dell-DCS038,583.93
2026-01-30,18:02:11,Consola-Acer-GHQ746,177.67
2026-03-12,08:42:18,Headphones-Nokia-GNE747,287.47
2026-01-23,17:16:16,Teclado-Nokia-RYE532,56.89
2026-04-11,11:37:45,Monitor-Google-UEL281,507.07
2026-12-10,03:18:00,Smartwatch-Alienware-WOS223,78.85
2026-01-16,11:03:20,Gamepad-Gigabyte-MHX142,23.95
2026-09-17,20:17:42,Camera-Samsung-PDC681,243.55
2026-06-06,04:55:10,Projetor-Microsoft-RKL316,342.37
2026-01-01,03:59:00,Rato-Acer-HCX528,23.95
2026-07-03,14:29:18,DiscoSSD-LG-JCA485,1.99
2026-07-06,18:48:16,Router-Logitech-DCK233,122.77
2026-08-04,18:56:01,Processador-AMD-PZH567,67.87
2026-12-11,04:32:24,Microfone-Alienware-CQT143,56.89
2026-07-26,23:54:56,CaboUSB-Google-ZDX402,89.83
2026-02-17,14:51:08,Monitor-AMD-HBS269,111.79
2026-12-12,07:08:06,Drone-Asus-GXH707,375.31
2026-11-03,04:03:40,Smartwatch-LG-WBH619,375.31
2026-10-13,02:01:04,CaboUSB-Razer-RPP532,177.67
2026-09-03,04:17:56,DiscoSSD-Logitech-BGB395,320.41
2026-06-05,03:41:51,Projetor-Lenovo-LCI152,144.73
2026-01-14,16:46:08,Camera-Logitech-WAA471,78.85
2026-11-23,05:50:25,Projetor-Asus-MQP119,111.79
2026-08-04,00:00:30,Headphones-Intel-TSS972,990.19
2026-01-04,21:58:00,DiscoSSD-Sony-GJE260,693.73
2026-10-26,01:45:24,Processador-LG-EKP806,34.93
2026-09-15,10:12:22,Headphones-Lenovo-TOG743,353.35
2026-12-26,05:05:54,PlacaGrafica-LG-FUS198,254.53
2026-06-21,11:12:00,Camera-Nvidia-EUH649,1.99
2026-07-01,10:59:00,Projetor-Razer-UIW759,166.69
2026-03-28,18:07:28,Camera-Intel-VUR144,221.59
2026-08-19,22:16:51,Consola-HP-OQN051,12.97
2026-07-04,10:51:00,Consola-Amazon-QAW197,45.91
2026-09-28,01:46:30,Drone-Intel-SJS444,144.73
2026-03-08,17:50:54,Consola-HP-FCM251,56.89
2026-12-13,01:44:57,Router-Google-CMZ669,924.31
2026-01-04,20:43:22,Coluna-Google-HTN242,616.87
2026-08-16,00:48:18,Rato-HP-ZUK521,199.63
2026-01-28,17:53:55,Motherboard-Nokia-VWJ276,704.71
2026-06-28,09:10:20,Motherboard-Alienware-PJR061,1.99
2026-12-24,11:51:06,PlacaGrafica-Microsoft-EYK213,320.41
2026-04-08,18:11:20,PlacaGrafica-Apple-JCA532,188.65
2026-12-15,15:54:45,TV-LG-TKC086,133.75
2026-12-14,00:08:25,MemoriaRAM-AMD-TZF077,89.83
2026-05-14,06:13:39,Monitor-Corsair-FDT732,419.23
2026-02-26,10:57:40,Drone-Corsair-VIC716,78.85
2026-12-22,18:44:06,Carregador-Corsair-NWU538,188.65
2026-09-08,19:55:00,Carregador-Logitech-HGR478,287.47
2026-09-08,15:15:00,Headphones-HP-QWB283,463.15
2026-04-26,13:06:00,Projetor-Alienware-USE179,529.03
2026-09-28,22:34:29,Impressora-Lenovo-YLA228,452.17
2026-01-26,13:53:24,Tablet-Razer-RNT274,23.95
2026-01-23,15:03:36,Router-Sony-KYI694,968.23
2026-08-02,00:40:38,Headphones-Alienware-RQL192,221.59
2026-10-27,05:40:26,MemoriaRAM-Huawei-NET583,419.23
2026-08-19,22:26:22,Tablet-LG-CFF820,45.91
2026-05-07,00:02:00,TV-Nvidia-MCJ739,1.99
2026-01-23,07:13:03,Impressora-Corsair-PDF751,364.33
2026-11-18,21:25:00,Motherboard-Nokia-LVL562,188.65
2026-08-13,19:58:42,TV-LG-MXB626,1.99
2026-02-10,13:44:30,Teclado-Lenovo-AEZ027,320.41
2026-12-18,16:53:36,Tablet-Nokia-VHM125,452.17
2026-02-08,13:29:45,Drone-Microsoft-KIV989,89.83
2026-01-20,04:39:26,Rato-Intel-YGL071,1.99
2026-11-18,09:22:52,Tablet-Motorola-IHY154,1.99
2026-02-14,07:55:12,Tablet-Gigabyte-GSM162,133.75
2026-01-24,16:31:00,Headphones-MSI-XKZ848,45.91
2026-09-17,16:50:20,Carregador-LG-VXO799,210.61
2026-04-12,17:02:54,Camera-Acer-UHA263,572.95
2026-03-08,17:57:30,Teclado-Samsung-NRX373,34.93
2026-10-07,04:06:02,Rato-Microsoft-NHC827,89.83
2026-09-05,18:00:00,Processador-Microsoft-BLI097,638.83
2026-09-19,19:06:00,Motherboard-Sony-JBY118,188.65
2026-03-10,22:58:05,Camera-Asus-NYH525,166.69
2026-08-05,23:59:22,Motherboard-Sony-VSJ392,221.59
2026-06-13,12:03:42,Router-MSI-RZI138,133.75
2026-08-12,06:02:51,Carregador-Dell-DUD029,463.15
2026-11-07,01:13:42,Smartwatch-Amazon-OWQ550,122.77
2026-11-10,18:08:43,Gamepad-Intel-WQD681,1.99
2026-01-25,00:48:36,Coluna-Lenovo-ANZ460,1.99
2026-06-15,12:13:57,Projetor-Lenovo-EVE613,122.77
2026-06-04,03:39:50,Smartphone-Razer-LJI760,199.63
2026-11-08,03:46:12,Gamepad-Sony-ORC726,627.85
2026-04-19,23:36:48,Coluna-Corsair-VSX113,111.79
2026-09-09,13:10:35,Smartwatch-Asus-WHM400,825.49
2026-11-12,12:56:54,Router-Acer-KBR704,12.97
2026-12-24,07:21:37,Gamepad-Google-HFQ529,463.15
2026-03-08,17:37:30,Monitor-Sony-CVF834,122.77
2026-06-18,22:42:56,Coluna-Razer-EXV140,408.25
2026-10-11,07:02:13,Rato-Intel-GRI174,529.03
2026-08-11,22:58:00,Coluna-HP-PZZ495,199.63
2026-11-14,10:23:38,Impressora-Acer-FTE761,67.87
2026-11-21,20:52:52,Drone-Intel-SEX609,56.89
2026-12-27,07:28:12,Carregador-HP-LES315,397.27
2026-07-06,00:50:05,TV-Lenovo-HQB900,298.45
2026-04-08,01:14:32,Smartwatch-Microsoft-DLM054,671.77
2026-03-25,20:17:54,Smartphone-Lenovo-JCG009,199.63
2026-02-12,21:04:21,Tablet-Dell-MWB312,254.53
2026-08-17,12:29:42,Smartwatch-Dell-CCY478,232.57
2026-12-24,17:08:30,Processador-Samsung-YYT497,627.85
2026-10-09,09:29:49,Impressora-Dell-IUD883,419.23
2026-12-10,18:52:41,Gamepad-Dell-ARM621,122.77
2026-12-11,05:11:18,Smartwatch-Lenovo-KFE216,540.01
2026-01-07,00:28:12,Microfone-MSI-RAW887,56.89
2026-09-02,01:35:06,DiscoSSD-Intel-SSB851,56.89
2026-06-01,00:20:08,Microfone-Apple-SEL604,561.97
2026-09-02,14:59:15,Monitor-Motorola-SLS442,1.99
2026-12-22,01:07:39,DiscoSSD-Corsair-BRU027,276.49
2026-06-02,22:17:08,Microfone-HP-LZQ158,23.95
2026-02-09,12:03:20,MemoriaRAM-Nokia-HEP129,111.79
2026-09-28,02:55:13,PlacaGrafica-Dell-TWE127,331.39
2026-09-12,20:10:40,MemoriaRAM-Logitech-KOA695,34.93
2026-07-01,08:08:12,Gamepad-Amazon-NMW195,353.35
2026-01-05,05:48:43,MemoriaRAM-Corsair-BHX769,759.61
2026-08-05,18:16:48,Smartphone-Google-XPQ618,67.87
2026-07-21,11:12:48,Camera-Gigabyte-KKF213,155.71
2026-12-02,01:57:30,Tablet-Amazon-JNN827,408.25
2026-02-09,03:09:43,Smartphone-Asus-EKJ601,353.35
2026-09-28,07:22:30,CaboUSB-Apple-SFG669,12.97
2026-07-05,16:05:15,TV-HP-MHG437,419.23
2026-05-12,10:18:32,Smartphone-Gigabyte-BEI055,188.65
2026-06-02,11:05:40,Carregador-Dell-XHX567,221.59
2026-08-21,18:24:00,Motherboard-Amazon-WRX639,111.79
2026-07-05,05:52:16,Drone-Corsair-YUU180,78.85
2026-07-22,14:55:02,Drone-Nokia-LMG194,902.35
2026-09-22,22:22:24,Consola-Dell-INW854,265.51
2026-01-06,23:05:00,Microfone-Alienware-FGF545,122.77
2026-01-18,18:28:45,Drone-Samsung-NUQ167,375.31
2026-08-05,07:52:12,PlacaGrafica-MSI-EMZ582,166.69
2026-06-23,09:36:56,Microfone-Amazon-SPM694,298.45
2026-08-15,09:01:08,Router-Motorola-ZLV954,210.61
2026-05-19,19:09:20,Microfone-Nokia-NMN793,67.87
2026-03-16,03:33:51,DiscoSSD-Amazon-OTY435,265.51
2026-10-02,10:43:00,Microfone-Microsoft-ZYR655,12.97
2026-12-16,04:48:08,PlacaGrafica-Samsung-ZZI473,1.99
2026-07-13,04:55:51,Drone-Razer-NRQ767,210.61
2026-12-06,13:00:54,Router-MSI-MHT522,100.81
2026-04-08,08:30:00,Gamepad-Asus-JGW416,309.43
2026-01-27,22:54:20,TV-AMD-YFN060,100.81
2026-07-16,16:02:00,Rato-Acer-OKU617,100.81
2026-08-05,07:02:12,Camera-Asus-KMX825,836.47
2026-12-04,19:57:18,Motherboard-MSI-BDT829,913.33
2026-04-10,06:25:37,Carregador-Nokia-XZT844,1.99
2026-07-30,01:45:24,Headphones-Asus-GPW108,56.89
2026-02-11,06:57:20,CaboUSB-AMD-FAJ632,540.01
2026-01-03,11:50:42,Impressora-Xiaomi-LJF933,144.73
2026-10-18,13:26:32,Microfone-Google-ZDH485,210.61
2026-04-19,01:17:10,Drone-Xiaomi-VVY182,45.91
2026-09-11,03:04:32,Laptop-Intel-RRV183,133.75
2026-07-14,01:56:15,Motherboard-Motorola-MQQ334,177.67
2026-04-09,12:25:20,Consola-Nvidia-OHF584,100.81
2026-12-20,00:23:48,Projetor-Gigabyte-NNL379,485.11
2026-06-09,14:03:06,MemoriaRAM-Corsair-CZO987,474.13
2026-03-16,17:48:24,Drone-Logitech-UBE582,353.35
2026-02-08,23:12:10,PlacaGrafica-Microsoft-LTB404,287.47
2026-05-26,17:00:00,Rato-Samsung-WBD419,485.11
2026-04-28,08:01:09,PlacaGrafica-Corsair-YQI449,375.31
2026-05-26,21:30:20,Drone-Alienware-DLL268,166.69
2026-08-09,07:22:10,Coluna-Logitech-OGY030,693.73
2026-03-18,01:49:30,Microfone-Razer-DCV430,781.57
2026-06-17,08:25:33,DiscoSSD-Asus-VXN662,177.67
2026-06-14,07:06:56,Consola-Alienware-VFU986,67.87
2026-07-02,11:41:42,Microfone-Sony-NPK814,561.97
2026-03-17,04:17:20,Gamepad-Alienware-KGP990,122.77
2026-04-02,02:03:22,Projetor-Huawei-VWK793,23.95
2026-06-11,20:21:00,Camera-LG-BGC835,287.47
2026-04-24,20:09:45,Teclado-Intel-GLP323,89.83
2026-06-04,19:23:47,TV-Corsair-JYJ118,188.65
2026-05-12,22:32:34,MemoriaRAM-Acer-JGZ476,56.89
2026-07-25,09:59:53,Monitor-Alienware-YYY783,12.97
2026-01-24,03:30:26,Consola-Motorola-XQP590,45.91
2026-11-21,20:40:09,Gamepad-Xiaomi-XAQ521,342.37
2026-11-21,12:05:15,Laptop-MSI-XUY350,518.05
2026-08-23,19:42:00,Impressora-Amazon-DKZ575,649.81
2026-06-17,23:21:04,Headphones-Samsung-JSU000,660.79
2026-06-12,05:45:00,Impressora-Sony-KGP002,45.91
2026-01-26,03:38:00,CaboUSB-Microsoft-GTA821,144.73
2026-03-09,13:16:00,Impressora-Nokia-WSV951,605.89
2026-09-05,13:28:05,Coluna-Lenovo-NBC482,67.87
2026-10-20,00:53:25,Motherboard-Samsung-ACL245,34.93
2026-04-06,06:10:20,Consola-Logitech-BDB887,605.89
2026-01-21,09:44:42,Router-Samsung-QJK308,496.09
2026-09-11,22:08:20,Smartwatch-AMD-DSM162,78.85
2026-11-19,08:37:38,Projetor-Lenovo-VFM546,100.81
2026-08-27,15:30:00,Motherboard-Nokia-CDB436,298.45
2026-07-12,13:22:22,Motherboard-Razer-IBY278,693.73
2026-09-16,20:47:34,Laptop-Xiaomi-LIR203,309.43
2026-01-16,01:27:03,Gamepad-Razer-OBA426,737.65
2026-04-03,13:47:20,Carregador-Nvidia-XZN828,375.31
2026-10-16,13:07:18,Tablet-Acer-EUK822,704.71
2026-09-17,18:14:36,CaboUSB-Alienware-VBI261,979.21
2026-03-28,04:30:48,Headphones-Microsoft-PUN436,452.17
2026-04-02,07:38:35,Smartwatch-Sony-EWY082,166.69
2026-06-10,04:55:30,Gamepad-Corsair-HBQ182,364.33
2026-06-17,05:58:30,Motherboard-Google-RCJ925,45.91
2026-11-01,07:07:00,Laptop-Gigabyte-WZO752,298.45
2026-01-10,12:16:45,Impressora-Microsoft-JEY729,869.41
2026-05-24,20:39:08,Camera-Samsung-ZTU253,529.03
2026-05-06,06:12:56,Projetor-Google-CCL670,232.57
2026-01-17,17:39:56,CaboUSB-Logitech-AKH229,309.43
2026-11-04,23:02:24,Processador-Xiaomi-YVZ431,1.99
2026-09-21,16:26:33,TV-Dell-OXQ151,529.03
2026-06-03,09:56:12,CaboUSB-Intel-ZUO511,210.61
2026-05-18,11:46:00,CaboUSB-Asus-ETL415,463.15
2026-09-08,08:29:30,Smartphone-Nvidia-MYM288,386.29
2026-07-14,22:40:24,MemoriaRAM-Gigabyte-STO298,188.65
2026-10-22,00:43:58,MemoriaRAM-Huawei-FNX548,188.65
2026-12-21,05:31:34,Carregador-Xiaomi-HJU918,649.81
2026-03-13,00:48:00,Carregador-Asus-RWS595,188.65
2026-08-21,07:11:12,Tablet-Amazon-HGC556,23.95
2026-08-12,20:55:20,MemoriaRAM-Asus-YUY381,232.57
2026-12-01,15:09:32,Carregador-Apple-RNX444,67.87
2026-01-11,01:45:48,Drone-HP-GVX851,78.85
2026-03-13,10:48:00,Gamepad-Apple-UAR768,397.27
2026-06-04,08:36:49,Smartwatch-Samsung-BRT224,540.01
2026-10-21,14:47:12,Projetor-Amazon-UYN380,210.61
2026-03-06,02:10:48,Headphones-Acer-DYE546,540.01
2026-10-05,06:48:45,TV-Amazon-IFI967,12.97
2026-03-16,02:44:12,Motherboard-Amazon-QHY970,748.63
2026-10-19,16:52:32,Microfone-Apple-XTF559,1.99
2026-03-10,01:26:33,Motherboard-LG-YNU272,122.77
2026-10-14,12:36:12,Microfone-Alienware-LCN998,45.91
2026-02-11,01:07:30,Consola-Acer-WLF573,100.81
2026-07-08,04:29:18,TV-Huawei-DHM662,331.39
2026-02-22,05:36:25,Consola-Razer-VPI157,188.65
2026-02-15,02:34:20,Smartwatch-Nokia-MKD896,265.51
2026-12-17,13:00:45,MemoriaRAM-Google-DNS816,671.77
2026-08-22,04:52:58,Teclado-Xiaomi-ZNV774,254.53
2026-05-04,08:23:54,Carregador-Sony-VYL592,111.79
2026-01-03,04:40:12,DiscoSSD-Amazon-XUO107,715.69
2026-07-02,03:32:02,Camera-Apple-DZO170,375.31
2026-09-21,23:42:55,Microfone-Alienware-VCQ825,144.73
2026-05-13,22:21:40,Laptop-AMD-WWG344,177.67
2026-02-28,15:54:56,Camera-AMD-OAZ164,1.99
2026-05-15,18:56:38,Rato-Logitech-VUQ651,12.97
2026-03-16,16:23:10,CaboUSB-LG-RKZ468,408.25
2026-06-08,04:41:44,Processador-Logitech-NMC986,364.33
2026-06-22,04:37:01,Smartphone-Alienware-KTA951,298.45
2026-01-06,02:21:47,Microfone-Logitech-ADJ640,583.93
2026-04-20,09:30:29,Motherboard-Corsair-TLZ541,12.97
2026-10-12,21:52:48,Teclado-Huawei-BMK154,78.85
2026-09-08,13:11:12,Gamepad-Alienware-SYB143,199.63
2026-07-22,19:43:48,Router-Gigabyte-ZXT359,56.89
2026-06-03,10:35:30,Teclado-Nokia-QMI810,199.63
2026-07-08,09:39:20,Smartphone-Asus-KNC525,254.53
2026-09-09,05:32:00,Carregador-AMD-CYS635,265.51
2026-08-04,05:45:04,MemoriaRAM-LG-OLP239,89.83
2026-12-19,11:16:20,Router-Alienware-IRO796,836.47
2026-08-03,11:42:38,Monitor-Corsair-MDQ428,199.63
2026-10-10,10:12:48,MemoriaRAM-Gigabyte-DSR026,100.81
2026-04-13,20:04:36,Tablet-Nvidia-FIW869,507.07
2026-01-01,06:08:48,Consola-Samsung-SEO689,627.85
2026-06-12,21:06:26,Coluna-Microsoft-KOJ049,89.83
2026-02-02,18:51:04,PlacaGrafica-Acer-ILS498,23.95
2026-06-06,03:04:28,Projetor-HP-RKA824,309.43
2026-04-21,21:26:40,Projetor-Nvidia-VEH737,638.83
2026-03-03,06:05:33,Motherboard-Amazon-AQF164,287.47
2026-08-08,18:43:51,Coluna-Apple-FGF972,111.79
2026-04-01,15:54:09,TV-Alienware-SAE919,682.75
2026-02-18,03:27:10,Rato-AMD-UGJ894,155.71
2026-09-06,17:13:24,Motherboard-Huawei-UIS955,540.01
2026-07-10,12:58:40,Gamepad-Apple-WWH098,265.51
2026-08-16,19:59:38,Rato-Gigabyte-EDC957,45.91
2026-08-23,03:50:06,Microfone-Alienware-GET273,397.27
2026-12-19,17:35:25,DiscoSSD-Motorola-UAJ827,199.63
2026-04-18,02:36:56,Processador-Intel-EXZ123,1.99
2026-12-02,11:43:47,DiscoSSD-Motorola-BGQ202,78.85
2026-10-03,18:25:04,Smartwatch-Sony-BTW056,243.55
2026-05-07,15:08:06,Laptop-Alienware-TCX376,254.53
2026-04-17,15:24:00,Drone-Razer-VMJ645,34.93
2026-09-30,18:56:08,Router-Lenovo-DZZ112,89.83
2026-01-05,19:41:12,Laptop-Gigabyte-VRS248,1.99
2026-04-02,22:52:50,Teclado-Nokia-GUE564,188.65
2026-01-24,22:46:10,Smartwatch-Amazon-HNP467,232.57
2026-02-10,10:09:48,Drone-Xiaomi-ITP468,56.89
2026-10-21,07:00:51,Smartwatch-Corsair-SIA525,298.45
2026-05-20,09:15:16,Processador-Amazon-DBQ571,133.75
2026-08-27,07:36:51,DiscoSSD-Motorola-DSL578,166.69
2026-07-08,04:21:14,Monitor-Sony-NXS422,122.77
2026-01-22,16:09:52,Headphones-Sony-ZJJ289,583.93
2026-10-11,05:23:50,PlacaGrafica-Xiaomi-HPK902,682.75
2026-02-23,06:34:57,TV-Corsair-SZS719,155.71
2026-12-08,13:52:00,MemoriaRAM-Logitech-DYL515,56.89
2026-12-16,02:06:54,Impressora-Dell-KAL138,265.51
2026-08-09,23:33:36,Smartphone-Samsung-BEL935,342.37
2026-03-23,14:12:33,Coluna-Xiaomi-QSN308,1.99
2026-02-21,11:18:50,Monitor-Microsoft-PZN210,759.61
2026-03-05,12:05:40,Monitor-Alienware-NJR712,529.03
2026-07-20,12:52:06,Teclado-MSI-NZQ116,287.47
2026-10-15,10:47:56,Router-Motorola-UIR133,1.99
2026-03-06,03:03:56,Projetor-AMD-MBG429,23.95
2026-12-26,04:44:24,CaboUSB-Lenovo-KUU778,133.75
2026-10-23,18:37:30,Monitor-Nvidia-NJG595,452.17
2026-06-03,17:13:32,Drone-Amazon-FHH916,386.29
2026-04-14,15:45:45,Camera-Corsair-ERR460,221.59
2026-06-21,16:31:12,Smartwatch-Intel-SMH411,12.97
2026-03-24,19:46:50,Gamepad-Samsung-YHR389,550.99
2026-03-18,14:14:24,Headphones-Google-LVY548,34.93
2026-07-13,02:15:33,Laptop-Google-VUI702,23.95
2026-04-09,01:44:42,Headphones-Acer-UXN638,133.75
2026-10-17,14:54:21,Headphones-Dell-WXS985,155.71
2026-03-20,09:13:30,Projetor-Microsoft-JOZ406,56.89
2026-07-08,07:13:28,Drone-Google-OKI919,1.99
2026-08-11,15:21:42,Gamepad-AMD-HGC083,287.47
2026-10-22,23:18:54,Rato-Motorola-NPO314,155.71
2026-04-10,22:42:15,Laptop-Dell-PDY333,935.29
2026-06-16,22:23:24,Teclado-MSI-HNG401,254.53
2026-10-14,06:16:33,PlacaGrafica-Lenovo-HCP968,814.51
2026-08-10,23:48:19,Headphones-Asus-UHL421,660.79
2026-07-26,18:04:22,Smartwatch-Samsung-BAS301,166.69
2026-12-02,01:22:18,Laptop-Gigabyte-TXZ736,748.63
2026-01-22,00:45:10,Rato-Apple-PFB083,12.97
2026-03-07,14:41:09,Coluna-Alienware-JQU349,1.99
2026-09-12,13:50:10,Smartwatch-Corsair-FUX767,78.85
2026-01-09,01:28:18,Tablet-Microsoft-RQO054,649.81
2026-03-15,15:58:26,Camera-Logitech-LYT570,122.77
2026-06-10,10:21:04,Tablet-Lenovo-HJU745,89.83
2026-01-11,09:33:45,DiscoSSD-Dell-DLB013,188.65
2026-04-04,16:09:10,Drone-Gigabyte-MNG864,671.77
2026-01-04,18:50:00,Laptop-Motorola-DOV628,34.93
2026-02-07,01:25:54,TV-Samsung-WPT513,540.01
2026-11-14,17:14:10,Smartphone-Nvidia-IDS853,144.73
2026-07-04,00:02:38,Smartwatch-Motorola-YAC928,496.09
2026-01-04,22:31:40,Router-Xiaomi-XIU168,616.87
2026-07-18,14:04:48,Gamepad-Logitech-CHP955,309.43
2026-01-16,06:21:40,DiscoSSD-Acer-QYZ797,287.47
2026-05-10,18:12:40,Carregador-Sony-UBT320,408.25
2026-10-06,09:37:42,Gamepad-Nvidia-HAG092,320.41
2026-11-19,07:32:10,Consola-Acer-NFM631,45.91
