Data,Hora,Produto,Preco
2026-09-04,22:38:24,Smartphone-Motorola-DXW223,67.87
2026-05-02,21:39:15,TV-Nokia-BVF414,572.95
2026-11-11,02:20:00,Drone-LG-QOO026,221.59
2026-03-05,22:05:48,Laptop-Apple-HMF673,616.87
2026-05-19,01:55:00,Microfone-Intel-JOT038,100.81
2026-11-15,01:54:30,Teclado-Gigabyte-PFG365,100.81
2026-02-19,10:56:45,Microfone-Gigabyte-GGZ848,67.87
2026-04-02,22:49:12,Tablet-Alienware-GJW751,616.87
2026-12-16,21:04:00,Smartphone-Nvidia-BGF483,45.91
2026-09-16,12:01:08,Teclado-Logitech-RLD682,331.39
2026-11-11,08:50:15,Router-Acer-HFN974,45.91
2026-10-05,02:38:30,Monitor-Nokia-DLC865,1.99
2026-12-13,15:27:00,MemoriaRAM-AMD-XPP388,375.31
2026-04-15,21:29:24,Monitor-Sony-UDK458,803.53
2026-04-22,19:05:24,Impressora-Nvidia-YSI773,649.81
2026-05-23,16:55:39,Gamepad-Corsair-WZZ392,419.23
2026-04-16,03:35:28,Motherboard-Alienware-CZQ947,199.63
2026-05-27,06:35:06,TV-Gigabyte-QNW432,583.93
2026-09-02,17:53:20,CaboUSB-Alienware-DQC419,924.31
2026-08-13,14:10:57,Consola-Logitech-XFA470,23.95
2026-11-07,11:07:37,Monitor-Nvidia-KII902,111.79
2026-12-28,08:50:10,Laptop-Logitech-EXI109,210.61
2026-07-05,23:17:42,DiscoSSD-Google-YUN743,561.97
2026-03-26,16:03:36,Consola-Asus-JPS034,693.73
2026-03-20,08:54:00,TV-Acer-XVC066,287.47
2026-07-19,15:37:48,Consola-HP-IMF367,23.95
2026-02-18,17:51:42,DiscoSSD-Nokia-CTF509,1.99
2026-08-05,19:32:00,Gamepad-Alienware-PRX436,364.33
2026-10-09,06:54:08,MemoriaRAM-Microsoft-GMU432,474.13
2026-05-18,01:29:45,Gamepad-Amazon-RED266,232.57
2026-03-24,21:56:15,PlacaGrafica-HP-AHI841,1.99
2026-06-20,23:24:45,Tablet-Google-CSL467,627.85
2026-10-14,17:25:12,Microfone-Xiaomi-ANY076,265.51
2026-07-18,16:12:53,CaboUSB-Huawei-HCU270,243.55
2026-04-17,17:22:00,Laptop-Lenovo-MDX430,496.09
2026-05-27,17:19:54,Laptop-Amazon-PXR283,638.83
2026-07-19,21:36:35,Carregador-Huawei-WQD808,155.71
2026-09-05,02:14:13,PlacaGrafica-Sony-JDS833,67.87
2026-03-25,02:43:12,Rato-Apple-XOZ879,474.13
2026-11-22,05:06:40,Microfone-Google-BFU518,89.83
2026-04-02,03:29:50,CaboUSB-Lenovo-EHM523,23.95
2026-11-14,20:09:36,TV-Acer-ZRM461,12.97
2026-04-18,03:11:50,DiscoSSD-Razer-EKB778,496.09
2026-02-20,17:05:45,Smartphone-Razer-DKU308,276.49
2026-08-11,02:35:38,Router-Nvidia-SKC502,485.11
2026-06-10,16:08:31,Carregador-Apple-XRN541,880.39
2026-07-18,00:15:00,Drone-Intel-RGH516,616.87
2026-04-28,20:01:34,Smartphone-Corsair-BDG741,1.99
2026-09-11,23:27:24,Laptop-Motorola-VEF192,67.87
2026-08-26,19:38:00,Projetor-Apple-KXW568,243.55
2026-01-13,06:09:56,MemoriaRAM-Intel-RUR856,34.93
2026-04-12,10:32:40,TV-MSI-QML523,737.65
2026-03-14,01:40:36,Drone-Lenovo-TCB785,243.55
2026-05-25,12:26:36,Headphones-Nvidia-CVQ339,210.61
2026-11-18,07:27:12,Teclado-Motorola-OWI889,56.89
2026-12-22,20:40:48,Carregador-Razer-DOR372,507.07
2026-05-18,13:43:21,Laptop-Microsoft-QWG187,34.93
2026-04-25,16:46:28,Headphones-Nokia-EEK567,507.07
2026-10-06,15:10:39,Drone-Razer-XAW802,298.45
2026-08-20,16:51:48,DiscoSSD-HP-FQJ428,320.41
2026-06-03,08:42:51,TV-Microsoft-TWG649,23.95
2026-02-10,03:05:30,Smartphone-Dell-GSG892,67.87
2026-07-17,12:46:08,Smartphone-Sony-ZZU292,232.57
2026-05-28,20:03:40,CaboUSB-Razer-UKW760,550.99
2026-03-15,09:48:06,Drone-Corsair-FYA410,34.93
2026-01-18,04:11:12,TV-Dell-ISX175,144.73
2026-02-16,15:35:40,Smartphone-Google-YVB942,133.75
2026-11-09,19:53:42,Drone-LG-LXG844,23.95
2026-12-28,11:04:34,Monitor-Corsair-HPY269,748.63
2026-11-15,01:11:48,Drone-Gigabyte-IBC871,45.91
2026-01-16,00:45:00,Tablet-Motorola-VHW485,309.43
2026-08-26,23:03:54,Camera-Amazon-VGC991,638.83
2026-07-15,05:37:58,Impressora-Apple-MVQ963,210.61
2026-08-02,21:56:54,Teclado-Asus-UJK397,682.75
2026-01-06,10:19:28,Smartwatch-Amazon-ZAA230,133.75
2026-05-26,06:31:40,Camera-Microsoft-DIT988,144.73
2026-05-17,11:12:05,CaboUSB-Lenovo-PND730,485.11
2026-04-05,13:52:55,Laptop-Acer-SFF534,1.99
2026-02-28,07:01:40,Microfone-Dell-FID502,232.57
2026-11-23,22:37:59,Camera-Dell-RKU437,122.77
2026-11-20,06:25:05,Processador-Huawei-DHD910,529.03
2026-04-15,04:53:56,Gamepad-Huawei-HCL684,100.81
2026-08-10,05:33:59,Headphones-Alienware-SDA099,34.93
2026-01-23,06:58:20,Motherboard-Alienware-CAP609,34.93
2026-03-13,22:21:44,Gamepad-Microsoft-TBT989,100.81
2026-01-05,03:07:02,Camera-Amazon-ZDR681,331.39
2026-02-19,00:14:07,Monitor-Logitech-DAT012,133.75
2026-05-09,06:31:15,Impressora-Microsoft-UZD334,737.65
2026-01-16,02:23:56,Headphones-AMD-AIA881,276.49
2026-09-20,19:01:00,Laptop-Google-QDR231,78.85
2026-09-16,23:20:12,Projetor-Razer-TNA952,34.93
2026-11-23,06:28:57,Carregador-Huawei-OSS026,67.87
2026-10-05,00:43:43,MemoriaRAM-Acer-JGU565,276.49
2026-08-21,20:05:00,Monitor-Acer-UCT914,638.83
2026-06-25,03:51:58,Processador-Razer-GCX777,583.93
2026-06-16,14:41:42,Tablet-HP-KXO596,463.15
2026-10-25,05:54:50,Tablet-Corsair-ISL428,265.51
2026-06-17,23:47:28,TV-LG-WHH354,144.73
2026-07-25,23:22:40,MemoriaRAM-Dell-CZE951,232.57
2026-05-27,06:50:18,Motherboard-Samsung-WKJ117,386.29
2026-07-21,18:23:36,Gamepad-Corsair-PIC075,561.97
2026-08-20,21:30:00,PlacaGrafica-Apple-LHN415,496.09
2026-11-10,15:03:54,Router-MSI-DFP539,529.03
2026-07-04,06:50:00,Gamepad-Sony-YXI943,254.53
2026-06-25,23:41:56,Rato-Nvidia-OWJ531,276.49
2026-06-19,19:53:14,CaboUSB-Samsung-LCP667,265.51
2026-06-19,19:18:27,Projetor-Microsoft-UTG121,34.93
2026-01-04,16:45:40,TV-Huawei-DBJ522,408.25
2026-03-25,01:58:15,Coluna-Google-PBL186,1.99
2026-06-07,08:08:06,Smartphone-Corsair-LFB117,353.35
2026-11-27,18:03:15,PlacaGrafica-HP-KLP698,177.67
2026-02-07,17:13:09,Camera-Corsair-WCH491,34.93
2026-09-20,12:20:09,Tablet-AMD-WLA412,441.19
2026-09-15,16:17:52,Laptop-Apple-GIX598,408.25
2026-09-15,06:28:09,Processador-Samsung-NAU426,34.93
2026-09-13,10:58:20,Tablet-Huawei-NGF162,386.29
2026-06-25,03:09:22,Smartwatch-Motorola-VLZ150,408.25
2026-04-09,07:20:40,Smartphone-Nokia-GSS266,605.89
2026-02-22,16:38:24,Processador-Motorola-RLX029,561.97
2026-03-19,09:42:03,Monitor-LG-XMG314,825.49
2026-12-13,11:50:39,Gamepad-Alienware-IES433,78.85
2026-06-10,18:16:45,Monitor-Microsoft-PWW765,34.93
2026-08-19,14:55:17,Teclado-Nokia-MZJ553,561.97
2026-07-04,14:15:25,PlacaGrafica-HP-HFI060,265.51
2026-12-24,10:05:40,Tablet-HP-RHO147,715.69
2026-05-18,02:38:45,Tablet-AMD-CEA391,232.57
2026-05-08,07:20:02,Laptop-Dell-ECR540,12.97
2026-02-24,12:46:20,Microfone-Alienware-ZBR664,364.33
2026-06-30,14:32:05,Projetor-Huawei-IIR535,12.97
2026-03-02,22:06:40,MemoriaRAM-Sony-SRI075,342.37
2026-10-18,05:24:40,Processador-Xiaomi-GCA476,144.73
2026-10-01,21:15:33,Teclado-MSI-PWU338,331.39
2026-04-08,04:30:32,Processador-Xiaomi-DVR887,232.57
2026-11-11,14:48:19,Impressora-MSI-LVT300,12.97
2026-06-20,16:50:50,Tablet-Google-GGS127,155.71
2026-06-15,19:56:15,Smartwatch-Razer-VEN095,990.19
2026-09-13,18:32:24,Microfone-Asus-VYI042,529.03
2026-02-27,19:59:16,Motherboard-Alienware-HCC814,243.55
2026-11-15,07:35:00,TV-HP-IKV123,682.75
2026-04-17,13:00:00,CaboUSB-Corsair-HMR143,605.89
2026-05-11,00:57:34,CaboUSB-Alienware-IMH282,660.79
2026-02-04,19:21:33,Laptop-MSI-HVH560,45.91
2026-07-18,11:58:02,Projetor-Motorola-JTG334,199.63
2026-06-04,08:19:15,DiscoSSD-Huawei-FGI588,34.93
2026-12-19,01:04:48,Headphones-Xiaomi-KZZ265,243.55
2026-08-18,13:20:42,Projetor-Microsoft-LXD607,89.83
2026-08-11,16:49:30,Teclado-Alienware-CFQ366,649.81
2026-01-17,14:40:42,Drone-Huawei-ZLM079,529.03
2026-11-02,02:59:46,Monitor-Corsair-UGM454,518.05
2026-07-06,07:23:25,Coluna-Apple-MMM843,23.95
2026-02-06,05:42:36,PlacaGrafica-Google-GYW373,166.69
2026-01-03,17:53:47,Headphones-Microsoft-PVW244,221.59
2026-08-16,20:47:12,Microfone-Asus-MUE881,122.77
2026-02-24,19:05:30,Tablet-Lenovo-JQH802,133.75
2026-04-09,09:24:21,Teclado-Corsair-XUE464,682.75
2026-07-02,03:06:16,Impressora-Huawei-LZE595,946.27
2026-06-27,05:53:28,TV-AMD-TPW515,12.97
2026-10-11,00:05:28,Monitor-Xiaomi-HIO835,199.63
2026-05-18,20:06:08,Consola-AMD-XGR421,397.27
2026-04-17,21:07:25,Coluna-Microsoft-NJK514,583.93
2026-07-20,05:22:46,MemoriaRAM-Apple-WAL026,232.57
2026-09-04,03:21:36,Gamepad-Asus-UGW787,122.77
2026-05-24,01:05:24,Gamepad-Nokia-JHM899,254.53
2026-02-07,15:16:58,Drone-LG-EYY065,166.69
2026-02-01,06:47:25,PlacaGrafica-Motorola-QAI031,199.63
2026-08-23,07:33:24,Impressora-Razer-FVG241,177.67
2026-06-17,09:03:45,DiscoSSD-Intel-CUA010,441.19
2026-08-13,10:18:28,Router-Dell-WMP872,155.71
2026-02-11,15:44:18,Smartwatch-Nokia-CFH709,507.07
2026-08-21,10:06:06,Coluna-HP-KNW198,89.83
2026-03-15,00:22:48,Gamepad-Nokia-KXC402,111.79
2026-07-11,01:12:20,TV-AMD-GRN231,12.97
2026-05-22,15:02:53,Headphones-LG-UOX041,243.55
2026-09-14,22:39:08,Teclado-Nokia-SUI418,759.61
2026-04-05,20:35:12,Coluna-Amazon-UBY467,100.81
2026-05-04,00:16:36,CaboUSB-Intel-XXD830,45.91
2026-03-15,18:23:21,Monitor-Corsair-EOF712,12.97
2026-03-13,03:36:00,Laptop-Logitech-CDH807,463.15
2026-10-14,11:28:17,Processador-Gigabyte-XTM124,122.77
2026-04-09,08:10:35,Gamepad-Dell-PJW005,78.85
2026-04-08,11:07:30,Smartwatch-Razer-UPZ216,430.21
2026-06-09,17:22:48,Gamepad-Asus-HHX215,210.61
2026-11-03,21:38:56,Impressora-Amazon-YPC360,199.63
2026-02-26,09:44:06,Tablet-Huawei-SQP282,682.75
2026-10-11,21:34:48,Projetor-Motorola-KIN526,496.09
2026-02-19,08:56:36,Gamepad-MSI-PEJ087,144.73
2026-06-01,13:09:00,Tablet-Nokia-JYT743,23.95
2026-01-18,07:53:49,MemoriaRAM-Nokia-QDT000,67.87
2026-03-26,03:33:15,Gamepad-Nokia-FLR774,254.53
2026-02-02,17:23:40,Camera-Razer-PYT193,671.77
2026-06-24,21:29:45,Router-Gigabyte-YJT891,56.89
2026-07-11,16:54:44,MemoriaRAM-Motorola-KFI884,529.03
2026-10-28,21:05:51,Drone-HP-DJZ190,496.09
2026-11-22,15:22:25,DiscoSSD-Motorola-IWO353,331.39
2026-12-09,12:26:21,MemoriaRAM-Gigabyte-GMP295,177.67
2026-08-19,00:24:26,Drone-Amazon-MCU763,243.55
2026-10-07,17:37:57,Smartwatch-Apple-BQX110,265.51
2026-02-02,02:46:24,Laptop-Acer-CTZ458,100.81
2026-05-23,23:36:50,Gamepad-MSI-ZQQ663,463.15
2026-08-02,21:48:00,Laptop-Logitech-AOE540,935.29
2026-11-05,06:26:12,Projetor-Motorola-LTG476,243.55
2026-03-13,08:09:00,Processador-Gigabyte-EPX907,496.09
2026-01-08,05:53:20,Laptop-Acer-MCI453,430.21
2026-02-22,12:32:29,Coluna-Acer-YMB703,122.77
2026-10-05,18:52:48,Drone-Acer-LDX997,188.65
2026-10-22,01:54:48,Microfone-Xiaomi-GGW887,56.89
2026-06-01,06:49:00,MemoriaRAM-Motorola-XVH478,243.55
2026-02-22,16:06:00,Teclado-Razer-RMX983,188.65
2026-07-05,12:50:00,Rato-Motorola-XVB422,133.75
2026-12-27,04:24:07,Tablet-Nokia-SUE602,67.87
2026-04-23,21:48:12,Microfone-AMD-BCV967,496.09
2026-02-13,09:45:44,Microfone-LG-VLP307,309.43
2026-05-20,22:10:48,Processador-Huawei-DKX204,23.95
2026-01-26,12:26:30,Projetor-MSI-LQI894,144.73
2026-03-09,12:00:02,Laptop-MSI-VWC114,34.93
2026-09-04,03:24:18,Drone-Gigabyte-UOA073,210.61
2026-11-26,07:40:00,Rato-Dell-DZQ464,638.83
2026-04-26,05:28:00,Rato-HP-KCS876,474.13
2026-03-11,13:28:15,Motherboard-MSI-RWX385,122.77
2026-09-10,02:38:30,Coluna-MSI-BFJ152,474.13
2026-09-28,06:31:20,Router-HP-ICS058,419.23
2026-10-08,21:57:06,CaboUSB-Alienware-NLY194,441.19
2026-08-08,09:07:18,Impressora-Nvidia-XTN222,331.39
2026-09-09,02:15:15,Camera-Alienware-GTO976,78.85
2026-04-01,12:29:42,Teclado-MSI-KOH295,12.97
2026-04-09,20:56:06,Teclado-Samsung-NAP986,1.99
2026-04-12,11:55:00,Smartwatch-Alienware-TWY067,56.89
2026-12-17,21:51:21,MemoriaRAM-Motorola-CTB346,210.61
2026-11-09,16:11:55,Smartphone-AMD-XZZ750,880.39
2026-08-04,16:48:00,Camera-Logitech-XJD181,254.53
2026-07-13,00:52:44,Carregador-MSI-PWC328,276.49
2026-11-04,18:09:20,Headphones-Samsung-VKS602,210.61
2026-09-08,00:09:10,Monitor-Sony-CDB151,298.45
2026-11-01,00:23:54,Tablet-Google-NKZ573,770.59
2026-01-13,21:02:00,Projetor-Logitech-LUL443,23.95
2026-07-16,06:19:22,Processador-Asus-ORP252,144.73
2026-04-26,09:48:42,Camera-Asus-SKB540,375.31
2026-03-12,16:21:30,Microfone-Nokia-OBM011,342.37
2026-05-04,02:40:00,Impressora-Logitech-WYS252,67.87
2026-01-27,08:52:54,Drone-Lenovo-YSW270,276.49
2026-04-22,06:15:24,Tablet-AMD-FYR321,287.47
2026-05-05,12:22:40,Gamepad-Alienware-KQC891,166.69
2026-07-18,16:19:33,Gamepad-Motorola-VAV117,397.27
2026-07-23,09:11:08,Camera-Lenovo-JJT233,276.49
2026-03-24,16:26:53,Coluna-Xiaomi-ZVC423,1.99
2026-07-07,19:18:48,Headphones-Gigabyte-KZN843,298.45
2026-09-01,17:06:52,TV-Acer-VQU121,23.95
2026-01-06,12:33:36,Drone-Samsung-EZE238,166.69
2026-04-25,04:50:10,DiscoSSD-Intel-FMR413,100.81
2026-08-01,08:21:12,Consola-AMD-NMI599,67.87
2026-09-05,08:22:19,Teclado-Apple-RSW378,23.95
2026-09-14,07:19:36,TV-MSI-LXU006,770.59
2026-10-13,22:17:30,Gamepad-Acer-GRL750,45.91
2026-03-03,22:27:21,Microfone-AMD-EAO403,67.87
2026-02-26,06:00:32,Headphones-Lenovo-FEM114,12.97
2026-10-21,10:39:55,Carregador-Microsoft-ABC152,78.85
2026-08-02,01:38:42,Projetor-LG-VXK066,34.93
2026-08-13,02:53:15,Motherboard-LG-HJQ166,463.15
2026-06-04,03:38:18,Monitor-Asus-SMT531,682.75
2026-08-16,08:12:40,Headphones-MSI-PMF073,12.97
2026-04-26,01:41:40,Tablet-Huawei-PJP818,78.85
2026-03-21,16:02:20,Processador-Samsung-LUZ861,243.55
2026-10-09,15:43:08,Consola-Lenovo-BGF448,133.75
2026-09-01,20:50:54,Monitor-AMD-WFM841,23.95
2026-05-08,16:30:47,Gamepad-Acer-WGC138,166.69
2026-10-17,02:39:08,Smartwatch-Samsung-CYB552,177.67
2026-01-04,04:16:12,MemoriaRAM-Logitech-VTQ454,649.81
2026-02-08,08:13:50,Processador-Asus-WCJ127,441.19
2026-03-14,21:40:35,Smartwatch-Gigabyte-SEL781,737.65
2026-08-06,01:14:00,Impressora-Razer-RLH159,309.43
2026-03-01,12:49:54,Headphones-Razer-IYO315,34.93
2026-04-07,16:28:12,Laptop-AMD-MPO261,419.23
2026-10-17,19:16:15,Router-Logitech-DYG394,12.97
2026-06-27,19:59:37,Router-Corsair-MNF082,836.47
2026-02-18,13:42:34,PlacaGrafica-Acer-CDF182,309.43
2026-11-19,15:45:15,CaboUSB-Lenovo-QYH844,1.99
2026-08-03,22:19:18,TV-Sony-AVQ114,1.99
2026-10-05,15:28:30,Smartphone-MSI-EJL570,342.37
2026-12-06,07:21:15,Impressora-Samsung-UWX290,56.89
2026-03-06,20:33:36,Drone-HP-KYL249,1.99
2026-01-02,01:54:35,TV-Apple-KRZ825,12.97
2026-01-17,02:35:36,Processador-Xiaomi-IGZ226,67.87
2026-11-05,00:03:24,Consola-Intel-BYC982,243.55
2026-09-01,07:49:12,DiscoSSD-Google-PXD754,605.89
2026-12-23,04:46:48,Gamepad-AMD-XFV575,100.81
2026-01-24,18:45:51,Laptop-Logitech-SQN967,309.43
2026-02-22,16:10:13,MemoriaRAM-Razer-OZK910,485.11
2026-04-18,08:39:56,TV-Intel-LES619,56.89
2026-12-14,16:27:54,Tablet-Dell-QZP341,265.51
2026-04-23,01:24:30,CaboUSB-AMD-DZY429,474.13
2026-01-05,11:17:59,Monitor-Google-RDC666,265.51
2026-06-11,21:56:02,Gamepad-Gigabyte-SPX260,210.61
2026-07-15,00:38:00,Tablet-Huawei-PQO329,572.95
2026-07-02,01:49:00,Motherboard-Nvidia-LPQ829,627.85
2026-05-27,10:48:56,Impressora-Gigabyte-QSN986,100.81
2026-01-02,13:14:36,Microfone-Alienware-TBX672,56.89
2026-03-24,15:54:22,Router-Acer-QTP135,298.45
2026-05-14,05:58:58,Smartphone-MSI-DXT024,397.27
2026-06-25,04:36:00,Projetor-Google-FEW500,78.85
2026-09-16,09:05:41,Teclado-Motorola-MSF982,243.55
2026-10-28,03:50:15,PlacaGrafica-Alienware-OOO828,1.99
2026-12-26,07:34:30,Monitor-MSI-XNQ413,111.79
2026-01-26,15:46:00,Headphones-Intel-FKP089,199.63
2026-04-23,06:37:55,CaboUSB-Amazon-HOK729,155.71
2026-05-04,20:30:10,Smartphone-Nokia-PQI808,1.99
2026-12-03,03:24:00,Coluna-AMD-UAI933,386.29
2026-12-03,20:27:30,Projetor-Dell-RWK324,232.57
2026-11-12,07:50:54,Smartphone-Amazon-SHO505,56.89
2026-01-28,12:59:12,Gamepad-Huawei-SNZ291,89.83
2026-04-09,20:49:33,PlacaGrafica-Gigabyte-YCM215,518.05
2026-05-21,02:08:48,Projetor-LG-PID586,737.65
2026-04-17,02:15:10,Projetor-Lenovo-FXT294,221.59
2026-11-03,01:32:16,Processador-AMD-EIV957,759.61
2026-09-17,15:43:26,Carregador-LG-YVY226,243.55
2026-09-07,05:01:15,Gamepad-Corsair-MTH328,133.75
2026-10-21,16:18:24,Smartphone-Nvidia-CAI869,177.67
2026-01-07,20:57:18,Smartphone-Microsoft-RTE181,540.01
2026-08-03,13:05:00,Projetor-Huawei-UFO395,177.67
2026-07-09,11:15:18,Headphones-Asus-FOK640,232.57
2026-08-21,00:18:13,Consola-Huawei-BHC738,221.59
2026-10-20,14:32:57,Projetor-Sony-WDX069,122.77
2026-01-14,17:37:30,Drone-Huawei-IER649,177.67
2026-02-25,03:42:03,Projetor-Dell-LNS515,111.79
2026-03-23,22:32:07,Consola-Asus-QZD876,12.97
2026-07-12,15:52:16,Drone-HP-TOZ168,825.49
2026-03-13,15:09:41,Router-Acer-RFB586,155.71
2026-02-03,04:00:00,Motherboard-Amazon-SWI847,320.41
2026-05-15,08:41:22,TV-Logitech-XSF514,408.25
2026-02-05,06:30:00,Consola-MSI-EFY713,397.27
2026-06-09,06:03:22,TV-Alienware-XWB997,474.13
2026-09-12,18:03:45,Consola-Nokia-SUD576,188.65
2026-08-22,08:52:04,Monitor-Motorola-IKT454,605.89
2026-08-10,09:52:48,Smartphone-MSI-PJN197,100.81
2026-04-13,12:21:51,Rato-Dell-UNE940,78.85
2026-11-18,17:35:50,Carregador-Razer-KZH328,56.89
2026-04-20,15:48:24,Smartwatch-Nvidia-LOJ733,452.17
2026-10-24,02:36:48,Laptop-Huawei-MGV274,463.15
2026-03-14,03:52:12,Microfone-Lenovo-PLU910,287.47
2026-10-22,21:50:40,Monitor-MSI-WYB018,133.75
2026-12-11,11:06:50,Smartphone-Huawei-HKH842,1.99
2026-11-16,20:53:12,Smartwatch-AMD-QHJ435,375.31
2026-03-04,23:32:00,Smartwatch-Alienware-LFZ293,386.29
2026-09-12,11:56:45,Processador-AMD-HDS377,111.79
2026-01-22,23:40:20,Laptop-Huawei-FQS616,1.99
2026-11-21,14:14:08,PlacaGrafica-Intel-BUE458,232.57
2026-01-12,08:46:06,TV-Acer-ZRY025,122.77
2026-05-28,13:24:36,MemoriaRAM-Nvidia-QLX477,23.95
2026-07-10,08:19:34,DiscoSSD-HP-DHJ600,89.83
2026-09-19,13:04:40,Laptop-Razer-HPS987,89.83
2026-08-22,09:04:16,Projetor-Alienware-LOL619,34.93
2026-04-26,00:54:50,Tablet-Huawei-FNK024,298.45
2026-10-01,09:40:39,Headphones-Motorola-NXD888,386.29
2026-04-27,14:56:15,Consola-Sony-VSM342,199.63
2026-01-21,09:47:52,Processador-Nokia-HOF969,12.97
2026-02-17,20:16:30,Teclado-Corsair-ETY032,419.23
2026-01-04,00:46:18,CaboUSB-MSI-WYC436,243.55
2026-04-12,12:12:00,Camera-Huawei-JMM306,199.63
2026-07-11,04:47:06,Smartwatch-Nvidia-BDQ984,89.83
2026-05-26,09:52:00,MemoriaRAM-Xiaomi-DIB943,199.63
2026-09-05,17:47:16,Microfone-Microsoft-UWO599,45.91
2026-07-09,18:51:32,Processador-Motorola-RIU804,155.71
2026-11-25,08:31:12,PlacaGrafica-Asus-ITG834,78.85
2026-08-16,07:53:06,Laptop-Google-SFM787,78.85
2026-03-17,17:33:04,Consola-Google-QEU644,45.91
2026-08-02,22:48:08,Laptop-AMD-JCC298,89.83
2026-12-12,08:14:06,Processador-Corsair-FMV689,23.95
2026-03-22,03:10:48,Router-Nokia-VLX178,243.55
2026-01-09,03:41:24,Projetor-Google-KHH475,89.83
2026-02-14,04:26:57,Camera-Microsoft-GVU915,111.79
2026-11-13,00:26:55,Rato-Dell-CTQ225,298.45
2026-03-23,14:59:22,DiscoSSD-Corsair-VKL550,78.85
2026-02-23,02:57:37,Projetor-Google-LLU767,12.97
2026-01-13,19:50:02,TV-Corsair-FIK042,540.01
2026-10-05,21:14:35,Microfone-Apple-XQL433,100.81
2026-06-02,12:07:42,MemoriaRAM-Nokia-RZC821,583.93
2026-06-28,19:06:07,Impressora-LG-PVE167,397.27
2026-08-24,05:19:15,Processador-LG-HUV372,594.91
2026-02-22,18:47:10,Laptop-Logitech-RXX061,34.93
2026-10-28,23:54:26,CaboUSB-Intel-QEK066,34.93
2026-01-03,13:03:36,Processador-Nvidia-TYI728,144.73
2026-05-12,21:43:00,Smartwatch-Motorola-MEQ040,320.41
2026-12-31,22:48:20,Monitor-Alienware-IUE493,638.83
2026-05-05,03:25:30,TV-Alienware-KDH724,45.91
2026-10-18,15:38:30,Camera-Asus-UNL576,23.95
2026-05-03,08:00:12,Gamepad-Google-UJG911,232.57
2026-08-06,20:55:12,Monitor-Razer-UAR103,12.97
2026-03-01,09:41:06,MemoriaRAM-Gigabyte-DOL443,199.63
2026-08-20,06:46:20,Camera-Intel-LGW877,430.21
2026-11-15,18:59:08,Monitor-Lenovo-RHY595,23.95
2026-06-08,09:51:03,Projetor-Sony-NXQ396,649.81
2026-10-19,19:25:30,Headphones-Alienware-RXD893,177.67
2026-02-08,15:24:03,Headphones-LG-ULU696,507.07
2026-11-24,05:41:20,Router-Motorola-XCT616,78.85
2026-02-08,12:37:28,Gamepad-Alienware-BML533,188.65
2026-11-27,05:41:03,Drone-Intel-LXW480,122.77
2026-04-05,01:08:40,Camera-Razer-VPQ984,935.29
2026-01-14,00:28:03,Tablet-Nvidia-LGQ766,287.47
2026-12-21,10:53:36,Carregador-Lenovo-NNA890,166.69
2026-05-23,15:11:42,Tablet-HP-HDO429,166.69
2026-03-09,00:25:34,Processador-Lenovo-CPV023,463.15
2026-01-31,09:49:48,PlacaGrafica-LG-MPM000,210.61
2026-06-04,16:47:12,Motherboard-Nvidia-RET418,375.31
2026-09-24,05:04:38,Monitor-Xiaomi-XNF690,704.71
2026-08-18,02:18:20,Impressora-Lenovo-JNL152,254.53
2026-12-19,19:59:56,Smartwatch-Nokia-XCI655,485.11
2026-06-10,10:50:24,PlacaGrafica-Samsung-YRG900,133.75
2026-09-19,12:40:14,MemoriaRAM-Amazon-VAL835,122.77
2026-03-28,09:29:36,Projetor-Sony-COF531,144.73
2026-05-26,19:22:00,Processador-Nokia-WCC478,770.59
2026-10-24,15:36:54,Monitor-Nokia-SXA618,946.27
2026-01-22,01:55:22,Camera-Amazon-XDJ648,957.25
2026-03-11,04:55:12,Motherboard-Alienware-PRN342,23.95
2026-08-22,06:29:40,MemoriaRAM-Microsoft-OGF862,12.97
2026-09-26,14:39:04,Tablet-AMD-SRZ046,1.99
2026-11-21,02:32:59,Drone-AMD-HTQ766,1.99
2026-04-01,16:56:40,Tablet-Lenovo-MTK724,166.69
2026-12-17,07:41:04,Router-AMD-HIM056,177.67
2026-12-26,17:22:30,Processador-Xiaomi-ICJ915,221.59
2026-05-18,19:55:40,Coluna-Corsair-MVA489,518.05
2026-09-12,07:08:20,Carregador-Intel-FTD777,78.85
2026-05-22,16:05:15,MemoriaRAM-Lenovo-IUQ072,23.95
2026-05-07,04:13:12,Teclado-MSI-QBP617,177.67
2026-08-09,11:01:50,MemoriaRAM-Intel-LWX266,67.87
2026-04-01,16:12:19,Camera-Corsair-EFR760,221.59
2026-07-07,17:41:00,Drone-Gigabyte-YXZ364,507.07
2026-03-08,06:29:50,Coluna-Samsung-VRK589,254.53
2026-06-20,11:50:04,Smartphone-Corsair-PDY219,34.93
2026-01-12,03:44:12,Processador-Corsair-VXP314,309.43
2026-06-12,16:39:40,CaboUSB-Nokia-YDW449,913.33
2026-06-24,22:34:42,Tablet-Huawei-ERT383,463.15
2026-02-03,12:24:54,DiscoSSD-HP-BBI347,155.71
2026-09-12,04:43:06,Projetor-Nokia-URU617,166.69
2026-09-26,19:35:28,Projetor-Nvidia-IVN300,100.81
2026-03-28,03:43:06,Smartwatch-HP-ENA782,166.69
2026-09-28,15:02:20,Impressora-Razer-WCX248,155.71
2026-03-04,06:55:30,Router-AMD-KZA777,221.59
2026-10-25,23:56:51,Router-LG-SLY376,1.99
2026-07-03,13:41:33,MemoriaRAM-Asus-FSP862,1.99
2026-12-21,20:23:00,Gamepad-Lenovo-CVL221,111.79
2026-11-19,23:41:44,Coluna-Google-LFJ700,792.55
2026-11-26,12:15:31,Smartwatch-Lenovo-QMJ264,814.51
2026-10-25,14:10:48,DiscoSSD-Apple-KFC808,561.97
2026-08-05,22:52:12,Camera-Logitech-GEC429,188.65
2026-12-16,13:09:18,Headphones-Xiaomi-ENM039,12.97
2026-05-22,16:15:20,Motherboard-Lenovo-XGH417,122.77
2026-12-03,06:21:10,PlacaGrafica-Lenovo-DCV590,144.73
2026-09-10,15:52:00,Laptop-Acer-YLM386,188.65
2026-07-15,04:25:39,Smartwatch-Xiaomi-RWY406,34.93
2026-08-13,16:18:00,Rato-Nvidia-DHS321,287.47
2026-04-10,22:05:24,Projetor-Amazon-XDA006,583.93
2026-06-11,07:51:05,Coluna-Lenovo-LNY687,144.73
2026-10-27,09:16:22,Headphones-Amazon-QXH795,133.75
2026-02-25,02:39:18,Router-Huawei-IJN509,682.75
2026-02-12,20:03:27,DiscoSSD-Nokia-NGF687,67.87
2026-08-28,20:08:53,Drone-Xiaomi-USK301,78.85
2026-07-18,04:12:24,Tablet-Microsoft-EDV252,144.73
2026-10-06,22:44:47,TV-Motorola-ZZE218,100.81
2026-08-07,14:42:55,PlacaGrafica-AMD-MTU108,452.17
2026-11-19,08:15:39,Processador-Gigabyte-PZW273,572.95
2026-01-06,20:33:04,Smartwatch-Dell-CWL756,1.99
2026-12-07,21:39:36,Router-Alienware-MJD950,331.39
2026-07-22,03:36:59,Carregador-Alienware-FLR715,232.57
2026-06-13,19:18:40,Smartwatch-Huawei-QRF013,100.81
2026-02-28,18:50:38,DiscoSSD-Gigabyte-WGO519,111.79
2026-05-05,08:12:48,PlacaGrafica-Gigabyte-AZY453,34.93
2026-06-21,04:26:46,Router-Huawei-WWN733,45.91
2026-12-21,23:40:19,Coluna-Lenovo-PTJ301,529.03
2026-09-15,09:05:46,Projetor-Razer-JHA172,1.99
2026-05-08,12:00:00,Camera-Intel-ATF100,232.57
2026-04-27,21:10:02,Smartphone-HP-TNU371,89.83
2026-05-05,16:11:20,Smartphone-Apple-CCE561,331.39
2026-07-12,14:52:48,Gamepad-Acer-NLI605,67.87
2026-03-07,12:12:05,Smartphone-Xiaomi-LAG463,529.03
2026-04-13,20:47:50,Consola-Nokia-JQL717,12.97
2026-05-08,06:44:08,Smartwatch-Intel-OYS514,12.97
2026-06-09,03:56:20,Projetor-AMD-RDH281,199.63
2026-06-17,15:20:24,DiscoSSD-Gigabyte-CLR965,408.25
2026-07-13,23:16:31,Microfone-Asus-SAM460,254.53
2026-02-07,19:42:44,Teclado-AMD-MJN153,408.25
2026-01-12,06:59:28,Monitor-Logitech-UJB076,210.61
2026-08-14,00:20:00,Teclado-Nokia-VSK602,353.35
2026-07-02,00:53:04,CaboUSB-Alienware-JOM207,353.35
2026-02-17,16:24:12,Laptop-Acer-TBY521,67.87
2026-06-17,13:58:03,Router-Nokia-YTH303,254.53
2026-10-20,04:47:09,Rato-Corsair-CBL108,34.93
2026-08-10,17:38:42,Rato-Huawei-EYL375,1.99
2026-07-18,09:44:17,Processador-Acer-WKN959,748.63
2026-01-06,08:39:34,MemoriaRAM-Logitech-MFX871,122.77
2026-05-14,01:20:42,Smartwatch-Nvidia-EJX547,463.15
2026-12-06,06:52:28,Impressora-Sony-MVD782,67.87
2026-05-10,17:17:36,Carregador-Amazon-IXC354,463.15
2026-08-22,05:48:42,Carregador-Nokia-LXK362,23.95
2026-07-09,21:06:00,Monitor-Alienware-BVJ502,496.09
2026-11-17,23:24:32,DiscoSSD-Google-WPU440,880.39
2026-12-19,10:36:09,PlacaGrafica-Lenovo-VRB682,353.35
2026-05-13,00:49:55,Smartphone-Alienware-HOX215,12.97
2026-05-25,23:03:40,Gamepad-Logitech-CJE400,67.87
2026-01-04,06:14:15,Gamepad-Nvidia-EDZ481,166.69
2026-03-08,11:53:48,Smartphone-Sony-SMO287,616.87
2026-08-10,00:37:12,Camera-Xiaomi-PXN516,221.59
2026-05-11,23:22:45,Router-Microsoft-KJQ032,155.71
2026-06-23,16:48:44,Carregador-Asus-TUZ937,56.89
2026-11-06,19:34:48,Gamepad-Apple-HNQ421,946.27
2026-01-13,19:45:51,Laptop-Logitech-YRB797,759.61
2026-05-03,23:37:20,Smartwatch-Samsung-LVP121,913.33
2026-02-22,18:57:00,Teclado-Acer-YZZ097,155.71
2026-07-11,11:26:40,Camera-AMD-LKG995,309.43
2026-01-02,03:37:24,Projetor-Dell-QRG094,265.51
2026-06-27,13:32:04,PlacaGrafica-Gigabyte-ASG504,693.73
2026-06-17,14:00:16,Camera-Google-ONI665,847.45
2026-07-14,08:55:10,Smartwatch-Huawei-TDX832,67.87
2026-07-16,00:50:32,Impressora-HP-WMJ419,12.97
2026-12-23,23:56:28,Tablet-MSI-QUN421,56.89
2026-02-05,17:48:45,TV-Lenovo-IBM907,133.75
2026-05-06,20:29:30,Tablet-Motorola-JAL186,331.39
2026-06-17,03:47:05,Smartwatch-Huawei-KBI356,880.39
2026-01-22,00:56:42,PlacaGrafica-Google-YLR122,298.45
2026-04-04,14:36:57,Camera-Dell-JMI033,111.79
2026-04-26,06:10:57,Rato-Samsung-AHZ549,67.87
2026-09-27,00:15:46,Teclado-Motorola-LRY382,397.27
2026-06-06,12:18:00,Smartphone-Lenovo-DPX171,693.73
2026-07-15,23:09:42,Gamepad-Huawei-NAV416,781.57
2026-02-17,04:40:45,Gamepad-Sony-AJW538,550.99
2026-10-18,20:49:42,MemoriaRAM-Motorola-FEM080,430.21
2026-05-27,07:30:40,Impressora-HP-XGQ909,122.77
2026-02-25,11:05:59,Smartphone-Razer-PAB030,364.33
2026-04-28,09:41:20,Motherboard-Apple-KMQ480,375.31
2026-04-05,19:00:19,TV-Nvidia-XOC179,89.83
2026-01-31,03:00:28,Coluna-Gigabyte-LHX567,166.69
2026-02-08,14:46:45,Tablet-HP-EWK956,144.73
2026-09-13,15:12:06,Consola-Google-RWZ380,715.69
2026-04-02,01:01:48,Teclado-Lenovo-TYZ538,276.49
2026-03-11,09:30:36,Headphones-Sony-MIW520,78.85
2026-08-07,06:22:58,Motherboard-HP-LZY813,627.85
2026-10-01,00:48:03,DiscoSSD-Acer-ZYH487,210.61
2026-02-04,06:15:44,Teclado-Acer-VRB268,144.73
2026-12-25,08:12:00,Smartwatch-Dell-TNJ309,34.93
2026-04-18,10:38:26,Motherboard-Google-NFY623,485.11
2026-09-01,10:09:21,Tablet-Nokia-OJE840,287.47
2026-05-28,22:59:36,Coluna-Lenovo-MRE925,309.43
2026-06-05,22:40:18,Impressora-Acer-NRV609,1.99
2026-08-24,21:24:32,Processador-Dell-RIY084,12.97
2026-01-08,09:38:16,Projetor-Dell-PPA771,518.05
2026-03-03,14:51:24,Coluna-Motorola-TBK520,100.81
2026-10-06,12:18:35,Monitor-MSI-LIE894,1.99
2026-07-12,18:17:42,Projetor-Microsoft-YFD444,23.95
2026-04-03,09:08:16,MemoriaRAM-Samsung-HLG765,144.73
2026-09-10,14:26:24,Impressora-Lenovo-ATD353,386.29
2026-04-25,23:32:55,Carregador-Xiaomi-NGB569,45.91
2026-05-17,22:33:36,Drone-Microsoft-FVV845,23.95
2026-11-24,15:08:00,Smartwatch-Google-TWQ276,155.71
2026-09-10,06:31:40,MemoriaRAM-Motorola-HTM185,748.63
2026-05-12,21:57:18,Drone-Amazon-TZZ390,166.69
2026-04-06,05:19:14,Projetor-Gigabyte-FCH109,221.59
2026-08-17,21:23:30,Gamepad-Lenovo-CXQ640,572.95
2026-08-18,02:44:40,Consola-LG-XIJ017,12.97
2026-02-11,06:53:36,MemoriaRAM-Gigabyte-PJB460,836.47
2026-05-21,12:23:00,Consola-LG-GYY150,34.93
2026-01-25,11:11:40,Camera-Logitech-ROE587,166.69
2026-09-01,01:45:33,DiscoSSD-Acer-AYP715,67.87
2026-12-14,11:44:34,Impressora-Amazon-ATQ553,56.89
2026-08-13,12:10:03,Teclado-Sony-AZF325,199.63
2026-03-13,01:17:48,Carregador-Amazon-XLB463,34.93
2026-06-28,20:22:21,CaboUSB-Nokia-BZR499,485.11
2026-06-26,19:21:33,Monitor-Razer-LBV857,45.91
2026-02-24,01:52:01,Drone-Nvidia-EBF031,166.69
2026-09-17,13:29:23,Motherboard-Huawei-SML467,265.51
2026-12-24,10:53:22,PlacaGrafica-Sony-TXC877,56.89
2026-11-18,18:59:28,Coluna-AMD-XOK309,166.69
2026-09-24,22:21:36,Monitor-Gigabyte-LTN017,748.63
2026-07-07,19:30:57,MemoriaRAM-Nvidia-TZI108,34.93
2026-07-11,01:25:12,Rato-Sony-EFV588,353.35
2026-06-06,03:54:05,MemoriaRAM-Apple-GCZ386,122.77
2026-08-22,04:49:11,Microfone-Motorola-SSA211,496.09
2026-08-17,03:33:28,Teclado-Corsair-AUD796,605.89
2026-03-11,06:33:32,Monitor-LG-HQI334,1.99
2026-07-23,00:32:48,PlacaGrafica-Asus-OKW008,276.49
2026-04-28,20:26:00,Camera-Google-YKO206,375.31
2026-09-15,20:51:38,Teclado-Amazon-RRZ401,56.89
2026-09-11,09:07:27,Laptop-Huawei-TEF858,221.59
2026-07-21,02:08:50,DiscoSSD-Huawei-YGA301,463.15
2026-08-24,06:34:03,Impressora-Logitech-VOV833,320.41
2026-12-15,17:53:04,Coluna-LG-VUA050,188.65
2026-01-02,05:11:45,Headphones-Amazon-FVG624,67.87
2026-08-04,05:35:33,Laptop-Asus-SLO757,56.89
2026-06-15,03:52:39,Monitor-Huawei-IUS297,144.73
2026-12-12,01:22:32,TV-Nokia-ZBO362,485.11
2026-10-25,02:14:15,Processador-Apple-ZVZ330,265.51
2026-07-09,14:12:52,Drone-Sony-AIR179,122.77
2026-06-26,16:52:04,Smartwatch-Sony-LNE022,243.55
2026-04-12,17:35:48,Monitor-Apple-TQW227,12.97
2026-05-20,16:48:20,Laptop-Lenovo-HHC156,243.55
2026-02-11,08:42:32,Projetor-Alienware-LIH627,155.71
2026-12-21,18:24:18,Rato-AMD-MMV363,550.99
2026-03-13,14:21:24,DiscoSSD-Razer-LIM083,56.89
2026-01-28,22:04:30,PlacaGrafica-Apple-KZJ039,144.73
2026-03-09,04:45:00,Headphones-Microsoft-AXM050,23.95
2026-06-15,08:45:00,PlacaGrafica-MSI-RJQ228,1.99
2026-09-15,10:28:00,CaboUSB-Motorola-UGA920,100.81
2026-08-24,23:22:24,Motherboard-Razer-CEK638,89.83
2026-04-08,07:53:20,Projetor-Sony-ZUZ694,78.85
2026-04-16,11:06:50,MemoriaRAM-AMD-IJI186,45.91
2026-04-22,18:29:44,MemoriaRAM-HP-VCT836,836.47
2026-06-13,07:43:12,Carregador-HP-VVK190,100.81
2026-05-23,14:52:40,Gamepad-Nvidia-ZTE450,56.89
2026-09-22,09:36:48,Carregador-LG-PMW726,320.41
2026-08-22,02:17:36,Tablet-Samsung-DDD804,1.99
2026-04-04,08:30:20,Coluna-Samsung-DLY630,56.89
2026-06-01,23:02:14,Headphones-Intel-OEE108,298.45
2026-12-03,00:19:21,Carregador-Apple-HKJ235,111.79
2026-04-19,20:31:14,Coluna-AMD-ZSK479,715.69
2026-04-15,14:15:20,Carregador-Alienware-WMN755,166.69
2026-06-09,02:38:24,DiscoSSD-Corsair-TCC404,957.25
2026-09-26,04:10:00,Rato-Gigabyte-QHM952,122.77
2026-07-26,23:52:30,Router-Google-BFO407,155.71
2026-11-29,00:39:18,Impressora-Nvidia-MJD053,23.95
2026-11-04,22:55:25,Processador-Nvidia-TUS259,56.89
2026-06-04,15:13:56,Consola-Huawei-XRK774,12.97
2026-08-27,02:50:16,Router-Dell-HSR192,243.55
2026-01-05,22:49:32,TV-Apple-TVH138,177.67
2026-07-25,09:09:51,TV-Nokia-LDH362,496.09
2026-12-17,22:31:22,Rato-Nvidia-EFQ641,177.67
2026-01-18,02:20:26,Monitor-Huawei-ANT308,540.01
2026-12-20,05:30:56,Tablet-Razer-KOZ282,23.95
2026-08-02,23:41:15,Smartwatch-Motorola-AWF494,298.45
2026-04-14,04:03:36,Impressora-Gigabyte-DZT469,353.35
2026-03-16,08:48:30,DiscoSSD-Razer-WEO168,474.13
2026-08-18,04:48:15,Monitor-Dell-JOM416,254.53
2026-07-20,18:34:47,Tablet-Gigabyte-OPD756,188.65
2026-11-15,22:00:00,Monitor-Dell-JBW224,12.97
2026-02-04,16:08:12,Rato-Razer-VNI084,89.83
2026-10-15,02:43:29,Laptop-Motorola-GIO610,463.15
2026-07-26,13:37:21,Processador-Huawei-QLE671,133.75
2026-01-07,22:57:24,TV-Dell-LEA859,320.41
2026-10-24,22:36:57,Microfone-Intel-YZP874,100.81
2026-08-20,15:56:33,DiscoSSD-Intel-VJR080,803.53
2026-07-11,12:19:30,PlacaGrafica-Samsung-KCL177,331.39
2026-04-17,13:51:00,Microfone-Logitech-JMH285,605.89
2026-11-10,08:07:26,Router-Lenovo-QZQ713,463.15
2026-03-17,15:49:24,CaboUSB-Samsung-APN773,122.77
2026-12-26,10:12:48,Processador-MSI-YXP017,221.59
2026-11-11,04:23:04,Coluna-Asus-IUF460,45.91
2026-08-09,16:45:36,Rato-Intel-VDJ487,792.55
2026-05-24,01:46:47,Smartwatch-Razer-RUD354,529.03
2026-01-17,18:31:20,Carregador-Microsoft-BWA411,1.99
2026-01-17,12:41:12,Smartwatch-HP-EEE901,34.93
2026-05-11,13:08:00,TV-Amazon-LIQ519,529.03
2026-12-02,05:59:21,Rato-LG-LGZ962,89.83
2026-06-13,07:17:30,Consola-Huawei-ZRV216,34.93
2026-01-24,19:35:50,Teclado-Gigabyte-MIX576,232.57
2026-07-09,23:01:28,PlacaGrafica-Logitech-FQW998,693.73
2026-05-11,07:40:04,Camera-Xiaomi-DVT642,133.75
2026-12-19,07:34:15,Camera-Intel-WDQ221,210.61
2026-09-03,15:21:18,Smartwatch-Nokia-MHH103,45.91
2026-11-19,02:56:00,Consola-MSI-GLQ145,45.91
2026-10-11,02:54:45,Carregador-Asus-JOI993,12.97
2026-01-13,02:08:12,Headphones-Intel-BFP738,507.07
2026-02-08,15:05:41,Router-Apple-PRM969,243.55
2026-09-04,04:13:38,Consola-Sony-PJB841,89.83
2026-08-20,03:16:33,Headphones-Nokia-QAT599,166.69
2026-10-16,19:02:54,PlacaGrafica-Lenovo-VLR686,78.85
2026-11-06,18:02:30,MemoriaRAM-Nvidia-YRV350,188.65
2026-10-13,08:31:30,Laptop-Sony-RKB826,507.07
2026-03-03,21:34:39,Motherboard-Logitech-HWF096,331.39
2026-07-13,10:12:50,Projetor-Xiaomi-OVJ524,858.43
2026-12-22,19:48:00,Microfone-Nvidia-DPH609,441.19
2026-10-02,05:07:57,Headphones-Amazon-NPG371,23.95
2026-03-23,20:23:30,Microfone-Nvidia-DMW782,78.85
2026-06-27,05:16:28,Carregador-AMD-EYP831,869.41
2026-05-25,23:05:24,Monitor-Samsung-DRT870,254.53
2026-01-19,13:17:20,Camera-Intel-YIQ538,1012.15
2026-12-14,00:57:57,Gamepad-Nvidia-YVZ919,34.93
2026-07-31,06:32:46,MemoriaRAM-Asus-UJZ143,386.29
2026-04-13,13:37:00,Impressora-AMD-NKO188,166.69
2026-07-24,03:12:57,Smartphone-Intel-DOW663,23.95
2026-03-21,12:56:43,Carregador-Microsoft-PRO191,45.91
2026-05-04,05:03:44,Smartphone-Sony-JDV449,100.81
2026-05-25,13:42:18,Camera-MSI-HMH646,331.39
2026-08-08,22:40:48,CaboUSB-Apple-DZS905,188.65
2026-05-11,20:00:35,Laptop-Google-IGB182,891.37
2026-06-08,20:38:11,Carregador-HP-XNU702,320.41
2026-06-20,16:07:51,Microfone-Acer-LTA158,254.53
2026-09-08,10:23:13,Gamepad-Alienware-JUZ386,12.97
2026-03-16,11:47:24,CaboUSB-LG-NVP731,254.53
2026-08-02,19:43:29,Tablet-Motorola-BOG800,122.77
2026-07-16,17:36:00,Projetor-Gigabyte-TST609,1.99
2026-05-22,07:21:45,Processador-Nokia-ILM599,199.63
2026-11-13,00:00:34,Impressora-Xiaomi-YGB474,265.51
2026-11-06,09:13:18,Drone-Motorola-IPV173,67.87
2026-01-06,14:44:16,PlacaGrafica-Corsair-VPN645,133.75
2026-04-01,17:33:04,Headphones-Amazon-TBG297,430.21
2026-05-10,03:42:51,PlacaGrafica-Logitech-VJV085,144.73
2026-04-06,19:41:20,Consola-Sony-CVN316,419.23
2026-06-27,10:48:21,Teclado-Acer-SYY081,155.71
2026-08-19,12:17:06,Drone-Logitech-EBZ174,452.17
2026-12-16,21:51:58,DiscoSSD-Apple-YCN643,12.97
2026-12-18,10:13:00,Smartphone-Logitech-UHM621,89.83
2026-10-06,05:10:09,Monitor-Acer-FZD582,748.63
2026-06-22,17:02:35,Rato-Huawei-MHJ013,155.71
2026-03-24,11:45:45,Microfone-Asus-WMB422,122.77
2026-04-15,07:28:00,Carregador-Google-GUB808,627.85
2026-03-21,07:45:29,Tablet-Alienware-RIX843,353.35
2026-08-08,07:14:18,Processador-HP-XUN535,111.79
2026-05-20,08:48:58,Motherboard-Razer-KLR472,1.99
2026-10-02,13:38:20,Rato-Acer-UUS637,56.89
2026-12-10,04:10:20,Rato-Google-JQW615,56.89
2026-05-09,15:44:05,Gamepad-Lenovo-VXV370,144.73
2026-01-27,17:57:20,Microfone-Apple-VTC745,89.83
2026-09-01,18:52:55,TV-Logitech-AHA482,243.55
2026-04-14,23:34:24,Gamepad-MSI-LDS406,56.89
2026-07-06,05:16:07,Laptop-Xiaomi-DDI813,188.65
2026-01-07,00:42:04,Projetor-Samsung-NKG150,616.87
2026-02-08,05:24:26,Smartwatch-Lenovo-IUU039,177.67
2026-05-21,09:22:22,Consola-Razer-GRA162,221.59
2026-11-17,19:36:24,Consola-Lenovo-FDL426,1.99
2026-06-10,17:42:30,Camera-HP-JRI008,331.39
2026-07-18,05:44:08,Processador-Amazon-IDR325,34.93
2026-09-18,04:49:56,Rato-Google-EWC542,89.83
2026-06-19,02:54:12,Smartwatch-Apple-IHY041,45.91
2026-02-27,04:28:15,Carregador-Sony-AME172,210.61
2026-08-18,18:00:35,MemoriaRAM-Dell-YLV294,45.91
2026-01-16,03:59:26,Coluna-Intel-GRS524,188.65
2026-05-12,19:51:44,PlacaGrafica-Xiaomi-EJV694,133.75
2026-11-23,02:36:24,PlacaGrafica-Acer-UHV034,287.47
2026-07-09,03:19:42,Tablet-Samsung-WMZ897,452.17
2026-03-05,14:00:40,Microfone-Samsung-ILR223,287.47
2026-03-17,23:04:32,Microfone-HP-JVB504,386.29
2026-06-11,10:17:10,Consola-Lenovo-SCX790,133.75
2026-09-17,13:22:35,Router-Apple-SIJ930,561.97
2026-12-12,11:10:16,Consola-HP-UYH399,23.95
2026-07-01,11:40:08,Drone-AMD-IVQ748,45.91
2026-03-21,04:00:00,MemoriaRAM-Nvidia-WUZ978,627.85
2026-08-20,15:14:24,Microfone-Intel-WNA211,704.71
2026-08-03,02:07:20,Motherboard-Gigabyte-PDU397,825.49
2026-01-20,17:56:48,Consola-Logitech-UWR171,561.97
2026-01-23,04:10:00,Tablet-Nvidia-TZD718,12.97
2026-10-13,19:25:35,Motherboard-Amazon-HGW657,550.99
2026-02-25,20:23:05,MemoriaRAM-Huawei-KSJ329,419.23
2026-12-22,08:03:39,Impressora-Apple-CXD512,12.97
2026-08-17,11:11:24,DiscoSSD-AMD-MCP074,616.87
2026-12-22,17:14:22,Tablet-Samsung-NNU290,56.89
2026-09-18,17:49:18,Laptop-Alienware-BQM286,441.19
2026-02-28,12:31:30,Carregador-Sony-QNK693,45.91
2026-10-16,11:47:16,Microfone-Logitech-YMZ216,507.07
2026-11-20,09:02:08,PlacaGrafica-Razer-XTG740,320.41
2026-02-10,10:38:10,Gamepad-Apple-CQE466,199.63
2026-10-11,22:44:22,Teclado-Razer-QVB402,210.61
2026-07-03,04:08:51,Motherboard-Xiaomi-CRO684,155.71
2026-12-11,10:54:48,Smartphone-Lenovo-FUT506,23.95
2026-07-27,20:39:41,Smartwatch-Logitech-VCE727,23.95
2026-05-26,00:35:55,Smartwatch-Alienware-XOB522,331.39
2026-04-11,23:17:12,DiscoSSD-HP-ZAU496,254.53
2026-04-20,11:31:00,Gamepad-Razer-EYD275,23.95
2026-01-02,15:37:01,Smartphone-Dell-AXU264,100.81
2026-03-05,16:23:15,Microfone-Razer-BPL275,847.45
2026-02-24,20:24:45,Monitor-AMD-DXX473,485.11
2026-07-02,03:19:12,Tablet-MSI-KHG693,221.59
2026-02-22,09:18:24,Processador-LG-JFF625,155.71
2026-06-28,10:28:30,Laptop-Acer-XBU763,221.59
2026-10-12,13:28:00,Camera-MSI-SZN202,210.61
2026-12-30,23:59:00,Carregador-Logitech-ZKD707,166.69
2026-01-18,08:30:36,Motherboard-Dell-GHD585,111.79
2026-11-26,11:43:30,Rato-HP-BXE296,364.33
2026-08-15,19:43:12,Carregador-Lenovo-YCH393,45.91
2026-02-18,04:37:41,Rato-Alienware-WDN273,78.85
2026-07-13,14:14:09,Carregador-Gigabyte-QUH756,243.55
2026-08-10,05:47:28,Processador-Huawei-LCD596,397.27
2026-08-07,22:14:30,Teclado-Apple-LYE070,660.79
2026-04-20,10:54:54,Drone-Nvidia-NQK823,100.81
2026-03-27,02:28:32,Drone-Gigabyte-EFR975,210.61
2026-12-11,13:33:53,Smartphone-Google-NCD120,56.89
2026-04-06,19:00:00,Drone-Nvidia-SBX161,287.47
2026-05-26,11:08:00,Smartwatch-Microsoft-LWS926,430.21
2026-04-05,14:00:30,Motherboard-Xiaomi-LNZ522,23.95
2026-07-24,16:14:40,Headphones-Asus-IOS426,199.63
2026-07-20,16:52:10,Router-Motorola-KDE002,111.79
2026-03-27,23:51:32,Drone-Acer-LSQ054,100.81
2026-05-27,04:27:28,Smartwatch-AMD-HCS872,1.99
2026-02-20,15:13:00,Drone-Motorola-KXX989,111.79
2026-05-30,19:36:00,Rato-Asus-ZYP319,67.87
2026-11-04,20:42:57,Laptop-Samsung-XGX091,298.45
2026-01-15,20:24:00,DiscoSSD-Lenovo-MJF439,781.57
2026-12-24,16:35:36,Camera-AMD-KGI259,529.03
2026-06-19,02:26:24,Headphones-AMD-YRN646,540.01
2026-12-04,04:21:24,PlacaGrafica-Huawei-VKV839,594.91
2026-09-07,05:28:48,Router-Intel-ADM736,67.87
2026-10-04,01:37:03,Laptop-Corsair-SGQ086,583.93
2026-06-05,18:22:27,Headphones-Huawei-GNC794,133.75
2026-12-06,19:53:40,Rato-HP-WYF351,89.83
2026-11-10,01:12:24,Headphones-Microsoft-FVE179,122.77
2026-04-28,14:10:56,Teclado-Asus-QMF040,693.73
2026-09-02,19:51:36,MemoriaRAM-Microsoft-NFO462,67.87
2026-04-25,05:03:17,Processador-HP-DWE235,441.19
2026-07-18,14:47:16,Gamepad-Google-JHH769,474.13
2026-12-27,09:50:15,Carregador-LG-FRR993,232.57
2026-02-14,11:32:21,Smartphone-AMD-ECO079,693.73
2026-09-22,07:54:40,PlacaGrafica-Apple-OLV038,111.79
2026-03-12,00:59:41,MemoriaRAM-Motorola-OYY913,100.81
2026-11-27,08:51:00,Monitor-Samsung-XNL472,89.83
2026-10-09,22:45:12,Processador-Gigabyte-SZX341,111.79
2026-08-25,10:31:30,Laptop-Samsung-QDI317,386.29
2026-01-12,15:25:57,DiscoSSD-Lenovo-HGH886,177.67
2026-10-28,01:40:11,MemoriaRAM-Microsoft-TTC310,34.93
2026-04-15,02:25:46,PlacaGrafica-Acer-BDU704,770.59
2026-08-10,00:54:41,MemoriaRAM-HP-TCL225,12.97
2026-04-25,03:32:45,Coluna-Logitech-WLZ485,34.93
2026-06-20,06:40:57,Gamepad-Logitech-OUF194,309.43
2026-07-30,22:09:46,Drone-Google-FAN952,133.75
2026-08-16,21:47:47,Teclado-Microsoft-WYG672,485.11
2026-03-15,06:58:30,Drone-Gigabyte-EMS935,375.31
2026-02-07,21:48:16,Carregador-Google-WHG062,364.33
2026-08-10,06:56:00,TV-Gigabyte-DTX875,397.27
2026-05-06,22:17:30,Microfone-Dell-CVD078,210.61
2026-04-28,05:46:27,Processador-Intel-THO044,594.91
2026-05-08,11:02:15,Rato-LG-LCR188,12.97
2026-06-14,15:42:32,Projetor-Xiaomi-YMW334,34.93
2026-06-06,22:31:22,Drone-Huawei-ZIW560,1.99
2026-09-02,12:14:24,Rato-Acer-IRJ729,67.87
2026-07-06,19:14:24,DiscoSSD-LG-HXF680,518.05
2026-10-11,12:57:56,Projetor-Motorola-WIE966,188.65
2026-11-16,07:32:48,DiscoSSD-Acer-MRO075,166.69
2026-04-26,23:52:30,Processador-Nokia-WDB638,1.99
2026-05-05,10:08:06,Router-Intel-ATW618,56.89
2026-11-08,14:52:16,Drone-Lenovo-FAI376,12.97
2026-11-28,00:55:00,Carregador-AMD-IDW952,133.75
2026-06-01,12:51:24,Coluna-Lenovo-DES260,144.73
2026-03-22,06:06:56,Motherboard-AMD-ZMZ432,34.93
2026-04-02,20:26:50,DiscoSSD-Nvidia-YKS622,408.25
2026-06-15,06:08:20,Laptop-Xiaomi-ZPT021,276.49
2026-01-10,11:40:30,CaboUSB-Samsung-LFB785,375.31
2026-09-14,13:01:47,Rato-HP-KKV640,12.97
2026-10-18,05:55:20,Coluna-Dell-SOL831,144.73
2026-10-01,17:22:44,Impressora-Asus-TLQ301,1.99
2026-09-23,01:20:06,Consola-Samsung-QFJ333,243.55
2026-07-02,13:30:56,Gamepad-Microsoft-VBI963,320.41
2026-06-10,18:31:00,Gamepad-AMD-NVL565,111.79
2026-04-05,07:36:45,Processador-Gigabyte-PXL520,298.45
2026-07-27,05:15:36,Router-Amazon-ORW128,67.87
2026-11-01,12:21:55,Smartwatch-Motorola-PTI655,12.97
2026-09-18,22:03:48,PlacaGrafica-Gigabyte-XDE386,1.99
2026-12-15,00:15:20,Monitor-Logitech-KXP495,463.15
2026-10-10,05:32:00,Monitor-Corsair-JND396,485.11
2026-12-28,08:31:15,TV-HP-NQR643,276.49
2026-02-03,21:44:06,MemoriaRAM-Samsung-FBW106,177.67
2026-03-03,13:28:09,TV-Huawei-RCD149,726.67
2026-06-11,18:42:40,Teclado-Huawei-YRA361,309.43
2026-11-21,22:43:12,Headphones-Microsoft-SQV508,100.81
2026-10-25,12:18:52,Drone-Google-RNX707,232.57
2026-02-22,04:00:39,PlacaGrafica-Gigabyte-YMH011,276.49
2026-07-15,02:02:00,Laptop-Alienware-ALE689,155.71
2026-03-12,20:29:02,Laptop-Nvidia-LTV249,23.95
2026-06-17,20:33:20,Projetor-Motorola-UIP194,210.61
2026-11-11,02:36:12,Projetor-Razer-QBM813,34.93
2026-03-24,16:14:48,Monitor-HP-RED351,23.95
2026-03-15,02:39:18,Smartwatch-Xiaomi-ORD074,781.57
2026-05-22,22:22:58,Projetor-HP-YDE064,34.93
2026-01-27,20:00:00,DiscoSSD-AMD-UZR657,276.49
2026-09-18,14:07:00,Rato-MSI-GFK027,89.83
2026-02-16,13:25:56,Camera-Asus-KIK304,287.47
2026-07-08,18:42:00,Tablet-Sony-TLF683,386.29
2026-06-21,08:55:44,CaboUSB-Razer-LRU398,232.57
2026-03-11,00:07:45,DiscoSSD-HP-KVD355,550.99
2026-09-03,22:29:30,CaboUSB-Motorola-QKO752,89.83
2026-10-17,01:56:24,TV-MSI-FSJ308,1.99
2026-10-23,08:22:52,Smartphone-HP-JJR874,221.59
2026-12-01,23:15:12,Gamepad-Intel-FMJ801,56.89
2026-01-20,00:40:00,Carregador-Nokia-JWS591,507.07
2026-09-11,05:39:54,TV-HP-SGX956,408.25
2026-10-26,01:40:08,Headphones-MSI-RBD250,45.91
2026-11-02,19:25:24,MemoriaRAM-Amazon-YHC908,935.29
2026-06-01,07:23:45,Coluna-Razer-NGJ954,638.83
2026-02-03,10:59:48,Router-AMD-EZB375,364.33
2026-03-12,09:42:00,Impressora-Razer-KIS439,45.91
2026-09-04,04:45:01,Consola-Samsung-IKP811,12.97
2026-11-13,16:53:51,Gamepad-AMD-PJK704,540.01
2026-11-08,18:53:22,Drone-Xiaomi-HKY354,199.63
2026-10-08,21:21:00,Motherboard-Dell-WAG702,507.07
2026-10-08,16:27:00,Smartphone-Samsung-JVP098,56.89
2026-12-06,10:45:18,Impressora-Google-KIT405,386.29
2026-09-13,14:04:35,Microfone-Nokia-FGZ931,265.51
2026-09-11,19:38:20,Motherboard-Corsair-FPE806,364.33
2026-09-08,08:02:08,Drone-Microsoft-MRB710,23.95
2026-09-15,19:29:57,Monitor-Motorola-EUR073,682.75
2026-03-24,14:44:50,Monitor-AMD-OKS633,144.73
2026-09-04,23:12:00,Impressora-Dell-LJH148,111.79
2026-09-04,17:13:50,Router-Alienware-SKO018,122.77
2026-09-28,05:30:57,Motherboard-Asus-UEX639,507.07
2026-11-06,15:28:01,Smartphone-Dell-ADR590,34.93
2026-06-11,18:48:42,Headphones-Razer-HLW375,660.79
2026-11-16,18:54:00,Consola-Gigabyte-DAO456,122.77
2026-02-18,20:52:10,MemoriaRAM-Alienware-XVI057,177.67
2026-08-02,18:31:48,Coluna-Acer-CEJ792,276.49
2026-01-23,00:49:30,Carregador-Acer-QVR314,1.99
2026-01-15,15:52:20,Tablet-Amazon-XIR266,232.57
2026-06-21,03:21:36,Smartphone-Sony-JGW978,320.41
2026-02-25,02:14:24,Tablet-Nokia-ALH950,1.99
2026-03-15,09:59:15,Carregador-Lenovo-YRN942,485.11
2026-07-14,20:07:41,Gamepad-Asus-RVC942,485.11
2026-10-12,14:10:00,CaboUSB-Gigabyte-QQW069,364.33
2026-08-16,16:39:36,Router-Apple-TGO791,463.15
2026-04-11,14:18:45,Processador-Samsung-RTD609,254.53
2026-11-01,00:51:40,Gamepad-Google-JLD238,232.57
2026-08-11,11:07:28,Headphones-Logitech-YKM644,144.73
2026-04-07,21:06:48,Drone-Motorola-QMJ182,133.75
2026-01-10,12:37:20,Projetor-Intel-CTS284,320.41
2026-05-26,18:31:31,Smartwatch-Microsoft-ZHN152,463.15
2026-10-06,21:05:44,Motherboard-Nvidia-AER717,23.95
2026-09-20,23:00:13,Consola-Lenovo-JTU658,12.97
2026-05-17,23:38:48,Processador-Gigabyte-UDD084,210.61
2026-02-27,17:32:32,Gamepad-Dell-CNB772,166.69
2026-06-24,08:48:10,Rato-HP-WSP086,529.03
2026-09-01,00:03:38,Microfone-Alienware-FZM073,56.89
2026-11-27,22:21:28,CaboUSB-Corsair-FTM139,100.81
2026-03-03,06:10:00,Rato-LG-TYM851,364.33
2026-10-03,15:04:36,Tablet-Acer-UZP077,177.67
2026-12-07,01:46:38,DiscoSSD-Lenovo-AYN726,78.85
2026-02-22,07:57:00,Headphones-Nokia-PUN675,12.97
2026-12-05,23:50:09,Laptop-Dell-WCM551,616.87
2026-04-21,18:32:03,Smartwatch-LG-ZUH040,287.47
2026-07-04,05:56:48,Microfone-Xiaomi-DCL911,298.45
2026-06-15,07:35:42,Projetor-Razer-TAJ858,221.59
2026-04-03,03:20:10,Projetor-Apple-PCO135,594.91
2026-11-14,16:00:00,DiscoSSD-MSI-LPV095,364.33
2026-10-01,12:08:45,Drone-Microsoft-WWY456,78.85
2026-12-13,01:08:21,Monitor-Asus-PVA686,1.99
2026-11-11,17:28:45,Motherboard-Motorola-CPS513,221.59
2026-03-01,00:50:56,Gamepad-Nokia-DDP201,616.87
2026-07-01,02:03:15,CaboUSB-MSI-ZJL549,748.63
2026-06-05,16:38:30,Smartwatch-Motorola-SUX141,386.29
2026-05-28,13:24:06,Processador-Razer-KUZ669,254.53
2026-01-21,12:56:10,CaboUSB-Nokia-DHS179,23.95
2026-02-19,00:34:54,Router-MSI-OPQ427,210.61
2026-09-22,19:09:29,Microfone-HP-WHG959,155.71
2026-12-07,04:26:45,Laptop-Dell-MWC358,122.77
2026-08-22,17:13:54,Projetor-Corsair-KDR751,1.99
2026-07-24,18:12:00,Processador-Lenovo-ICX762,89.83
2026-02-18,23:21:18,Carregador-Samsung-AYI942,364.33
2026-08-17,00:25:48,Headphones-Asus-JPQ038,858.43
2026-05-14,18:02:24,DiscoSSD-Microsoft-HCH655,23.95
2026-10-11,10:55:26,CaboUSB-Apple-RSM069,56.89
2026-11-10,06:30:00,Drone-Huawei-YXA580,23.95
2026-07-02,11:02:52,Impressora-Motorola-UYN841,78.85
2026-10-07,19:20:04,MemoriaRAM-Razer-ADQ710,78.85
2026-11-04,14:24:00,PlacaGrafica-Apple-FQH795,144.73
2026-04-05,01:13:30,Camera-Nokia-MSI514,34.93
2026-03-07,16:59:14,Processador-MSI-ZQT829,133.75
2026-03-25,04:51:58,Coluna-Acer-ZAX276,111.79
2026-05-28,09:15:50,DiscoSSD-Apple-SNR080,320.41
2026-03-14,14:50:55,Rato-Nokia-AVQ530,122.77
2026-10-25,16:08:06,TV-Gigabyte-XIR982,452.17
2026-01-09,20:55:06,Carregador-Microsoft-QUA467,298.45
2026-03-03,12:31:27,Router-Alienware-VZY427,12.97
2026-10-22,08:51:12,Tablet-Microsoft-KVG446,221.59
2026-05-02,06:38:40,Laptop-Samsung-AET483,1.99
2026-08-19,14:31:01,TV-MSI-VFD561,122.77
2026-10-23,00:40:00,Smartwatch-Sony-OOM111,12.97
2026-08-13,01:38:09,Laptop-Corsair-GMS349,309.43
2026-01-19,13:32:55,MemoriaRAM-Apple-CER231,45.91
2026-11-13,06:24:00,Coluna-Lenovo-OZP266,320.41
2026-09-27,11:52:52,Carregador-MSI-QRQ256,23.95
2026-02-17,15:19:28,Motherboard-Huawei-KZU358,100.81
2026-11-05,14:39:35,Tablet-Microsoft-VAR270,507.07
2026-01-08,00:51:20,Drone-Nokia-KLD211,254.53
2026-07-10,05:25:00,Camera-Motorola-MHO966,34.93
2026-02-20,19:47:04,Motherboard-Asus-UNO750,89.83
2026-02-23,00:35:06,Impressora-Gigabyte-QLN263,34.93
2026-02-19,09:26:40,Laptop-LG-SNT719,408.25
2026-06-28,14:43:12,PlacaGrafica-Lenovo-KIP792,265.51
2026-02-13,04:27:02,Laptop-Motorola-YIP238,594.91
2026-10-15,01:17:44,Gamepad-Alienware-HVY248,166.69
2026-09-24,09:58:36,Tablet-MSI-TWP061,188.65
2026-04-10,13:15:34,Microfone-Google-FFR300,89.83
2026-12-12,23:55:20,Laptop-Amazon-YCO518,529.03
2026-11-10,01:09:18,Projetor-Samsung-DVX873,210.61
2026-10-07,01:15:24,TV-Corsair-CJU158,56.89
2026-07-13,02:31:06,Coluna-Razer-ZTT386,45.91
2026-01-26,01:16:51,Laptop-Motorola-OTL514,792.55
2026-01-23,19:03:58,DiscoSSD-Google-CJD179,23.95
2026-03-23,20:59:44,Consola-AMD-RDC333,232.57
2026-08-25,23:11:00,Processador-Acer-GFQ012,1.99
2026-01-28,03:04:48,Tablet-Google-LQH716,111.79
2026-09-03,13:20:32,Processador-Apple-PGG453,704.71
2026-10-21,06:54:18,Teclado-Sony-ADB246,67.87
2026-10-09,01:15:52,Coluna-Xiaomi-YXQ349,1.99
2026-06-15,07:28:48,Teclado-Lenovo-BEP479,177.67
2026-02-04,09:23:33,Teclado-Xiaomi-FZS008,309.43
2026-10-16,15:27:16,Projetor-Corsair-QSH125,199.63
2026-12-17,22:33:24,Drone-AMD-DOJ260,529.03
2026-12-08,14:27:36,Drone-Microsoft-DMJ082,34.93
2026-09-26,09:19:00,MemoriaRAM-Xiaomi-STA739,34.93
2026-10-18,16:56:42,DiscoSSD-Corsair-JWY590,561.97
2026-09-11,09:13:03,CaboUSB-Nokia-CTF721,221.59
2026-08-16,22:10:08,TV-Nvidia-KLB300,353.35
2026-08-23,21:47:55,MemoriaRAM-Logitech-VFE253,34.93
2026-05-01,22:31:18,Gamepad-Motorola-VJS615,935.29
2026-03-09,14:37:25,Gamepad-Lenovo-GUV148,166.69
2026-05-18,16:59:15,Headphones-Corsair-UIF308,89.83
2026-06-23,19:32:08,Motherboard-Xiaomi-XMV100,177.67
2026-03-25,02:22:34,Consola-AMD-AKR773,34.93
2026-12-25,18:59:11,PlacaGrafica-HP-DRL395,375.31
