Data,Hora,Produto,Preco
2026-03-10,01:39:24,Smartwatch-Amazon-RUU643,748.63
2026-11-23,08:25:40,Coluna-Xiaomi-BLB726,210.61
2026-06-24,20:17:34,CaboUSB-Razer-HYQ809,1.99
2026-02-27,15:54:24,Router-Google-LYY996,23.95
2026-05-14,05:12:00,Impressora-Motorola-BVO617,671.77
2026-04-29,03:33:27,Motherboard-Asus-AOY883,23.95
2026-05-23,12:43:53,Drone-Acer-KON611,232.57
2026-10-12,17:39:12,Coluna-Acer-FXX445,583.93
2026-07-26,21:01:26,Smartwatch-Intel-IYC413,12.97
2026-10-01,13:46:30,TV-Lenovo-JZG891,342.37
2026-01-27,09:00:00,Monitor-Microsoft-MSU037,320.41
2026-09-19,19:08:45,Consola-Samsung-DRN348,188.65
2026-10-21,03:05:52,Projetor-Xiaomi-JTX427,78.85
2026-07-28,09:27:53,Headphones-Apple-GMT367,12.97
2026-04-19,03:54:00,PlacaGrafica-Corsair-TXS650,12.97
2026-09-23,23:49:56,Tablet-MSI-JZL969,298.45
2026-06-03,23:15:44,CaboUSB-Sony-JFL895,34.93
2026-05-24,02:52:10,DiscoSSD-Gigabyte-TGG938,34.93
2026-10-04,04:42:00,Smartphone-Dell-KDQ613,89.83
2026-03-19,00:32:20,DiscoSSD-Sony-INJ738,155.71
2026-03-09,23:09:04,Smartwatch-Alienware-YZM578,56.89
2026-10-06,18:51:45,DiscoSSD-Alienware-RDR445,1001.17
2026-09-21,08:20:42,PlacaGrafica-MSI-ELP664,287.47
2026-10-16,03:10:28,MemoriaRAM-Huawei-DHT314,408.25
2026-05-02,13:00:00,Laptop-AMD-DGE225,100.81
2026-08-01,06:26:47,Smartphone-Google-HBE806,375.31
2026-02-03,05:44:15,Drone-Huawei-AVF721,463.15
2026-04-13,07:01:00,Projetor-Nokia-YIL016,430.21
2026-05-21,12:00:00,MemoriaRAM-Xiaomi-TPV755,45.91
2026-01-11,08:12:34,Gamepad-MSI-NFV027,375.31
2026-12-09,19:12:00,PlacaGrafica-Xiaomi-COR767,550.99
2026-03-18,05:51:40,Microfone-HP-QJQ662,56.89
2026-04-12,20:49:12,Gamepad-Dell-EAT534,23.95
2026-04-07,16:50:24,Tablet-MSI-BOY223,386.29
2026-09-27,03:41:06,Microfone-Sony-BFH852,704.71
2026-08-19,08:37:12,DiscoSSD-Xiaomi-RPV290,45.91
2026-04-23,07:39:08,Router-Nokia-DQV959,144.73
2026-08-25,13:42:24,Impressora-Intel-GMZ219,155.71
2026-10-08,20:57:51,TV-Apple-KHK632,45.91
2026-03-15,16:37:14,Processador-Amazon-KDR029,122.77
2026-11-09,15:17:28,Camera-Acer-OUJ121,660.79
2026-03-15,02:18:40,Consola-Alienware-IJW194,847.45
2026-02-13,01:45:54,Carregador-Gigabyte-SQZ322,342.37
2026-02-14,15:30:28,Microfone-Logitech-CQW944,232.57
2026-06-22,20:52:20,Camera-Dell-VIO486,155.71
2026-10-13,17:21:15,Projetor-Sony-KSD768,1.99
2026-06-25,02:19:46,Tablet-Gigabyte-ISR833,144.73
2026-12-05,09:56:06,MemoriaRAM-Google-RFE274,770.59
2026-05-01,02:57:14,TV-Gigabyte-LII387,748.63
2026-03-03,04:17:22,Consola-Dell-RXJ712,441.19
2026-11-06,16:21:20,Processador-Intel-MSI635,111.79
2026-03-03,21:22:55,Monitor-Acer-GFF389,550.99
2026-09-27,21:04:51,Carregador-Nokia-ZUS127,430.21
2026-04-16,14:24:48,Router-Corsair-ODX082,199.63
2026-10-20,01:28:45,Router-MSI-HOV030,122.77
2026-02-17,20:19:50,CaboUSB-Logitech-IPJ857,34.93
2026-02-02,08:00:24,MemoriaRAM-Samsung-MWD470,759.61
2026-03-10,13:19:20,Projetor-Sony-GNQ312,254.53
2026-05-16,13:10:23,TV-Dell-OOH189,572.95
2026-11-26,22:42:27,Drone-Asus-OUF897,243.55
2026-05-29,12:36:48,Processador-Samsung-ECN060,78.85
2026-07-19,21:44:22,PlacaGrafica-Motorola-IFT995,408.25
2026-05-28,20:41:30,Camera-AMD-IML888,1.99
2026-02-10,20:20:35,Monitor-Intel-JAZ355,89.83
2026-07-18,23:22:12,Headphones-Gigabyte-IMX835,243.55
2026-06-25,05:28:52,Impressora-MSI-TWJ222,1.99
2026-05-07,03:29:06,DiscoSSD-Intel-IPF568,408.25
2026-05-16,07:50:25,CaboUSB-Nokia-DKF933,243.55
2026-11-06,11:22:12,DiscoSSD-Motorola-SAN991,12.97
2026-03-22,18:31:04,Laptop-Sony-PCT991,397.27
2026-04-18,14:42:55,MemoriaRAM-MSI-SAD224,1.99
2026-06-30,23:20:40,Gamepad-Microsoft-GTP917,12.97
2026-01-13,13:40:12,Consola-MSI-WSB673,627.85
2026-04-08,05:30:46,CaboUSB-Motorola-BLG177,56.89
2026-09-02,12:07:55,Laptop-Google-TDR261,100.81
2026-01-26,16:14:33,Gamepad-Gigabyte-FHE371,12.97
2026-07-07,16:59:00,Laptop-HP-JSL832,100.81
2026-05-01,14:41:48,DiscoSSD-Gigabyte-IOY922,34.93
2026-08-21,14:33:30,Camera-Intel-KVD321,133.75
2026-02-26,18:54:29,Headphones-Nokia-RZT381,704.71
2026-12-13,14:03:30,Microfone-Apple-ESQ333,540.01
2026-03-21,22:04:54,Tablet-Razer-DJK418,210.61
2026-04-24,16:27:00,Coluna-Razer-EJS138,342.37
2026-05-05,23:59:56,Monitor-Samsung-VWL743,56.89
2026-05-23,02:16:00,Carregador-Nokia-IHI368,430.21
2026-12-23,02:19:00,Microfone-Sony-MXE642,529.03
2026-03-12,04:52:27,Coluna-Nokia-VLB357,265.51
2026-05-07,19:54:27,Camera-Microsoft-RGP198,67.87
2026-11-20,16:24:24,PlacaGrafica-LG-OWI033,67.87
2026-11-22,01:43:30,Smartwatch-Samsung-ROW610,496.09
2026-11-01,11:09:20,MemoriaRAM-Microsoft-TYA888,177.67
2026-04-09,22:51:00,Headphones-Corsair-YTT415,825.49
2026-10-04,04:19:48,Microfone-HP-SKF151,1.99
2026-08-28,20:39:25,Projetor-Xiaomi-DTE886,638.83
2026-04-15,18:52:51,DiscoSSD-Gigabyte-YOG266,529.03
2026-06-11,17:59:36,Headphones-Xiaomi-CYE218,276.49
2026-10-18,11:04:50,Motherboard-MSI-IPB203,56.89
2026-02-22,03:53:04,Motherboard-Razer-HXH082,594.91
2026-06-05,04:11:27,Laptop-Google-YWQ082,616.87
2026-10-26,20:12:48,Coluna-LG-TOW490,397.27
2026-03-15,01:00:50,Consola-Samsung-LWL518,122.77
2026-06-10,13:41:18,Impressora-Motorola-OXD385,12.97
2026-09-19,01:38:00,Router-Gigabyte-CJP357,430.21
2026-02-07,07:46:40,Consola-Motorola-DWS348,550.99
2026-03-25,09:46:24,Tablet-AMD-ZXN193,12.97
2026-06-30,12:25:10,Camera-Motorola-NBL112,309.43
2026-04-01,20:33:20,Carregador-Samsung-DRU276,320.41
2026-01-06,18:02:16,Teclado-Sony-QRA697,748.63
2026-06-16,08:13:00,MemoriaRAM-Xiaomi-YMT533,474.13
2026-08-14,21:12:54,Smartwatch-Razer-AGV888,23.95
2026-11-17,21:30:10,Projetor-Corsair-TVZ965,682.75
2026-09-12,10:37:30,Microfone-MSI-HCC663,111.79
2026-12-25,02:15:59,Laptop-Apple-ZXR498,78.85
2026-02-06,05:22:35,Camera-Lenovo-ROK535,188.65
2026-11-14,09:22:00,Drone-LG-NWY351,23.95
2026-02-19,08:28:00,Headphones-Asus-KFW174,550.99
2026-02-21,04:44:02,Motherboard-MSI-IOA677,210.61
2026-08-17,02:43:12,Headphones-Corsair-CUL735,221.59
2026-05-07,18:06:36,PlacaGrafica-MSI-WTX553,990.19
2026-01-25,18:26:58,DiscoSSD-MSI-VTL304,78.85
2026-12-01,15:44:41,Gamepad-Samsung-JKT012,572.95
2026-12-17,07:02:54,Tablet-Apple-MHI272,507.07
2026-03-12,09:25:30,Teclado-LG-HYE179,1.99
2026-04-01,19:28:21,Teclado-Acer-PWP328,957.25
2026-12-08,12:08:45,Teclado-Alienware-PAP655,298.45
2026-07-04,18:37:30,Drone-Xiaomi-CCF033,935.29
2026-11-06,09:45:00,Motherboard-Nvidia-XDS455,166.69
2026-08-15,19:46:19,Smartphone-Alienware-ZFV337,265.51
2026-01-12,05:12:12,Laptop-Lenovo-YOQ946,803.53
2026-11-08,00:29:12,PlacaGrafica-HP-SND242,1.99
2026-05-09,16:12:36,Consola-Logitech-LBN413,550.99
2026-04-17,06:20:04,Rato-Huawei-WJJ692,177.67
2026-12-05,14:10:48,Processador-AMD-SJS125,12.97
2026-01-22,21:09:00,PlacaGrafica-Google-FGP557,254.53
2026-03-28,06:14:32,Headphones-Lenovo-ALB317,177.67
2026-02-10,04:24:42,DiscoSSD-Acer-IND290,452.17
2026-03-04,09:44:00,PlacaGrafica-Xiaomi-LSN556,56.89
2026-01-18,17:51:30,Rato-Razer-JBX918,78.85
2026-08-10,05:44:48,Drone-Corsair-DYX266,375.31
2026-01-04,11:08:28,Processador-Nvidia-ODU414,1.99
2026-12-06,16:11:44,Gamepad-Google-NIF071,243.55
2026-07-28,15:45:36,Microfone-Nokia-LEB075,78.85
2026-01-05,20:39:46,Projetor-Razer-KIV578,12.97
2026-11-28,03:56:25,Teclado-Nokia-QDV403,12.97
2026-07-13,10:17:24,Router-Google-SOC109,210.61
2026-11-14,05:56:24,TV-MSI-HFY141,210.61
2026-05-07,23:45:00,Impressora-Corsair-BHY046,375.31
2026-04-04,23:40:00,Coluna-Corsair-JKX023,232.57
2026-12-27,09:03:36,CaboUSB-Asus-LZP109,67.87
2026-02-16,18:14:24,CaboUSB-Logitech-TKD205,177.67
2026-09-03,04:40:00,Laptop-Gigabyte-EFW220,12.97
2026-05-02,00:54:20,MemoriaRAM-Amazon-MRU173,188.65
2026-02-22,05:35:20,DiscoSSD-Nokia-XTK184,56.89
2026-03-21,23:31:26,Impressora-Nokia-RMY906,243.55
2026-03-01,16:39:00,Rato-Logitech-DAQ097,67.87
2026-05-07,17:45:45,PlacaGrafica-Asus-VCK076,320.41
2026-07-09,14:20:00,Router-Alienware-JWX881,23.95
2026-11-17,23:14:51,Smartphone-Nokia-QRE162,243.55
2026-05-10,08:46:45,DiscoSSD-Intel-IPG968,770.59
2026-06-26,04:58:20,DiscoSSD-Asus-TGJ255,221.59
2026-05-23,10:43:16,Headphones-Microsoft-SNO608,605.89
2026-07-16,18:38:00,Processador-Amazon-JTE434,67.87
2026-04-05,23:43:46,Motherboard-Gigabyte-PQC278,67.87
2026-03-28,22:20:40,Smartwatch-Asus-BML519,276.49
2026-03-26,01:24:20,Gamepad-Logitech-XTC046,781.57
2026-11-25,13:54:48,Carregador-Lenovo-ZFE944,100.81
2026-09-25,13:00:12,Coluna-Corsair-CHL946,474.13
2026-03-12,03:18:18,Teclado-Samsung-WJG799,485.11
2026-05-10,08:15:04,Consola-Alienware-KRD851,550.99
2026-11-03,01:31:48,Camera-Dell-LTQ651,133.75
2026-04-27,15:13:45,Smartphone-Apple-OPP120,320.41
2026-09-19,03:10:25,CaboUSB-MSI-UWU963,419.23
2026-08-01,06:50:24,Camera-Amazon-VQJ261,100.81
2026-12-03,02:39:45,PlacaGrafica-Amazon-HLY842,419.23
2026-10-16,06:58:30,Gamepad-Microsoft-RZV048,419.23
2026-01-10,21:16:45,Smartwatch-Huawei-ANO937,155.71
2026-03-17,03:17:24,Smartphone-Sony-YWC675,122.77
2026-09-23,15:02:00,MemoriaRAM-LG-NCE146,550.99
2026-06-15,20:07:55,Headphones-Apple-YFG689,12.97
2026-06-28,18:42:10,MemoriaRAM-Alienware-UKX846,518.05
2026-10-06,02:44:50,Impressora-Sony-GSB007,23.95
2026-05-01,06:31:18,Motherboard-Acer-CZQ407,660.79
2026-03-17,02:06:30,Carregador-HP-TTP316,188.65
2026-07-31,12:42:00,Headphones-Microsoft-LFH223,23.95
2026-06-11,18:17:54,Smartwatch-Sony-JJL178,232.57
2026-12-26,19:17:08,Projetor-Nvidia-OTH492,540.01
2026-08-19,05:39:16,Smartphone-Acer-RLT692,56.89
2026-03-09,01:05:30,Teclado-Intel-ZID793,12.97
2026-02-01,21:12:52,Teclado-Microsoft-JUN664,221.59
2026-05-14,09:11:40,Camera-Corsair-VSH613,188.65
2026-07-29,17:09:20,Smartwatch-Amazon-KHA619,78.85
2026-08-07,03:45:52,Headphones-MSI-DPJ088,331.39
2026-03-04,19:39:05,Camera-MSI-ZNE978,45.91
2026-09-11,18:48:53,Teclado-Microsoft-TOV895,309.43
2026-10-20,04:31:20,Camera-Acer-FYK439,210.61
2026-07-08,06:44:56,Impressora-Huawei-LXP061,1.99
2026-11-08,02:50:16,Projetor-Google-FCA573,177.67
2026-03-02,01:19:52,Camera-Google-TWM292,23.95
2026-07-17,09:57:54,Coluna-MSI-FJN618,254.53
2026-02-10,08:44:52,Microfone-Apple-ZCI597,572.95
2026-01-02,23:47:46,Motherboard-Microsoft-LZV173,45.91
2026-12-15,23:53:52,Rato-Huawei-FAB990,529.03
2026-07-24,17:24:52,Consola-Sony-AOB553,144.73
2026-10-24,01:55:38,Tablet-Asus-SUQ534,133.75
2026-11-07,07:42:48,Smartwatch-Gigabyte-ZCI397,23.95
2026-01-23,10:05:21,Impressora-Nokia-OLQ660,78.85
2026-01-11,08:18:48,Processador-Lenovo-NFO951,748.63
2026-08-12,08:56:26,Processador-Apple-BYQ817,254.53
2026-04-17,07:49:13,TV-Samsung-NRR352,199.63
2026-03-06,17:22:48,Carregador-Nokia-ESD017,23.95
2026-01-10,08:35:26,Carregador-Amazon-DRM899,364.33
2026-05-23,23:57:14,Drone-Dell-MOI828,45.91
2026-11-25,08:47:18,Smartwatch-Sony-RDH179,572.95
2026-01-10,09:54:10,Gamepad-MSI-IVY856,12.97
2026-10-14,21:46:55,Camera-AMD-WJU269,122.77
2026-08-08,15:48:00,DiscoSSD-Huawei-HQI778,485.11
2026-08-07,17:54:01,Monitor-LG-TFE356,518.05
2026-08-27,21:22:00,Coluna-Amazon-PIT869,34.93
2026-10-25,08:18:28,CaboUSB-Dell-PZM917,540.01
2026-08-28,13:40:14,Rato-Logitech-IMZ047,177.67
2026-08-28,17:04:30,Router-Dell-VFG538,803.53
2026-04-08,16:35:42,Carregador-Xiaomi-OVC335,56.89
2026-12-21,12:18:32,Projetor-Xiaomi-NKN846,1.99
2026-02-27,08:02:00,Impressora-Gigabyte-NAK268,419.23
2026-02-20,02:57:27,Microfone-Corsair-ZBV511,397.27
2026-09-25,18:06:31,CaboUSB-LG-FQE676,56.89
2026-01-04,13:20:54,PlacaGrafica-Motorola-ESF357,34.93
2026-10-24,05:24:08,Gamepad-Nvidia-GSQ568,177.67
2026-06-28,21:59:24,Tablet-MSI-GKE263,309.43
2026-04-13,02:25:56,Processador-Samsung-ZVK165,408.25
2026-02-07,14:13:20,Headphones-Lenovo-MTS045,320.41
2026-08-23,17:56:50,PlacaGrafica-Intel-TIC434,298.45
2026-06-21,15:14:12,Microfone-Alienware-WQP838,45.91
2026-09-02,16:44:51,Camera-Dell-DMD682,1.99
2026-01-24,12:32:30,TV-Microsoft-ZCP822,221.59
2026-09-26,19:30:56,Projetor-Lenovo-NSG338,1.99
2026-09-05,18:29:04,Microfone-Samsung-YXA505,12.97
2026-06-22,12:52:06,Tablet-MSI-DKZ087,331.39
2026-12-12,20:42:50,Laptop-Razer-AAX141,45.91
2026-03-07,08:12:14,Rato-Amazon-OPZ736,177.67
2026-02-11,07:35:00,Drone-Motorola-GTX531,122.77
2026-06-10,06:32:23,Tablet-Asus-DFO391,67.87
2026-10-16,09:16:21,Carregador-Apple-XRQ300,23.95
2026-11-22,18:46:24,Drone-Huawei-HEO553,397.27
2026-10-13,14:53:04,Motherboard-Alienware-LPA168,34.93
2026-03-18,23:43:49,Gamepad-AMD-SLR053,287.47
2026-04-01,01:04:34,Smartphone-Logitech-JNX481,660.79
2026-04-13,10:48:18,Headphones-Huawei-FEP310,441.19
2026-05-25,18:25:20,Impressora-Lenovo-HYS014,78.85
2026-08-13,01:30:50,Microfone-Logitech-MVI226,12.97
2026-01-26,17:13:30,DiscoSSD-Xiaomi-FML447,89.83
2026-05-06,17:54:20,Coluna-Asus-VXG730,188.65
2026-05-10,09:04:19,Router-Nvidia-FMA955,188.65
2026-02-26,09:17:39,Impressora-Sony-PBJ811,1.99
2026-05-26,00:46:39,Smartphone-Logitech-LEH039,100.81
2026-02-24,12:30:36,PlacaGrafica-Nvidia-TYI595,23.95
2026-01-30,15:32:50,Tablet-Razer-TNG144,726.67
2026-09-01,01:57:45,CaboUSB-Dell-RKK048,221.59
2026-03-26,18:36:36,Coluna-Intel-VAC771,78.85
2026-06-02,20:48:40,Motherboard-Dell-TJI646,122.77
2026-06-19,10:03:36,CaboUSB-Acer-CJQ964,23.95
2026-04-04,20:26:03,Headphones-Google-YHL362,243.55
2026-01-24,06:07:14,Projetor-Google-SMN192,518.05
2026-03-19,17:18:40,Tablet-Lenovo-OIM885,155.71
2026-02-20,12:58:57,Motherboard-LG-DKG550,320.41
2026-04-03,16:53:06,Drone-Asus-QSI347,1.99
2026-11-07,21:55:30,Smartphone-MSI-QOY211,463.15
2026-08-28,05:30:18,Smartwatch-Acer-AYM083,452.17
2026-03-13,10:57:25,Headphones-Gigabyte-NEX878,594.91
2026-09-07,08:50:24,Microfone-Samsung-ILT440,45.91
2026-09-08,06:01:40,Impressora-Razer-LCX651,12.97
2026-01-01,20:38:10,Consola-Sony-SYF889,1.99
2026-01-17,22:21:30,Gamepad-Dell-TOI038,1001.17
2026-04-28,15:40:30,Microfone-AMD-FKO698,155.71
2026-11-13,00:03:45,Camera-MSI-BLN262,276.49
2026-01-02,19:47:21,Teclado-Alienware-LFA245,1012.15
2026-02-02,10:19:00,Smartphone-Dell-HDY642,1.99
2026-10-10,15:24:00,Headphones-MSI-AMZ399,12.97
2026-02-12,02:38:40,Microfone-HP-QOA992,298.45
2026-06-08,23:43:44,Router-Intel-HPA794,111.79
2026-11-25,11:27:33,Projetor-Apple-LXK022,23.95
2026-12-03,11:15:24,Microfone-MSI-MKY436,759.61
2026-10-21,03:12:09,Router-Lenovo-KIO952,375.31
2026-12-19,12:10:12,MemoriaRAM-Microsoft-KZQ631,759.61
2026-04-14,06:56:00,Camera-Gigabyte-DYP286,221.59
2026-03-26,07:38:52,Gamepad-Amazon-KUE820,792.55
2026-11-13,12:55:44,PlacaGrafica-Google-EZD421,265.51
2026-02-10,16:25:03,Motherboard-Apple-YQH193,342.37
2026-11-03,22:20:20,Rato-Amazon-DFH742,649.81
2026-01-23,10:12:00,DiscoSSD-MSI-NFA829,89.83
2026-05-28,19:26:24,Laptop-Google-LEC823,594.91
2026-11-15,10:54:49,Tablet-Amazon-SRJ864,507.07
2026-08-11,09:17:42,DiscoSSD-Intel-MHR568,89.83
2026-07-20,20:12:10,Smartphone-Asus-OCK407,660.79
2026-09-15,17:20:28,Microfone-Asus-LGN780,199.63
2026-08-15,20:06:12,Processador-Intel-GEV357,572.95
2026-05-23,08:25:42,Monitor-Gigabyte-FBY819,419.23
2026-06-04,08:49:36,Carregador-Razer-NOV231,177.67
2026-07-29,07:24:09,Coluna-Microsoft-OYK561,430.21
2026-04-24,05:46:08,TV-LG-SRM890,353.35
2026-12-24,09:56:09,Motherboard-Xiaomi-AXP504,67.87
2026-08-05,21:10:03,Gamepad-Huawei-REF443,386.29
2026-08-13,04:29:15,Impressora-Sony-EYC616,386.29
2026-11-21,05:32:06,Projetor-Acer-YLC628,78.85
2026-09-25,11:20:00,Smartwatch-Razer-XSN174,715.69
2026-08-12,05:35:05,PlacaGrafica-Nvidia-WSM090,298.45
2026-09-02,23:35:41,Rato-LG-WPG249,463.15
2026-07-16,19:10:40,MemoriaRAM-Asus-BED735,188.65
2026-11-09,16:00:56,Projetor-Alienware-KLQ041,243.55
2026-01-12,01:09:10,DiscoSSD-Nvidia-ODO927,89.83
2026-05-10,19:55:21,Rato-Samsung-EXF049,408.25
2026-07-16,15:54:41,Laptop-HP-HKP954,232.57
2026-04-17,11:48:39,Smartwatch-Motorola-NTE905,221.59
2026-08-01,02:58:56,Camera-MSI-ZMH481,825.49
2026-04-20,16:21:30,TV-Sony-CTW564,485.11
2026-01-19,08:00:00,MemoriaRAM-Dell-TVF443,540.01
2026-05-22,02:30:48,Coluna-Asus-BUJ914,210.61
2026-04-15,19:03:31,Laptop-HP-JKJ848,496.09
2026-05-16,18:15:54,Teclado-Nvidia-YGQ111,177.67
2026-07-28,11:21:04,Impressora-Amazon-EQR207,23.95
2026-04-18,10:01:33,Gamepad-Asus-QIS240,254.53
2026-11-26,15:16:25,Projetor-Sony-KIH675,561.97
2026-05-28,05:37:36,Router-Alienware-INW906,111.79
2026-08-11,01:43:00,TV-Nokia-UTC392,144.73
2026-01-26,14:28:48,Coluna-Microsoft-UTW363,34.93
2026-02-15,03:17:40,Processador-Apple-KKQ827,111.79
2026-10-19,08:20:40,TV-Acer-TZA104,660.79
2026-06-18,04:28:40,CaboUSB-Nokia-LSB791,781.57
2026-05-01,23:02:40,Router-Intel-TWU593,155.71
2026-10-20,12:37:42,MemoriaRAM-HP-UBF933,111.79
2026-03-16,23:08:00,Smartphone-Dell-JOL962,111.79
2026-05-19,01:53:16,Drone-Razer-ATD234,287.47
2026-03-21,06:25:45,Tablet-Nvidia-PML445,45.91
2026-09-12,01:51:06,Router-Logitech-TYE507,309.43
2026-02-18,14:12:00,Rato-HP-UAC693,265.51
2026-09-07,05:03:45,PlacaGrafica-AMD-YSV710,122.77
2026-10-02,15:02:57,DiscoSSD-AMD-FTW450,1.99
2026-12-03,12:38:34,CaboUSB-Samsung-XXN175,12.97
2026-08-09,11:12:08,MemoriaRAM-Nokia-IJH832,188.65
2026-12-06,13:43:12,Gamepad-Gigabyte-HBV686,221.59
2026-04-08,22:02:04,Smartphone-LG-ZIT883,1034.11
2026-07-09,02:09:09,Teclado-Amazon-BEF733,1.99
2026-10-23,17:29:55,Smartwatch-Apple-LMW103,1.99
2026-12-15,08:11:06,Processador-Dell-LUI284,23.95
2026-06-14,01:19:12,Monitor-Samsung-MZN456,67.87
2026-09-17,11:24:37,Headphones-Asus-NUM543,627.85
2026-06-22,21:15:38,Gamepad-Google-VEW902,430.21
2026-10-10,19:30:58,Consola-Huawei-BPU252,12.97
2026-11-12,12:00:26,Rato-Lenovo-QTS131,133.75
2026-05-27,14:07:48,Headphones-Apple-UOM604,759.61
2026-01-03,01:39:00,Rato-Lenovo-WER415,309.43
2026-06-22,07:09:00,Rato-Xiaomi-KHV667,243.55
2026-01-29,13:58:25,MemoriaRAM-Microsoft-QTL938,737.65
2026-06-24,03:53:20,Router-Asus-RWV536,254.53
2026-11-27,06:02:40,Motherboard-Microsoft-WRO435,397.27
2026-09-11,12:39:12,Gamepad-Asus-MQR451,265.51
2026-05-24,17:50:09,Headphones-Asus-ZRT089,111.79
2026-05-19,00:22:30,Motherboard-Asus-WYZ074,232.57
2026-07-06,15:10:12,Gamepad-Samsung-GXB746,177.67
2026-06-17,08:33:46,Teclado-Lenovo-CFA104,45.91
2026-12-09,04:19:03,Gamepad-Motorola-WHK384,979.21
2026-03-03,07:13:30,Teclado-Alienware-FGK100,1.99
2026-08-06,06:00:00,TV-MSI-BQA941,23.95
2026-09-16,08:31:33,Smartphone-Samsung-VZK221,1.99
2026-02-03,17:41:15,Laptop-LG-HMR093,1.99
2026-11-10,16:11:42,Rato-Nvidia-SET283,474.13
2026-06-16,03:20:24,Laptop-Amazon-KVY680,298.45
2026-02-11,22:06:51,Laptop-Acer-ZUS872,111.79
2026-04-06,16:01:20,Headphones-Huawei-IOK088,12.97
2026-12-29,11:38:25,Monitor-Huawei-UCJ176,12.97
2026-08-20,05:58:36,Processador-Microsoft-MNF147,34.93
2026-01-17,08:56:41,Drone-HP-NPR375,89.83
2026-08-12,05:34:30,Rato-Microsoft-EQA273,616.87
2026-10-10,14:22:44,Processador-Intel-TCA196,561.97
2026-05-24,09:58:45,Coluna-Amazon-SXM268,561.97
2026-05-21,13:22:54,Headphones-Xiaomi-TLS370,715.69
2026-09-16,11:33:16,Gamepad-Samsung-AHB296,89.83
2026-07-07,06:54:30,DiscoSSD-Corsair-WPV340,265.51
2026-02-02,13:12:36,Carregador-Intel-QGG100,45.91
2026-12-09,03:59:52,Impressora-Microsoft-AWC706,56.89
2026-03-24,10:01:36,Microfone-Asus-EOJ514,572.95
2026-03-02,17:27:48,Microfone-AMD-MHY300,188.65
2026-05-01,20:56:06,Projetor-Intel-LAF628,199.63
2026-06-19,04:51:04,Processador-Dell-YPU400,243.55
2026-02-04,09:27:03,Headphones-Asus-HYN641,133.75
2026-03-16,01:04:35,Teclado-Huawei-YAT444,518.05
2026-08-18,22:44:24,CaboUSB-Samsung-IJT445,232.57
2026-06-19,17:01:48,Rato-Razer-PRK594,715.69
2026-08-08,20:48:11,Gamepad-Razer-SJC115,792.55
2026-09-03,06:48:00,Microfone-Gigabyte-IQI357,78.85
2026-10-15,23:54:57,Laptop-Microsoft-NYO639,166.69
2026-06-24,12:21:57,Gamepad-AMD-UVO817,463.15
2026-11-19,14:22:10,Carregador-Microsoft-UGO836,540.01
2026-10-28,13:33:36,Rato-Intel-SJX415,803.53
2026-09-11,03:53:50,Monitor-Gigabyte-ZJU903,23.95
2026-03-03,12:37:40,MemoriaRAM-LG-BQB305,1.99
2026-02-16,22:34:51,Microfone-Corsair-UXL662,133.75
2026-11-14,06:59:21,Smartwatch-Nokia-QZP350,693.73
2026-11-13,04:47:36,Motherboard-Microsoft-TAY736,12.97
2026-01-16,13:26:56,Projetor-Samsung-XDH260,111.79
2026-12-10,21:48:45,Monitor-Acer-SAW762,56.89
2026-03-02,23:36:10,Impressora-Intel-VFV333,23.95
2026-10-04,13:43:36,CaboUSB-Acer-SOA592,408.25
2026-07-17,23:48:00,MemoriaRAM-Dell-GFD878,45.91
2026-04-11,10:54:10,Smartphone-Samsung-YPM529,1.99
2026-08-09,00:30:04,Headphones-Razer-JTU372,12.97
2026-10-09,05:51:44,Carregador-Xiaomi-LMQ960,375.31
2026-12-05,01:02:36,PlacaGrafica-Google-CHQ020,12.97
2026-12-09,08:53:20,CaboUSB-MSI-SZJ480,67.87
2026-06-26,13:37:48,Motherboard-Xiaomi-IAB781,1.99
2026-06-23,01:46:00,CaboUSB-Alienware-NYK861,155.71
2026-02-17,18:45:25,Gamepad-Lenovo-BLG339,518.05
2026-11-27,15:26:06,DiscoSSD-Logitech-ROT935,34.93
2026-07-18,18:26:40,Impressora-Apple-GLX951,485.11
2026-08-25,18:40:59,Impressora-Lenovo-FIF735,23.95
2026-12-23,22:58:05,Impressora-AMD-EYR893,210.61
2026-06-13,02:25:05,PlacaGrafica-Asus-ILV317,78.85
2026-02-22,05:21:16,Coluna-Alienware-XCC620,1.99
2026-11-04,10:26:12,Microfone-Nvidia-CGE135,232.57
2026-07-03,14:46:46,Monitor-Microsoft-VGG164,133.75
2026-10-29,18:21:34,Monitor-Corsair-BWV784,232.57
2026-06-16,05:34:30,MemoriaRAM-Logitech-BQX121,408.25
2026-03-08,10:59:27,Camera-Xiaomi-HEV244,78.85
2026-01-09,08:30:30,Rato-Razer-AAS237,199.63
2026-11-20,13:23:04,Camera-Gigabyte-ZEA756,1.99
2026-07-04,21:56:48,PlacaGrafica-Gigabyte-MGR753,23.95
2026-04-19,13:33:22,Headphones-Lenovo-TYX002,572.95
2026-05-17,17:19:52,CaboUSB-Samsung-RZX544,353.35
2026-05-24,16:02:24,Coluna-Dell-GSJ911,166.69
2026-03-08,21:58:09,Carregador-Logitech-UMB889,100.81
2026-12-21,03:55:00,Monitor-Google-QRC144,496.09
2026-06-10,13:01:00,Coluna-Amazon-RQJ430,320.41
2026-03-10,02:09:36,Laptop-Amazon-IRT226,199.63
2026-02-08,08:55:03,Carregador-Gigabyte-GLN929,111.79
2026-10-26,02:49:20,Processador-Acer-UDF645,265.51
2026-02-11,23:23:28,Carregador-Logitech-FZF808,616.87
2026-08-06,11:24:00,Consola-Amazon-UCL126,265.51
2026-04-15,21:44:32,TV-Logitech-WIZ209,298.45
2026-04-03,18:44:40,Carregador-Intel-XWM091,331.39
2026-02-19,01:23:21,Projetor-Dell-VYU587,1.99
2026-01-06,16:26:06,Smartphone-Intel-CUJ204,166.69
2026-07-18,20:42:58,TV-Motorola-YNQ034,605.89
2026-02-06,15:51:57,Monitor-Motorola-NYF573,122.77
2026-08-03,19:14:56,Monitor-Razer-AHG756,133.75
2026-09-11,00:54:56,Router-Dell-ORT554,133.75
2026-01-08,00:49:10,Teclado-Alienware-XBI036,891.37
2026-10-07,12:31:44,Camera-Dell-TXG134,408.25
2026-12-17,01:42:18,PlacaGrafica-Xiaomi-HEF979,430.21
2026-06-26,23:16:28,Router-Microsoft-CTE162,1.99
2026-04-07,17:59:54,Coluna-Razer-KLM366,518.05
2026-08-16,10:08:13,MemoriaRAM-Sony-LVB195,34.93
2026-08-05,07:42:18,Smartphone-MSI-LKA916,23.95
2026-06-25,11:13:00,Smartphone-Logitech-ZRO250,298.45
2026-02-18,16:58:42,Consola-HP-NRB682,133.75
2026-07-20,08:13:24,Monitor-Nvidia-PYE423,298.45
2026-09-17,00:42:50,DiscoSSD-Samsung-ZBN409,78.85
2026-07-09,18:34:42,Consola-Acer-QRD958,452.17
2026-05-03,14:24:20,Drone-Lenovo-BZM610,386.29
2026-07-27,22:43:32,Camera-MSI-SDO717,759.61
2026-04-14,04:41:04,Drone-Logitech-BJH018,353.35
2026-12-21,23:41:00,Drone-Dell-DGB378,111.79
2026-02-28,01:43:03,Rato-Apple-STT866,594.91
2026-02-16,15:20:12,Headphones-Motorola-QYZ595,12.97
2026-08-12,09:50:30,DiscoSSD-HP-JYQ617,803.53
2026-01-18,12:10:17,Monitor-MSI-TYQ288,254.53
2026-05-11,08:22:09,Drone-Asus-BZN056,78.85
2026-11-19,14:43:36,Tablet-Microsoft-JOR107,100.81
2026-12-28,07:29:20,Motherboard-Motorola-KKU002,814.51
2026-10-23,09:00:00,Motherboard-Amazon-QBP036,23.95
2026-12-16,18:27:44,Laptop-Apple-SVO596,452.17
2026-02-22,19:55:44,Teclado-Alienware-EKB742,12.97
2026-11-05,22:05:36,Gamepad-Intel-PUE384,232.57
2026-06-04,05:44:25,Laptop-Gigabyte-FXR148,177.67
2026-04-10,14:54:36,Headphones-Google-GNT117,122.77
2026-10-04,14:02:15,Tablet-Lenovo-MYQ961,792.55
2026-07-11,15:52:24,CaboUSB-Acer-HWG906,1056.07
2026-06-07,00:35:46,Microfone-AMD-VZC790,298.45
2026-08-21,17:53:00,Camera-MSI-IOC816,869.41
2026-06-15,01:44:48,Laptop-Dell-KZR954,1.99
2026-07-14,22:09:10,MemoriaRAM-Google-UUZ191,188.65
2026-01-28,18:33:28,Router-Microsoft-RNH045,221.59
2026-02-20,17:28:01,MemoriaRAM-Nvidia-HMX278,78.85
2026-02-21,21:56:06,TV-HP-PPK154,221.59
2026-06-23,22:03:44,Carregador-Nvidia-MEM062,518.05
2026-01-16,20:39:45,Tablet-Huawei-GCR148,397.27
2026-12-05,19:49:57,Projetor-Xiaomi-KDA428,89.83
2026-04-18,15:31:54,Router-Acer-WWH923,726.67
2026-05-17,03:46:13,DiscoSSD-HP-EQU238,353.35
2026-09-29,09:50:58,TV-Amazon-YXU179,210.61
2026-04-03,10:40:30,Microfone-Nvidia-VRA204,23.95
2026-03-20,06:51:32,Projetor-Dell-ZKR531,144.73
2026-05-06,12:46:22,Laptop-HP-UCD766,122.77
2026-05-16,04:12:52,CaboUSB-Logitech-GJF836,34.93
2026-01-11,16:13:59,Smartwatch-Sony-ZQC131,715.69
2026-10-13,18:38:24,Headphones-HP-UOR783,45.91
2026-07-25,00:09:42,Motherboard-Sony-HXL084,1.99
2026-01-28,11:04:26,Teclado-Logitech-QGO149,320.41
2026-12-01,08:17:00,Consola-Corsair-NPL765,463.15
2026-04-28,23:56:19,Rato-Asus-TTM476,23.95
2026-08-20,21:48:18,Processador-Amazon-VLS960,243.55
2026-10-24,14:50:28,Impressora-AMD-ACK830,12.97
2026-12-20,04:21:27,DiscoSSD-Nvidia-WVG796,386.29
2026-03-03,02:18:08,Monitor-Alienware-SCQ839,166.69
2026-03-02,04:19:18,Carregador-Nokia-GCO672,1.99
2026-09-24,15:20:40,Processador-Nokia-ORL360,199.63
2026-09-12,12:38:01,Motherboard-Xiaomi-FJN115,23.95
2026-12-17,12:53:18,Tablet-Lenovo-BBM807,56.89
2026-06-23,11:00:33,Smartwatch-Xiaomi-PXS360,67.87
2026-03-25,07:28:00,Smartphone-Google-CTT496,485.11
2026-04-13,00:01:45,Headphones-Apple-NMN855,1.99
2026-10-01,10:58:00,TV-Sony-QUD066,89.83
2026-03-13,14:59:46,Coluna-Gigabyte-UOM505,704.71
2026-06-07,18:29:42,Gamepad-Dell-WFM070,23.95
2026-10-21,20:28:01,Teclado-Samsung-MZY250,485.11
2026-08-12,04:50:48,Smartwatch-Apple-GDP715,265.51
2026-08-09,15:25:20,Processador-Gigabyte-UVU451,34.93
2026-09-20,13:15:55,Camera-Logitech-YUZ434,155.71
2026-09-23,11:55:45,DiscoSSD-Motorola-NNQ675,56.89
2026-10-09,20:50:48,Carregador-Intel-EZA720,353.35
2026-08-23,15:58:55,Smartphone-Acer-FSE142,243.55
2026-09-04,08:20:19,Consola-MSI-MKL308,34.93
2026-09-01,01:26:50,Smartphone-HP-CSQ638,45.91
2026-07-19,06:54:36,Smartphone-AMD-NOW202,408.25
2026-04-12,01:52:06,Consola-Nvidia-JAU784,23.95
2026-04-20,20:23:00,Monitor-Huawei-WWC573,34.93
2026-11-28,10:39:53,Rato-AMD-OOZ181,638.83
2026-03-01,22:54:44,Gamepad-Gigabyte-EBJ751,166.69
2026-06-20,19:56:40,Processador-Apple-XGE768,45.91
2026-02-15,07:26:54,Consola-Alienware-BTH954,364.33
2026-04-24,07:14:44,Router-Sony-USO521,23.95
2026-05-14,10:12:00,Router-Corsair-CZS482,364.33
2026-02-09,05:40:18,Tablet-Nvidia-SHW137,1.99
2026-11-21,07:09:48,CaboUSB-Motorola-PRT419,649.81
2026-12-20,10:31:40,Router-Sony-ECD866,309.43
2026-11-20,11:30:04,MemoriaRAM-Amazon-CWQ278,594.91
2026-10-15,05:51:30,Smartwatch-Nokia-PMU064,111.79
2026-01-21,02:59:39,Smartwatch-Apple-TZJ215,254.53
2026-03-13,01:58:36,Consola-Sony-MTI926,715.69
2026-10-05,06:13:44,Processador-Samsung-ILI368,353.35
2026-08-20,13:35:30,Impressora-Huawei-GSQ231,726.67
2026-05-25,00:47:44,Monitor-Logitech-DSX019,100.81
2026-12-08,06:46:30,MemoriaRAM-HP-RNC595,935.29
2026-05-18,11:04:15,MemoriaRAM-Dell-VSB632,265.51
2026-06-02,05:29:32,Projetor-Nvidia-MIF603,34.93
2026-11-26,08:48:36,Processador-Nvidia-ZIA656,935.29
2026-10-04,15:00:00,PlacaGrafica-Xiaomi-CXG950,188.65
2026-02-22,09:49:34,Impressora-Nvidia-ZJX268,188.65
2026-10-23,11:47:14,Laptop-Nokia-JXP518,12.97
2026-06-04,07:47:28,Consola-Razer-GYI450,177.67
2026-10-19,17:20:18,Drone-Samsung-VDT475,561.97
2026-10-19,04:23:15,Monitor-Gigabyte-FEU326,1.99
2026-05-15,17:36:00,Tablet-Dell-KZK318,144.73
2026-02-20,17:53:24,Carregador-Alienware-YZF433,100.81
2026-06-01,23:25:21,CaboUSB-LG-NSK191,474.13
2026-07-05,15:27:54,Carregador-Nvidia-UOY853,177.67
2026-12-23,18:12:36,Carregador-Xiaomi-CEL673,45.91
2026-08-21,21:16:18,Camera-MSI-NCF895,847.45
2026-09-09,04:27:18,MemoriaRAM-Corsair-MVI308,792.55
2026-01-18,18:48:40,Motherboard-LG-BXN598,67.87
2026-05-08,02:27:10,Headphones-Logitech-NZD487,1.99
2026-09-27,16:24:30,Router-MSI-EGK423,990.19
2026-02-24,20:55:58,Drone-Huawei-STK798,89.83
2026-02-28,03:59:06,TV-Nvidia-BFZ630,836.47
2026-09-14,15:22:21,Gamepad-Gigabyte-ZWZ055,122.77
2026-03-15,16:13:47,Impressora-HP-BYC791,924.31
2026-06-09,15:02:42,Rato-Xiaomi-FCJ234,78.85
2026-06-14,18:17:00,Rato-Apple-CBO549,45.91
2026-03-22,01:42:24,CaboUSB-Microsoft-BDY389,111.79
2026-06-16,01:37:00,Rato-LG-TEI796,155.71
2026-11-12,19:09:24,Projetor-Apple-KLW690,45.91
2026-03-01,07:49:31,Router-Dell-ZRP241,880.39
2026-03-19,16:05:06,Impressora-Xiaomi-CAV623,298.45
2026-08-22,23:05:29,Laptop-Huawei-DGL679,397.27
2026-11-03,08:13:36,DiscoSSD-Alienware-QSK980,78.85
2026-03-01,12:05:32,Coluna-Xiaomi-ROP206,924.31
2026-01-07,10:04:48,Drone-MSI-BZT444,638.83
2026-06-09,13:17:24,Processador-Lenovo-GAG538,100.81
2026-05-27,13:01:28,Camera-Apple-UDT623,331.39
2026-06-15,17:19:32,Drone-LG-EQM421,276.49
2026-05-27,12:10:33,Teclado-MSI-WSQ268,770.59
2026-10-01,08:32:42,Processador-Dell-EUJ735,45.91
2026-06-26,14:26:15,Tablet-Lenovo-EWF962,331.39
2026-07-28,23:25:50,CaboUSB-Sony-HRQ960,1.99
2026-04-08,02:20:40,Headphones-Gigabyte-NIA012,616.87
2026-07-13,19:01:07,Processador-Alienware-MKO264,276.49
2026-02-03,17:32:09,Drone-HP-FSI626,12.97
2026-05-24,03:49:24,DiscoSSD-Gigabyte-ZXL406,550.99
2026-07-04,00:24:00,Monitor-Huawei-TFK083,605.89
2026-12-23,05:12:18,MemoriaRAM-Corsair-XGL607,331.39
2026-05-09,21:18:36,DiscoSSD-Acer-PLI097,726.67
2026-05-18,11:48:48,TV-Lenovo-RFB169,364.33
2026-10-10,20:22:52,Consola-Samsung-CCQ817,122.77
2026-09-05,19:09:36,Projetor-Lenovo-RGX228,803.53
2026-07-10,00:51:00,TV-Gigabyte-PJD982,122.77
2026-01-01,16:54:15,MemoriaRAM-Huawei-HRW913,12.97
2026-04-15,19:57:49,Motherboard-Apple-NYC695,594.91
2026-05-22,22:47:12,Impressora-Acer-ADL976,45.91
2026-10-10,20:14:20,Teclado-Motorola-FBU910,1.99
2026-05-23,14:52:30,Projetor-Nokia-GVW108,693.73
2026-09-19,07:58:06,Tablet-Alienware-NMD815,133.75
2026-12-01,16:01:20,Teclado-Microsoft-FBX299,34.93
2026-08-11,21:34:52,DiscoSSD-Gigabyte-UMT446,287.47
2026-09-04,14:34:02,Router-Intel-YIW804,199.63
2026-05-12,16:29:24,DiscoSSD-HP-FMX373,265.51
2026-10-17,16:19:24,Microfone-Razer-PZJ929,67.87
2026-09-23,06:04:00,Motherboard-Huawei-FRF057,243.55
2026-12-01,21:18:32,Smartphone-Dell-WZX235,56.89
2026-02-18,13:02:32,TV-Amazon-DKH213,12.97
2026-01-12,10:30:46,DiscoSSD-Apple-YQM191,825.49
2026-01-31,12:08:44,Impressora-Apple-KIO113,56.89
2026-04-12,09:26:40,Motherboard-Sony-YGV837,100.81
2026-01-04,03:14:09,TV-Razer-PYN564,155.71
2026-05-04,02:00:00,DiscoSSD-Samsung-LAX051,188.65
2026-11-03,12:39:38,MemoriaRAM-Amazon-KHZ522,836.47
2026-11-19,09:39:28,Tablet-Amazon-JKQ796,243.55
2026-01-28,00:10:55,Smartphone-HP-ROP502,232.57
2026-06-17,22:23:30,Gamepad-Samsung-QOP170,89.83
2026-07-09,15:40:00,Teclado-Dell-RKX403,540.01
2026-05-24,21:14:00,Projetor-Acer-FMO572,627.85
2026-12-13,20:03:31,Consola-LG-FFT204,89.83
2026-09-04,04:50:53,CaboUSB-LG-RPW231,45.91
2026-09-25,06:46:49,Teclado-Alienware-SGV829,155.71
2026-07-27,15:31:46,Projetor-Acer-MOC896,89.83
2026-07-28,15:45:15,Smartwatch-Apple-TSC419,210.61
2026-07-26,09:59:00,Coluna-Logitech-WJA128,254.53
2026-05-14,03:44:17,Tablet-Nvidia-PQK709,67.87
2026-01-06,18:20:06,Rato-Motorola-ETO058,737.65
2026-01-02,16:39:12,Motherboard-Nokia-PPU168,496.09
2026-01-20,14:45:15,PlacaGrafica-Motorola-ZIO638,1.99
2026-09-10,20:45:28,Drone-Nvidia-YJY099,133.75
2026-11-26,17:35:52,Router-Nokia-SKR432,583.93
2026-08-19,21:36:40,TV-Razer-CXM045,12.97
2026-02-11,16:19:36,Drone-Lenovo-RHZ120,155.71
2026-06-14,08:17:12,Carregador-Motorola-KKW651,583.93
2026-08-25,03:33:24,Monitor-Nokia-AAJ221,814.51
2026-11-28,14:58:14,MemoriaRAM-Xiaomi-VQL012,265.51
2026-09-24,01:52:47,Projetor-Corsair-IBR830,45.91
2026-10-30,22:24:18,PlacaGrafica-Google-IHB552,45.91
2026-02-04,14:26:47,Gamepad-Dell-OXL363,276.49
2026-08-28,15:18:45,PlacaGrafica-Alienware-WTN942,78.85
2026-07-18,14:46:16,Rato-Microsoft-QKJ015,243.55
2026-09-04,15:00:36,Drone-Huawei-LPH977,89.83
2026-07-18,22:49:12,Consola-Apple-QQR794,111.79
2026-07-10,14:01:08,Camera-MSI-VLQ008,188.65
2026-03-28,10:31:12,Motherboard-Alienware-UUY242,638.83
2026-08-13,11:12:33,Coluna-Google-CJM076,122.77
2026-03-13,07:09:36,Carregador-Microsoft-VQF860,572.95
2026-08-05,17:28:44,Projetor-Lenovo-HXY404,1.99
2026-08-04,01:30:48,Headphones-Samsung-MQC527,133.75
2026-02-25,04:24:10,Motherboard-AMD-OVZ327,1067.05
2026-11-30,00:54:07,DiscoSSD-Apple-SUJ315,715.69
2026-06-26,12:23:45,Drone-Dell-XWO493,34.93
2026-03-28,23:51:00,Impressora-Apple-RKG028,715.69
2026-07-17,01:13:18,Monitor-Gigabyte-GPO482,122.77
2026-02-05,03:38:24,MemoriaRAM-AMD-CTD116,386.29
2026-08-01,05:56:12,Teclado-Nokia-CQV126,67.87
2026-01-22,22:49:32,Coluna-Acer-SQU767,243.55
2026-04-10,13:22:55,Carregador-Alienware-IYI591,309.43
2026-02-08,11:01:52,Consola-Amazon-MIR656,243.55
2026-10-15,06:13:20,Tablet-Motorola-AKR903,232.57
2026-02-20,20:29:15,Teclado-Alienware-IZE598,836.47
2026-09-13,17:41:51,TV-Huawei-BUY100,133.75
2026-04-26,19:13:20,Rato-Acer-JAQ656,561.97
2026-07-02,13:09:49,Router-Google-ZEM080,386.29
2026-06-19,06:00:27,Smartphone-Logitech-RIO487,23.95
2026-03-15,20:44:48,Microfone-Corsair-YFQ357,320.41
2026-04-01,11:43:48,Carregador-Gigabyte-BYG903,78.85
2026-09-24,11:53:06,Headphones-Intel-XBW608,309.43
2026-11-20,19:31:40,DiscoSSD-Apple-INR868,34.93
2026-04-12,14:08:24,Microfone-Logitech-PVM175,561.97
2026-06-22,10:01:05,PlacaGrafica-LG-MLR583,496.09
2026-09-28,17:57:34,MemoriaRAM-Google-DBK726,485.11
2026-10-13,08:13:39,MemoriaRAM-Logitech-QXV958,199.63
2026-05-09,15:49:52,TV-AMD-KOH779,869.41
2026-12-11,23:48:52,Motherboard-Lenovo-ZJD355,34.93
2026-04-04,01:10:48,Coluna-Lenovo-PRN594,56.89
2026-11-30,19:51:16,TV-Xiaomi-WHD929,188.65
2026-12-05,10:15:24,Router-Amazon-DAE718,243.55
2026-05-20,03:21:56,Smartwatch-Dell-KKA226,34.93
2026-08-04,00:43:36,PlacaGrafica-Razer-AKG090,188.65
2026-02-04,03:18:24,Smartphone-Sony-EQE618,56.89
2026-03-22,18:00:42,Motherboard-Alienware-VZZ362,737.65
2026-07-12,08:43:50,Consola-MSI-MIJ683,45.91
2026-09-22,11:18:40,Gamepad-AMD-OCA435,265.51
2026-05-22,16:26:30,Teclado-LG-UBW093,298.45
2026-06-24,17:18:00,Microfone-Intel-HHD656,660.79
2026-04-17,14:18:38,Coluna-LG-FZG635,67.87
2026-03-21,15:44:56,Processador-MSI-QVI075,155.71
2026-04-24,03:02:10,Consola-HP-ZOP047,210.61
2026-04-01,05:48:50,Router-Corsair-NIW505,45.91
2026-09-11,02:39:24,Monitor-Apple-XYB936,353.35
2026-06-12,21:39:39,Laptop-Corsair-OCO435,1.99
2026-04-02,13:46:51,Headphones-HP-YQO637,770.59
2026-05-17,08:42:02,Tablet-Logitech-SIB327,353.35
2026-12-08,19:50:33,Carregador-Lenovo-CDC650,594.91
2026-03-22,00:56:25,Carregador-Dell-EZQ808,309.43
2026-01-01,13:41:10,Gamepad-Corsair-FFW180,122.77
2026-08-01,14:29:20,Rato-Microsoft-TLJ196,1.99
2026-05-14,04:44:45,Drone-Acer-DOL419,342.37
2026-04-08,12:30:08,Teclado-Samsung-YHR474,298.45
2026-01-19,06:17:00,Headphones-Gigabyte-GJF175,100.81
2026-10-24,20:38:20,Laptop-MSI-MJZ266,177.67
2026-03-16,19:37:35,DiscoSSD-Amazon-YCX865,56.89
2026-06-15,11:28:27,Smartwatch-Microsoft-RAX916,45.91
2026-04-19,09:42:40,Camera-MSI-UGT865,56.89
2026-07-04,12:18:36,DiscoSSD-LG-FLK052,12.97
2026-12-25,10:45:18,Microfone-Corsair-LBA230,34.93
2026-02-08,06:37:24,Monitor-Dell-LHT949,254.53
2026-08-15,08:27:53,Consola-LG-IRL618,210.61
2026-06-03,07:52:30,Headphones-Sony-AKP677,34.93
2026-07-08,21:03:27,Microfone-Google-PHK363,56.89
2026-04-01,00:39:27,Router-Apple-LHY395,419.23
2026-12-25,04:52:30,Microfone-Dell-DYP434,122.77
2026-06-28,09:48:04,PlacaGrafica-Samsung-ASS946,583.93
2026-01-05,17:34:04,DiscoSSD-LG-SXN349,1.99
2026-02-19,20:41:20,Router-Alienware-XNX026,627.85
2026-06-15,03:40:30,Smartwatch-Logitech-PHH702,507.07
2026-01-18,15:18:50,Smartphone-Corsair-ZSY500,1.99
2026-01-18,18:39:36,Monitor-AMD-WNI612,23.95
2026-04-22,01:06:17,Rato-Nokia-MTZ398,56.89
2026-06-16,18:39:42,Smartwatch-Intel-DDI631,45.91
2026-09-21,09:45:00,Smartwatch-Asus-WBN641,572.95
2026-10-22,00:08:00,Microfone-AMD-OIA650,89.83
2026-01-06,12:58:30,Projetor-Corsair-JJP320,572.95
2026-03-01,08:06:32,Gamepad-Google-XGL099,254.53
2026-02-22,17:25:06,Smartphone-Xiaomi-JMW248,254.53
2026-03-03,00:57:09,Smartphone-Huawei-DZM699,441.19
2026-04-12,21:27:30,CaboUSB-Dell-KEE026,111.79
2026-02-02,01:48:08,Smartphone-AMD-FPK335,188.65
2026-01-04,18:58:12,Drone-Nvidia-SDB846,1045.09
2026-07-03,14:56:40,Consola-Acer-XXL622,276.49
2026-02-08,07:11:14,Headphones-Razer-GUE420,452.17
2026-09-29,02:23:51,CaboUSB-Samsung-ZZO262,441.19
2026-11-18,18:06:24,TV-Huawei-GXH233,188.65
2026-05-17,05:38:33,Impressora-Nvidia-HIR107,375.31
2026-05-01,12:54:00,Processador-Samsung-WVU357,34.93
2026-09-07,17:37:20,Camera-Samsung-DAI566,232.57
2026-04-15,18:03:52,Processador-Samsung-OCB873,540.01
2026-02-03,08:22:15,Consola-MSI-HKV975,177.67
2026-06-06,14:36:15,Motherboard-Google-DUA412,155.71
2026-04-04,17:29:49,Headphones-Corsair-JTW600,122.77
2026-08-06,20:23:07,Carregador-HP-YVU870,550.99
2026-03-12,07:36:30,MemoriaRAM-Dell-VCI960,430.21
2026-07-29,11:58:48,Camera-Nokia-ONG765,419.23
2026-03-18,21:01:48,DiscoSSD-Acer-IZN720,825.49
2026-05-24,14:44:20,Consola-Intel-TYH864,320.41
2026-03-24,12:09:38,Router-Alienware-DLX380,23.95
2026-08-23,13:52:57,Monitor-Intel-HCR536,12.97
2026-06-08,23:23:09,Consola-Corsair-CHF988,276.49
2026-12-03,01:03:45,Microfone-Lenovo-BXW050,56.89
2026-05-09,03:08:22,CaboUSB-Nokia-XKZ750,100.81
2026-05-18,21:50:40,Rato-Dell-YJW482,342.37
2026-07-13,07:14:57,Processador-Gigabyte-WTD768,111.79
2026-01-28,01:35:15,Coluna-LG-AVA485,847.45
2026-06-23,14:02:32,Rato-Nvidia-PJZ285,56.89
2026-04-06,23:18:24,Coluna-Intel-NYN654,353.35
2026-06-08,08:01:40,Impressora-Razer-JKA352,144.73
2026-11-12,09:54:10,Carregador-MSI-NDP851,34.93
2026-12-20,22:50:00,Projetor-Nvidia-AXU736,572.95
2026-06-01,16:12:00,Processador-Nokia-AOQ361,441.19
2026-11-28,22:40:04,Projetor-Alienware-RIW219,287.47
2026-04-20,04:53:48,Consola-Lenovo-YTL560,419.23
2026-10-28,22:02:51,Processador-Apple-VJN328,155.71
2026-01-20,08:44:32,Coluna-Corsair-WNJ416,78.85
2026-08-02,19:01:36,Teclado-Dell-HCM391,781.57
2026-10-21,08:16:03,Motherboard-Samsung-MAW317,265.51
2026-11-23,22:27:21,Laptop-Razer-FKW651,133.75
2026-03-28,19:29:09,Smartphone-Acer-YLA591,155.71
2026-12-22,10:52:30,DiscoSSD-Corsair-BOK623,1023.13
2026-06-02,19:32:51,Microfone-LG-CKZ565,397.27
2026-12-19,05:50:24,Motherboard-Sony-ERU400,1.99
2026-05-08,00:32:33,Rato-Dell-CHG350,386.29
2026-03-05,07:33:33,Teclado-Intel-GHO972,221.59
2026-02-21,19:47:06,Smartphone-Intel-WIU679,1.99
2026-04-15,09:41:01,Drone-Xiaomi-TTN287,199.63
2026-07-02,08:15:45,Tablet-Dell-HTE082,408.25
2026-05-04,01:29:40,Drone-Corsair-CYC405,474.13
2026-05-25,20:04:12,Smartphone-Alienware-QXR729,902.35
2026-08-07,19:32:40,Processador-Intel-PSV948,122.77
2026-04-18,06:39:33,DiscoSSD-HP-KIM686,583.93
2026-08-04,06:07:14,PlacaGrafica-Acer-JSD401,265.51
2026-12-08,14:18:40,Consola-Amazon-XBU543,1.99
2026-12-15,02:07:25,CaboUSB-Motorola-PUL456,540.01
2026-01-02,17:19:00,TV-Microsoft-EDU876,1.99
2026-05-01,18:18:10,Monitor-Intel-HXA518,1.99
2026-01-21,08:10:40,Gamepad-Acer-TYF257,550.99
2026-05-08,18:03:44,CaboUSB-AMD-LFJ117,1.99
2026-08-26,02:25:52,Gamepad-Gigabyte-YAC629,12.97
2026-12-03,12:33:56,TV-Logitech-YYQ581,726.67
2026-01-02,00:52:00,Laptop-AMD-MED363,34.93
2026-01-11,19:15:36,TV-Apple-VUZ427,34.93
2026-11-14,08:49:12,Smartwatch-Acer-AGC761,133.75
2026-06-19,20:15:12,DiscoSSD-Asus-GPV108,111.79
2026-04-01,12:26:10,CaboUSB-Acer-GXO059,660.79
2026-07-14,04:31:30,Impressora-Nokia-PMI042,1.99
2026-04-22,20:48:00,Processador-Acer-WKO346,78.85
2026-07-18,15:58:11,Rato-Samsung-QDU554,309.43
2026-11-12,03:34:01,Teclado-Huawei-BFS259,649.81
2026-11-22,01:10:33,Camera-AMD-BYY315,386.29
2026-06-14,08:17:36,TV-Alienware-SNN234,243.55
2026-11-10,16:10:54,Teclado-Nvidia-FXB505,693.73
2026-01-11,05:24:48,Projetor-Acer-NQI134,144.73
2026-11-09,17:00:54,Coluna-Microsoft-SXE219,550.99
2026-12-17,08:59:30,Laptop-AMD-CBB389,320.41
2026-01-09,04:36:48,Coluna-Alienware-UOP107,12.97
2026-01-10,15:28:32,Tablet-Samsung-ZGB886,111.79
2026-09-10,06:43:48,Impressora-Samsung-XWY130,265.51
2026-01-17,16:57:20,Drone-Acer-MJL438,34.93
2026-04-19,06:34:44,Headphones-Intel-TLQ442,770.59
2026-06-06,12:58:57,Projetor-Razer-YYH183,748.63
2026-02-25,19:59:00,Motherboard-Razer-MJK159,529.03
2026-12-14,11:54:18,Smartphone-Motorola-VYW372,287.47
2026-01-22,11:15:38,Processador-Motorola-VHH656,12.97
2026-08-04,22:22:30,Rato-Motorola-BOK972,89.83
2026-02-27,22:51:17,Drone-Nvidia-NDF574,67.87
2026-06-08,16:01:53,Monitor-Acer-KCB543,166.69
2026-07-16,08:55:30,MemoriaRAM-Nvidia-BSH147,89.83
2026-07-20,09:46:38,PlacaGrafica-Asus-WQV154,188.65
2026-03-28,02:33:45,Consola-MSI-PPS885,155.71
2026-10-22,10:50:56,Gamepad-Razer-EDZ450,704.71
2026-01-05,19:41:33,TV-Acer-ZKK118,583.93
2026-04-21,12:17:12,Monitor-Nvidia-WKA319,320.41
2026-07-17,18:45:00,MemoriaRAM-Dell-VBC683,529.03
2026-02-01,02:01:18,Rato-Nvidia-YHS983,34.93
2026-02-05,21:08:00,MemoriaRAM-Microsoft-HEL368,1.99
2026-11-02,19:42:35,Rato-Google-BTM092,56.89
2026-04-01,14:49:21,Projetor-Huawei-YSY745,572.95
2026-12-23,03:02:47,Monitor-Nvidia-ROD671,111.79
2026-02-01,19:00:00,TV-Samsung-MZD388,133.75
2026-04-16,20:12:36,Monitor-Microsoft-VWJ419,397.27
2026-07-09,04:29:17,Carregador-Huawei-TPF702,45.91
2026-06-09,19:02:20,Projetor-Asus-XJU137,408.25
2026-07-18,13:09:32,Rato-Alienware-PDR519,550.99
2026-12-02,00:01:36,Teclado-Alienware-APK443,594.91
2026-05-12,07:02:30,Laptop-Alienware-OYA392,100.81
2026-07-06,05:41:30,Coluna-Motorola-UQL929,397.27
2026-05-18,18:28:19,Router-Asus-GPS133,452.17
2026-10-04,21:33:51,Camera-Apple-VZJ477,122.77
2026-08-20,08:02:45,Tablet-MSI-EQE038,331.39
2026-11-18,19:04:52,Rato-Razer-YMC808,232.57
2026-09-10,19:24:00,DiscoSSD-Amazon-DOX351,199.63
2026-08-24,20:29:38,Microfone-Corsair-ZGG189,78.85
2026-06-18,17:51:30,Motherboard-Asus-LKK633,386.29
2026-10-04,16:28:32,Monitor-Asus-ZEV763,12.97
2026-09-10,12:59:12,Router-Razer-VJJ902,561.97
2026-09-29,20:03:36,Smartwatch-MSI-FEM585,671.77
2026-07-18,22:06:05,Tablet-Lenovo-ARM568,408.25
2026-03-23,09:57:44,Headphones-Asus-PHY678,452.17
2026-05-27,10:21:57,DiscoSSD-Google-EQN086,188.65
2026-10-02,03:31:16,TV-Gigabyte-TMX879,386.29
2026-06-03,19:09:36,Laptop-Acer-ROG811,166.69
2026-02-25,21:42:10,Smartwatch-Xiaomi-VEF402,276.49
2026-02-26,12:00:00,Projetor-Huawei-LPA056,155.71
2026-02-12,15:36:20,Consola-Motorola-GRO312,276.49
2026-12-19,20:48:27,Camera-Motorola-CQT238,144.73
2026-02-26,06:45:00,Gamepad-MSI-RET700,100.81
2026-12-19,13:21:22,Smartwatch-Corsair-RAN778,276.49
2026-05-28,10:52:04,Headphones-Xiaomi-QEO987,122.77
2026-06-03,15:22:00,Teclado-Acer-GZI835,583.93
2026-07-28,06:17:45,Consola-Corsair-LXD176,89.83
2026-09-27,01:49:56,Microfone-Logitech-HTE379,199.63
2026-10-28,20:50:06,Consola-HP-KPI138,78.85
2026-02-19,21:35:47,Motherboard-Google-HEJ308,166.69
2026-10-01,05:39:00,TV-Intel-HZI258,342.37
2026-03-24,06:07:20,Monitor-Corsair-CXB232,309.43
2026-04-18,09:25:48,TV-Lenovo-LAP574,518.05
2026-07-15,06:03:32,Gamepad-AMD-SIF068,397.27
2026-07-03,00:06:27,Coluna-Intel-BGS435,78.85
2026-12-03,13:30:08,Gamepad-Apple-SQQ226,12.97
2026-11-15,23:16:00,PlacaGrafica-Lenovo-URK489,100.81
2026-09-19,01:05:15,Camera-Apple-QYR345,649.81
2026-12-25,06:22:40,Router-HP-GGR457,1.99
2026-09-14,21:21:40,Teclado-Motorola-GBJ597,232.57
2026-03-20,16:01:06,Impressora-MSI-ZTQ272,342.37
2026-11-17,00:43:24,CaboUSB-Microsoft-UZG781,23.95
2026-05-27,12:09:52,Smartphone-Microsoft-QDO247,188.65
2026-08-02,20:18:32,Microfone-Alienware-ETE134,232.57
2026-01-24,11:55:40,MemoriaRAM-Microsoft-YLZ332,243.55
2026-03-21,05:23:06,Laptop-Google-DZV036,1045.09
2026-08-27,16:25:40,Rato-Alienware-EMB605,12.97
2026-05-16,11:15:32,Monitor-Corsair-GBQ775,34.93
2026-07-16,04:24:00,Drone-Amazon-HFC968,605.89
2026-10-05,06:24:33,Projetor-LG-KJK857,166.69
2026-05-27,16:27:24,Router-AMD-IRD703,419.23
2026-03-08,09:23:28,Smartphone-Intel-ISU752,1.99
2026-05-02,20:54:50,MemoriaRAM-Google-CNR544,12.97
2026-07-21,19:36:27,Motherboard-Acer-ESK718,715.69
2026-11-20,00:54:56,Headphones-Intel-EMA686,133.75
2026-07-20,16:52:06,PlacaGrafica-Asus-RXG861,177.67
2026-10-06,11:47:40,Smartwatch-AMD-RMV338,276.49
2026-03-13,13:30:03,Tablet-Amazon-YBU114,594.91
2026-08-19,10:39:15,Smartphone-Asus-BAW638,56.89
2026-12-08,13:24:40,Carregador-Dell-BWR472,78.85
2026-11-24,20:10:12,Gamepad-Corsair-CHN494,485.11
2026-11-14,08:02:40,Motherboard-Motorola-AKG550,23.95
2026-07-06,16:05:06,CaboUSB-Google-OCB122,1.99
2026-11-08,14:41:36,Impressora-Nokia-YKW559,144.73
2026-08-01,21:45:12,Projetor-Nvidia-KFN015,177.67
2026-10-22,13:09:15,Microfone-MSI-IYE360,89.83
2026-04-22,15:23:44,PlacaGrafica-Nokia-PSV249,748.63
2026-08-14,11:43:18,Smartwatch-Huawei-GEH686,210.61
2026-07-01,08:08:16,TV-Asus-KII877,1.99
2026-02-27,13:00:44,Consola-Acer-VYH894,386.29
2026-02-15,09:56:16,CaboUSB-Amazon-KJX366,12.97
2026-07-17,15:06:43,Tablet-AMD-OFZ328,111.79
2026-12-02,02:32:40,Drone-Razer-AQH526,133.75
2026-05-01,21:03:34,DiscoSSD-Sony-CDR084,529.03
2026-05-18,11:57:51,Processador-Gigabyte-MDG653,155.71
2026-04-10,15:39:58,Gamepad-HP-DOP033,726.67
2026-02-07,07:29:32,Monitor-Corsair-GWH206,605.89
2026-08-06,02:48:51,Coluna-Intel-NCM254,891.37
2026-07-19,13:28:02,Gamepad-AMD-FDC703,265.51
2026-11-08,16:20:24,Motherboard-Huawei-ZMR059,45.91
2026-12-10,23:38:34,Projetor-Motorola-XFC533,133.75
2026-01-04,02:59:44,Teclado-Samsung-IPE452,331.39
2026-10-02,18:55:40,DiscoSSD-HP-ITO176,199.63
2026-10-09,20:15:36,Coluna-Logitech-OYZ305,364.33
2026-09-16,08:04:30,Motherboard-Intel-FJN137,45.91
2026-06-26,00:31:40,Router-Amazon-FKB960,924.31
2026-07-06,00:56:00,Smartphone-Huawei-TNY575,265.51
2026-01-16,10:46:57,Projetor-Dell-PYI186,309.43
2026-05-06,20:44:00,Consola-Nvidia-JXP416,23.95
2026-05-17,08:22:50,Teclado-Microsoft-NCZ337,924.31
2026-01-19,01:43:12,Carregador-Intel-SYQ834,67.87
2026-11-01,01:03:02,Processador-Motorola-LAZ645,748.63
2026-11-09,04:28:00,Drone-Xiaomi-NCK376,770.59
2026-06-02,08:14:24,Consola-AMD-LON025,825.49
2026-04-10,21:54:59,Coluna-Asus-WPR302,540.01
2026-04-07,03:02:05,Tablet-Gigabyte-BQE884,474.13
2026-02-19,19:03:52,Monitor-Alienware-QLA901,1.99
2026-08-11,18:54:10,Drone-Apple-CBA644,1.99
2026-07-16,07:16:00,Consola-MSI-BPZ638,89.83
2026-05-14,08:15:00,Coluna-Xiaomi-NII020,1.99
2026-06-07,08:58:10,CaboUSB-Logitech-BVQ493,122.77
2026-10-22,06:11:52,PlacaGrafica-MSI-TFY996,1.99
2026-04-04,16:12:32,Camera-AMD-MWE617,660.79
2026-12-24,21:25:44,Router-Acer-TRO848,188.65
2026-01-13,13:31:03,Smartphone-Razer-ZSM995,188.65
2026-09-28,05:40:30,DiscoSSD-Apple-QZA433,518.05
2026-04-10,23:04:05,Laptop-LG-PSZ726,298.45
2026-03-07,15:37:27,Rato-Microsoft-AAL884,452.17
2026-02-01,20:16:46,Rato-Logitech-GHQ356,1.99
2026-02-02,09:15:44,Coluna-Microsoft-KDI077,353.35
2026-10-04,17:25:12,Camera-Logitech-AOU554,759.61
2026-03-23,14:16:32,Tablet-Motorola-ATO809,540.01
2026-05-04,23:43:48,Drone-Nvidia-CGS263,1.99
2026-08-17,16:42:30,Smartphone-Nokia-TOJ383,364.33
2026-12-28,11:51:34,PlacaGrafica-Corsair-MNH280,1.99
2026-02-14,16:13:42,Rato-Logitech-AAR925,671.77
2026-10-24,02:30:09,Consola-Alienware-WUI659,177.67
2026-10-24,06:28:00,MemoriaRAM-Nokia-QPI274,924.31
2026-05-11,19:46:00,Impressora-Alienware-XYS295,254.53
2026-03-16,17:14:42,Router-AMD-AIX766,419.23
2026-09-24,23:29:37,TV-LG-FAP638,682.75
2026-12-26,19:05:10,Router-Alienware-ZKN119,122.77
2026-03-10,18:10:56,MemoriaRAM-Huawei-HPC863,166.69
2026-10-27,18:21:54,Monitor-Samsung-AXB435,1.99
2026-02-04,06:59:24,TV-Sony-CEV391,309.43
2026-09-19,11:53:20,Consola-Microsoft-UGO370,221.59
2026-08-07,17:48:48,Carregador-Razer-EBF268,430.21
2026-03-25,02:05:48,Carregador-Nokia-UQP781,12.97
2026-03-24,13:57:02,TV-Acer-YVW167,78.85
2026-10-02,00:56:46,Camera-Gigabyte-CJW636,221.59
2026-03-13,13:34:44,Microfone-Asus-XDB306,353.35
2026-11-25,07:09:20,CaboUSB-Alienware-XZJ321,1.99
2026-04-14,02:00:00,Gamepad-Google-MUA623,1.99
2026-02-12,20:57:30,Projetor-LG-AKI707,265.51
2026-11-22,02:29:48,PlacaGrafica-Nvidia-MSD259,56.89
2026-11-06,14:50:40,Laptop-Sony-FAP711,34.93
2026-08-19,18:54:09,Camera-Google-WQF555,155.71
2026-10-13,16:22:30,Gamepad-Asus-HKU494,375.31
2026-06-21,05:53:21,Microfone-Nokia-NTH335,210.61
2026-05-04,20:48:48,Microfone-Huawei-FUP467,463.15
2026-08-13,14:54:45,PlacaGrafica-Microsoft-RHU081,276.49
2026-03-07,03:31:40,Rato-Gigabyte-BAN663,23.95
2026-10-19,20:40:52,MemoriaRAM-Acer-PCH839,693.73
2026-06-20,00:14:47,Projetor-Google-HOG405,111.79
2026-02-23,07:40:00,Headphones-Logitech-IDJ416,100.81
2026-06-20,12:36:25,Motherboard-Samsung-YEF866,265.51
2026-03-10,11:50:24,Laptop-Microsoft-YQR085,78.85
2026-03-14,08:47:42,Smartphone-LG-XNF781,12.97
2026-01-28,14:25:53,Consola-Lenovo-LMH625,188.65
2026-03-05,06:53:20,TV-Google-OLO322,23.95
2026-10-27,13:29:20,Tablet-LG-HRT568,1.99
2026-12-06,18:35:58,CaboUSB-Google-SAJ158,891.37
2026-08-16,17:47:31,TV-HP-SHH475,144.73
2026-10-05,12:50:42,Consola-Acer-XUB169,177.67
2026-11-22,01:27:02,Carregador-LG-KNK113,550.99
2026-06-24,22:47:28,Monitor-Intel-GBJ317,89.83
2026-03-09,06:45:36,Teclado-Sony-EOB791,759.61
2026-03-07,06:33:00,Tablet-HP-QLQ634,660.79
2026-06-02,08:44:24,Rato-Amazon-WJB916,23.95
2026-05-28,04:39:18,Gamepad-Microsoft-HFK981,45.91
2026-09-08,17:55:12,PlacaGrafica-Alienware-QET341,649.81
2026-07-01,16:49:20,Projetor-Google-AJG519,45.91
2026-09-04,06:13:19,MemoriaRAM-Sony-PXJ717,188.65
2026-11-01,00:39:12,Projetor-Alienware-KKW486,1.99
2026-06-18,03:58:08,Camera-Dell-SKR951,34.93
2026-02-14,03:25:49,Impressora-Microsoft-HLZ445,89.83
2026-10-11,21:26:28,Headphones-Amazon-CJH228,23.95
