Data,Hora,Produto,Preco
2026-12-13,13:50:32,Tablet-Sony-YGW098,12.97
2026-04-18,00:03:36,PlacaGrafica-Microsoft-GBD938,1.99
2026-07-03,19:44:04,MemoriaRAM-AMD-OGP085,309.43
2026-10-12,00:17:33,Processador-Xiaomi-QBJ106,254.53
2026-05-01,03:52:00,TV-Amazon-WYN236,1.99
2026-08-16,15:08:36,CaboUSB-HP-XRJ074,23.95
2026-06-17,19:20:24,Impressora-AMD-GAY925,320.41
2026-03-21,00:28:30,TV-Gigabyte-JJV248,605.89
2026-08-03,01:58:40,Projetor-Lenovo-LXA091,419.23
2026-07-20,16:50:49,CaboUSB-Huawei-IAL582,441.19
2026-03-07,03:47:42,CaboUSB-Lenovo-EZP467,67.87
2026-09-08,03:34:57,Drone-Microsoft-CFN074,188.65
2026-09-10,02:26:40,Processador-HP-YZL380,430.21
2026-01-13,05:50:00,Smartwatch-Acer-BXN381,1.99
2026-05-23,07:15:15,Processador-Microsoft-CVV333,221.59
2026-05-28,00:29:30,Smartphone-Amazon-JMS116,430.21
2026-11-09,07:48:58,Smartphone-Razer-RVT401,56.89
2026-01-27,21:33:20,Coluna-Dell-DWH357,34.93
2026-06-18,10:14:30,MemoriaRAM-Apple-CJS046,496.09
2026-06-06,16:02:48,Headphones-Apple-YMC164,12.97
2026-04-09,07:21:49,Carregador-Lenovo-OJL891,287.47
2026-10-09,11:44:06,MemoriaRAM-Intel-OLH028,111.79
2026-07-27,15:22:58,Router-Logitech-EHE522,221.59
2026-05-09,22:54:18,Laptop-Razer-QGT562,704.71
2026-08-22,20:55:10,Gamepad-Acer-GJX330,715.69
2026-01-12,16:15:00,Impressora-LG-BFC954,397.27
2026-01-05,03:27:10,CaboUSB-Lenovo-TRU347,1.99
2026-11-05,22:52:30,Projetor-Gigabyte-SAR947,397.27
2026-04-09,23:59:55,Camera-LG-LIP996,232.57
2026-04-16,10:25:18,Gamepad-Razer-EPU132,23.95
2026-05-17,05:08:48,Teclado-Nvidia-UQJ470,254.53
2026-09-10,06:40:00,CaboUSB-AMD-NAA615,792.55
2026-12-04,09:22:00,Impressora-MSI-VLN034,34.93
2026-10-07,01:03:27,Coluna-Motorola-VOH449,122.77
2026-12-20,22:12:56,Processador-Google-LOX765,155.71
2026-01-08,07:20:32,CaboUSB-Amazon-IIL817,12.97
2026-09-17,21:54:48,Monitor-Logitech-CLO836,441.19
2026-03-02,06:22:21,MemoriaRAM-Dell-BFY851,199.63
2026-03-24,05:05:19,CaboUSB-Huawei-SRI254,583.93
2026-08-25,23:08:00,Drone-Motorola-DOV430,452.17
2026-08-24,17:53:12,MemoriaRAM-Motorola-LAK015,232.57
2026-02-23,19:00:00,Camera-MSI-NLI761,199.63
2026-02-14,23:46:02,Router-Dell-VUJ110,155.71
2026-04-17,23:43:28,DiscoSSD-Google-JCH082,342.37
2026-08-23,22:40:44,Coluna-MSI-BAH718,474.13
2026-02-25,14:39:45,Rato-Acer-QBW383,375.31
2026-08-19,12:32:20,Projetor-Huawei-OWY742,550.99
2026-09-22,04:08:48,Tablet-LG-LVV642,67.87
2026-03-27,13:00:00,CaboUSB-Lenovo-BHV886,1.99
2026-04-08,12:42:00,Consola-Gigabyte-PMN953,100.81
2026-09-07,16:56:24,MemoriaRAM-Razer-WFX272,276.49
2026-01-16,18:02:40,Impressora-Razer-WYD684,605.89
2026-02-25,06:36:39,Impressora-Sony-FKV001,320.41
2026-12-04,12:52:53,Consola-Nokia-ZRK511,320.41
2026-09-23,17:39:20,Consola-AMD-BEM792,111.79
2026-04-04,18:44:55,Carregador-Apple-HCO461,441.19
2026-06-18,10:18:45,Motherboard-Alienware-NDP643,1001.17
2026-05-08,08:54:34,Rato-Amazon-MXS874,496.09
2026-09-12,02:33:12,CaboUSB-Sony-TOF433,232.57
2026-01-24,23:19:54,Rato-Nvidia-TSM780,1.99
2026-12-25,04:55:36,Impressora-MSI-TYJ723,78.85
2026-05-13,04:37:36,Camera-Apple-BUB516,89.83
2026-08-24,07:16:48,Smartphone-Google-USA070,12.97
2026-10-22,19:08:51,TV-LG-SZG152,12.97
2026-09-08,12:05:36,Teclado-AMD-UMI045,441.19
2026-01-08,09:51:44,Motherboard-Amazon-TGD534,12.97
2026-08-23,21:03:00,Microfone-HP-AIN546,144.73
2026-07-23,11:51:09,Router-Alienware-WTH266,100.81
2026-03-27,03:22:32,Carregador-HP-RUN968,34.93
2026-06-12,08:10:50,Impressora-Razer-TKZ324,660.79
2026-08-13,21:38:45,Rato-Corsair-MJG031,880.39
2026-11-26,01:02:42,Rato-Corsair-AEH369,682.75
2026-11-11,22:40:48,Tablet-HP-IGO199,1034.11
2026-11-11,17:41:42,Impressora-Amazon-BKV060,485.11
2026-04-20,00:49:25,TV-Acer-MDV754,133.75
2026-12-13,19:25:00,Teclado-Sony-GTN805,56.89
2026-05-21,16:41:30,Projetor-Corsair-CDZ653,814.51
2026-09-20,00:39:30,Teclado-Sony-QCU588,1.99
2026-07-05,17:36:48,Gamepad-Huawei-MFO204,45.91
2026-12-05,12:56:15,Router-Xiaomi-JGU240,133.75
2026-11-18,03:04:24,Tablet-Xiaomi-YTC661,342.37
2026-01-03,02:53:31,DiscoSSD-HP-GUW137,100.81
2026-12-04,14:59:30,Smartwatch-Microsoft-NML667,485.11
2026-08-28,15:36:45,CaboUSB-LG-ILP160,56.89
2026-12-24,18:12:18,Coluna-Intel-QRL638,100.81
2026-08-26,11:00:28,CaboUSB-Microsoft-YVK617,254.53
2026-03-15,17:45:15,CaboUSB-Razer-JEN746,188.65
2026-10-02,18:34:30,Microfone-Huawei-EKD145,276.49
2026-03-16,04:24:00,PlacaGrafica-Asus-ABP237,45.91
2026-06-17,18:10:30,Consola-Nvidia-ZNI600,353.35
2026-05-24,04:30:00,PlacaGrafica-AMD-DZC464,122.77
2026-03-07,11:26:42,Camera-Logitech-XED903,452.17
2026-08-08,06:06:15,DiscoSSD-Amazon-JTP345,188.65
2026-05-05,01:22:12,Rato-AMD-WHI522,155.71
2026-02-21,03:02:57,CaboUSB-Nvidia-SYE706,221.59
2026-10-25,01:27:04,Microfone-Amazon-SVU966,770.59
2026-08-16,07:12:00,Rato-Asus-BJE546,924.31
2026-02-05,17:22:00,Drone-Nvidia-YKQ386,572.95
2026-02-10,04:24:40,PlacaGrafica-Samsung-GEM735,111.79
2026-03-18,14:18:14,Smartwatch-Gigabyte-WKP388,45.91
2026-09-28,07:52:02,TV-Alienware-WAG623,682.75
2026-11-17,14:46:01,Consola-HP-UDP019,122.77
2026-03-23,04:19:00,Carregador-Asus-FZW084,155.71
2026-04-08,19:03:51,Headphones-Acer-AVF203,660.79
2026-09-07,19:25:00,PlacaGrafica-Razer-SRF342,45.91
2026-06-05,22:36:54,DiscoSSD-Microsoft-EGP663,331.39
2026-12-02,13:57:57,PlacaGrafica-Gigabyte-UKJ115,12.97
2026-07-24,04:54:48,Carregador-Razer-GYA570,122.77
2026-09-12,16:12:12,DiscoSSD-AMD-HUP741,100.81
2026-05-24,14:58:08,TV-Asus-YUH823,111.79
2026-04-19,04:44:10,CaboUSB-Huawei-GMK637,155.71
2026-06-19,08:07:05,Motherboard-HP-IJI700,144.73
2026-10-26,20:53:13,Laptop-Acer-TET439,1.99
2026-02-23,12:36:00,Consola-Amazon-WEE471,265.51
2026-11-03,02:51:10,Motherboard-Nokia-IKC353,144.73
2026-10-11,15:55:14,Router-Asus-NUE060,12.97
2026-01-25,07:38:06,Microfone-Alienware-OCU689,1.99
2026-06-09,13:27:54,Gamepad-Nokia-MLG884,23.95
2026-07-19,05:14:48,Headphones-Xiaomi-WHU538,155.71
2026-02-10,08:47:08,Projetor-Apple-TFI449,12.97
2026-06-27,22:43:44,Gamepad-Apple-BTG725,298.45
2026-09-20,00:31:20,Motherboard-Microsoft-TMW119,441.19
2026-08-17,07:53:33,Headphones-Nokia-DYI961,287.47
2026-09-13,11:07:55,PlacaGrafica-Asus-TUI060,89.83
2026-06-19,11:30:00,Coluna-Dell-MIG587,232.57
2026-03-17,01:43:25,Carregador-Nvidia-CGY382,56.89
2026-09-24,16:14:40,Projetor-HP-OWD578,1.99
2026-03-23,06:44:00,Processador-Asus-BQI182,122.77
2026-06-13,13:08:38,Impressora-Alienware-PGJ197,572.95
2026-10-01,18:35:00,Motherboard-MSI-YJB123,682.75
2026-01-05,20:19:30,Laptop-Nvidia-RWV550,320.41
2026-09-10,21:12:00,Gamepad-Google-JLG796,561.97
2026-12-08,21:09:20,Smartwatch-AMD-PQH304,166.69
2026-10-22,17:53:18,Rato-Corsair-QKG621,45.91
2026-04-20,01:38:46,Consola-Dell-AUJ041,78.85
2026-08-20,20:13:32,Smartphone-Acer-YKZ103,441.19
2026-07-02,11:42:09,Gamepad-Dell-SJF132,67.87
2026-09-10,12:19:21,Coluna-Nvidia-OJI559,627.85
2026-08-27,20:16:51,PlacaGrafica-Asus-DNP262,100.81
2026-02-11,13:02:00,DiscoSSD-Samsung-LBX645,144.73
2026-05-02,13:33:09,Smartwatch-Lenovo-UJC104,309.43
2026-06-16,22:11:36,Coluna-Asus-YOS332,287.47
2026-01-16,05:07:12,PlacaGrafica-Amazon-OOI998,166.69
2026-05-19,00:00:55,Carregador-Asus-JEU249,298.45
2026-07-15,05:15:10,Monitor-Razer-MDD613,979.21
2026-03-27,12:04:30,Gamepad-Google-JCT715,386.29
2026-11-22,03:37:35,Tablet-Corsair-ARM738,188.65
2026-10-09,10:49:52,Tablet-Xiaomi-LTS396,364.33
2026-11-03,01:56:14,Motherboard-Logitech-EPK765,133.75
2026-01-09,10:12:40,Gamepad-Amazon-CME470,561.97
2026-06-07,21:35:00,Camera-Amazon-PNX149,408.25
2026-12-17,08:50:51,Camera-Acer-STD955,67.87
2026-12-25,00:22:48,Router-Sony-JYZ778,1.99
2026-08-09,19:11:47,Rato-Acer-SFT336,397.27
2026-05-07,16:19:00,DiscoSSD-Samsung-YWI944,463.15
2026-10-14,04:02:00,Router-Motorola-JJC207,342.37
2026-04-02,20:17:45,Teclado-AMD-SYK791,23.95
2026-01-19,03:48:20,PlacaGrafica-Amazon-JSR448,166.69
2026-12-04,19:36:00,Smartwatch-Logitech-RIX841,287.47
2026-10-17,23:40:46,PlacaGrafica-Xiaomi-WCU611,298.45
2026-04-18,07:48:13,Smartwatch-Google-HZV348,748.63
2026-04-02,21:26:09,Carregador-LG-NMR617,23.95
2026-07-22,18:25:21,Smartwatch-Sony-ZXU921,331.39
2026-09-04,18:56:00,Microfone-Apple-GYO048,375.31
2026-08-24,23:54:00,Motherboard-LG-ZSA577,12.97
2026-02-24,10:30:48,Motherboard-MSI-TDQ401,155.71
2026-07-17,23:16:13,DiscoSSD-Sony-OED501,364.33
2026-11-06,16:14:00,Gamepad-Google-KMK903,375.31
2026-04-10,19:41:44,Tablet-Huawei-AOI061,605.89
2026-10-26,02:26:33,Monitor-Motorola-XAM093,419.23
2026-05-04,13:57:48,Microfone-Microsoft-LRD467,572.95
2026-06-10,12:12:16,Headphones-Alienware-PQL143,67.87
2026-11-14,13:04:48,Drone-Lenovo-CYU909,23.95
2026-07-09,03:54:54,Smartphone-Lenovo-BYS706,496.09
2026-02-08,11:27:49,Consola-Razer-CIV136,419.23
2026-09-27,15:46:48,Drone-HP-DCS151,56.89
2026-07-03,02:01:03,Laptop-MSI-EGR070,847.45
2026-12-26,21:05:15,Gamepad-Amazon-KZY056,276.49
2026-05-03,16:23:32,TV-Dell-QFN330,67.87
2026-02-28,07:53:36,Processador-Alienware-GSI464,309.43
2026-12-04,07:48:27,Gamepad-HP-SUV222,221.59
2026-08-28,18:24:10,Motherboard-Amazon-GLY305,133.75
2026-03-23,21:09:15,MemoriaRAM-Apple-RAN955,56.89
2026-07-27,13:45:21,Teclado-Intel-CJG319,276.49
2026-10-19,00:26:15,Teclado-Nokia-GVM911,342.37
2026-01-25,07:48:16,Microfone-Samsung-BNF542,122.77
2026-12-12,08:50:24,DiscoSSD-HP-XHF354,518.05
2026-05-24,06:35:30,Headphones-Amazon-JWX584,133.75
2026-05-26,23:43:55,Drone-Intel-KRI733,45.91
2026-04-18,22:54:08,Headphones-Asus-GOZ251,199.63
2026-07-09,18:10:24,Smartphone-LG-KYH309,309.43
2026-07-07,07:11:06,Camera-Acer-ZRA142,671.77
2026-04-25,21:58:56,TV-Alienware-GYL318,45.91
2026-10-26,05:45:05,Teclado-Lenovo-ARJ113,67.87
2026-07-15,01:48:00,Laptop-Huawei-DZZ859,166.69
2026-08-08,19:11:26,Coluna-Acer-UKN779,913.33
2026-04-01,17:51:03,Motherboard-Lenovo-BGI923,23.95
2026-05-11,03:00:36,Router-Lenovo-LVV879,210.61
2026-03-17,12:18:00,Projetor-Dell-TZM845,715.69
2026-06-11,12:52:00,MemoriaRAM-HP-CLA894,23.95
2026-08-07,11:13:20,Smartwatch-Nvidia-TMH621,935.29
2026-11-10,09:45:30,Gamepad-Sony-VGY524,430.21
2026-12-27,08:03:04,Headphones-AMD-CGZ610,199.63
2026-09-05,01:59:12,MemoriaRAM-Amazon-NPN703,166.69
2026-10-21,20:07:56,Processador-Sony-FPP466,474.13
2026-11-22,11:09:00,MemoriaRAM-Microsoft-PVI676,298.45
2026-07-18,04:20:00,Smartphone-Amazon-WSK872,100.81
2026-10-05,14:00:08,Coluna-AMD-VRA600,23.95
2026-10-03,13:08:26,Microfone-Intel-DAV453,34.93
2026-12-25,03:12:09,Smartphone-Xiaomi-DXB152,474.13
2026-09-05,16:59:55,Smartphone-Xiaomi-NYI901,572.95
2026-02-18,02:21:00,Camera-HP-KHC927,408.25
2026-09-11,12:02:40,CaboUSB-Corsair-DLU836,452.17
2026-11-20,08:50:24,Camera-Amazon-DZJ863,781.57
2026-11-27,09:52:30,PlacaGrafica-Intel-CIT189,386.29
2026-12-25,01:47:02,Drone-Huawei-PHT234,254.53
2026-10-25,14:58:35,Smartphone-Razer-MQI705,177.67
2026-01-10,01:53:48,Laptop-Microsoft-SJN800,507.07
2026-07-21,20:40:32,TV-Motorola-NMV488,210.61
2026-01-28,19:55:12,PlacaGrafica-Nokia-DWH435,309.43
2026-05-17,18:38:44,Impressora-Sony-UUA557,45.91
2026-01-28,06:33:30,Monitor-Asus-BEW019,12.97
2026-08-03,21:57:05,PlacaGrafica-Motorola-XCR049,45.91
2026-06-28,14:22:12,Gamepad-Amazon-UPD518,386.29
2026-08-18,08:42:55,Rato-AMD-EQD422,45.91
2026-04-03,07:51:57,Gamepad-Sony-HRA345,122.77
2026-03-28,08:12:00,Tablet-HP-MWY533,23.95
2026-04-03,06:05:55,PlacaGrafica-Motorola-EHF169,56.89
2026-08-18,02:32:24,PlacaGrafica-Apple-OCC387,12.97
2026-08-08,23:31:32,Teclado-Alienware-VRK089,419.23
2026-07-26,02:14:14,Coluna-HP-EQM374,902.35
2026-04-15,13:50:33,Gamepad-MSI-TKV657,616.87
2026-05-05,19:39:51,Smartwatch-Gigabyte-YHN140,276.49
2026-06-19,20:23:12,MemoriaRAM-Asus-HNX074,221.59
2026-04-13,15:25:46,Gamepad-Motorola-OXQ842,375.31
2026-08-18,05:18:59,Projetor-LG-BZQ364,144.73
2026-04-19,23:45:36,Laptop-Samsung-ZCC423,243.55
2026-05-03,13:38:20,MemoriaRAM-MSI-JBS826,155.71
2026-08-03,07:54:00,Router-Nokia-PCZ071,1.99
2026-11-19,04:00:48,Gamepad-Gigabyte-PJZ833,56.89
2026-12-14,08:25:34,Router-Xiaomi-IIB690,177.67
2026-03-20,16:52:24,Camera-Lenovo-WNJ752,144.73
2026-08-10,23:40:48,CaboUSB-Gigabyte-USW729,353.35
2026-03-07,04:37:37,Consola-Intel-LTK858,221.59
2026-11-12,01:15:30,Impressora-Lenovo-HHB791,408.25
2026-03-11,19:56:43,Processador-Dell-OGM999,122.77
2026-07-11,11:56:40,Smartwatch-Sony-TQD533,441.19
2026-02-12,10:21:28,Headphones-Apple-NFT455,342.37
2026-05-23,01:41:00,Microfone-Acer-JVW726,111.79
2026-07-27,00:58:48,Coluna-Xiaomi-OXI204,924.31
2026-02-20,19:20:11,Microfone-Gigabyte-XMK968,133.75
2026-08-10,05:21:18,Microfone-Corsair-GII543,737.65
2026-04-20,10:10:48,Router-Motorola-GZY173,660.79
2026-06-21,00:26:24,Consola-Nokia-WPB342,89.83
2026-10-26,09:32:30,Tablet-Apple-IFC845,78.85
2026-10-24,06:56:10,Rato-AMD-SXJ830,320.41
2026-01-17,16:57:32,Impressora-Huawei-IHZ662,463.15
2026-01-22,03:28:37,TV-LG-SKG871,111.79
2026-02-15,07:04:40,Motherboard-Gigabyte-EGA182,133.75
2026-09-08,17:23:44,Consola-Corsair-FAF164,12.97
2026-01-14,02:29:51,Consola-Lenovo-ITV562,463.15
2026-05-12,20:22:12,Camera-Microsoft-KVQ866,474.13
2026-12-16,04:01:18,Smartwatch-Acer-MGT897,100.81
2026-03-03,23:43:28,Motherboard-Sony-LDY554,309.43
2026-11-18,18:24:00,Smartwatch-Intel-BRF308,89.83
2026-12-17,05:52:49,Laptop-Motorola-PXK818,792.55
2026-02-06,10:43:20,Consola-Google-CXT697,23.95
2026-06-02,05:16:24,MemoriaRAM-MSI-VNB840,331.39
2026-01-26,06:10:48,Carregador-Alienware-XWE606,232.57
2026-09-22,04:01:24,Router-Corsair-ERX107,1.99
2026-02-02,11:21:35,Gamepad-Huawei-FXI000,210.61
2026-01-14,21:22:48,Projetor-Intel-NDE612,34.93
2026-12-21,05:42:48,Camera-Alienware-JUY224,12.97
2026-03-03,16:20:36,DiscoSSD-Xiaomi-QXR228,353.35
2026-04-14,16:55:24,Motherboard-Alienware-XFZ764,529.03
2026-03-26,12:49:07,Laptop-Asus-UMZ323,144.73
2026-12-14,10:14:44,Smartwatch-Dell-BZY364,100.81
2026-01-13,20:04:16,Carregador-LG-JYO123,56.89
2026-10-03,02:05:06,Consola-Nvidia-KJN517,331.39
2026-09-22,09:30:52,Teclado-Motorola-YLZ383,155.71
2026-02-05,13:23:52,CaboUSB-Samsung-XEW952,133.75
2026-09-07,22:01:24,Teclado-Sony-TOG300,89.83
2026-02-06,11:32:00,Tablet-Apple-GNS051,298.45
2026-02-08,01:28:40,Microfone-HP-KAU563,34.93
2026-07-02,14:26:40,TV-Samsung-SIN672,748.63
2026-02-06,09:13:59,Laptop-Nvidia-DHA999,902.35
2026-06-25,15:48:00,Motherboard-Acer-GZC173,550.99
2026-07-10,11:57:26,Projetor-Microsoft-CQO346,210.61
2026-04-14,20:24:19,CaboUSB-Dell-KVE904,221.59
2026-12-13,00:31:00,Rato-Motorola-NYS852,188.65
2026-09-26,10:27:12,Teclado-Alienware-NGL672,34.93
2026-05-13,14:58:48,Smartwatch-Razer-SPM513,331.39
2026-04-08,07:11:52,Smartphone-Xiaomi-ZCA127,561.97
2026-07-16,00:37:52,Headphones-Intel-WCF018,748.63
2026-07-03,19:22:57,Gamepad-HP-ZPF019,34.93
2026-11-09,03:53:04,Carregador-Razer-LWW847,408.25
2026-10-20,04:39:48,Processador-Lenovo-OOR954,463.15
2026-01-12,13:26:40,Laptop-Asus-TLJ872,298.45
2026-01-10,15:18:30,Smartphone-Intel-VQQ917,177.67
2026-06-17,18:31:57,Tablet-Nvidia-XYU323,309.43
2026-08-17,18:01:48,Smartphone-Huawei-AKB331,529.03
2026-09-19,10:57:46,Smartphone-AMD-UCB517,287.47
2026-02-26,21:34:05,Impressora-Amazon-DBO686,34.93
2026-09-24,06:32:43,MemoriaRAM-Asus-HMN043,12.97
2026-12-17,09:00:40,Router-Nokia-DQS757,320.41
2026-11-18,16:25:15,Laptop-Acer-ZBG324,78.85
2026-09-07,10:19:58,Processador-Sony-BPK930,518.05
2026-01-17,23:13:13,Monitor-Corsair-BNT180,309.43
2026-01-17,02:06:00,Processador-Motorola-RDI617,56.89
2026-09-10,03:12:00,Consola-Gigabyte-RDE253,353.35
2026-09-26,08:12:42,Tablet-Razer-XMD428,616.87
2026-03-03,13:44:13,Microfone-Logitech-WAL313,188.65
2026-09-21,05:33:18,Coluna-Huawei-TIO241,111.79
2026-11-02,03:08:54,Motherboard-MSI-MCV099,891.37
2026-01-12,07:17:51,Tablet-Alienware-FXV538,23.95
2026-10-03,19:47:56,Laptop-Apple-ZAG792,540.01
2026-12-26,03:00:40,Processador-Asus-JUY779,210.61
2026-03-06,07:12:12,Smartphone-Logitech-TDJ727,276.49
2026-07-24,11:47:40,Carregador-Xiaomi-BMT515,12.97
2026-01-13,23:13:30,Drone-Apple-QTE791,111.79
2026-09-06,10:38:32,MemoriaRAM-Logitech-GLF875,78.85
2026-01-17,00:36:52,CaboUSB-Motorola-KLV067,430.21
2026-03-17,10:36:08,Consola-AMD-WRZ758,78.85
2026-10-08,22:32:54,Router-Nokia-VQZ270,34.93
2026-01-24,19:26:50,Router-Alienware-RKV868,12.97
2026-09-19,15:52:09,Camera-Asus-YSQ105,474.13
2026-10-23,01:35:46,Consola-LG-SAY012,320.41
2026-12-18,10:48:20,Smartwatch-Nvidia-DJG050,111.79
2026-04-19,22:31:40,Motherboard-Apple-SRK120,309.43
2026-01-25,18:17:30,Microfone-Amazon-CBU075,23.95
2026-10-13,17:15:54,DiscoSSD-Gigabyte-IUM138,232.57
2026-06-01,14:38:20,Processador-MSI-LSR118,56.89
2026-06-07,02:24:45,Gamepad-Sony-WPU426,792.55
2026-07-19,18:23:39,Smartphone-Intel-CLC937,56.89
2026-03-07,22:52:04,Processador-Google-DAM666,463.15
2026-01-04,02:05:57,Impressora-Gigabyte-GHA276,276.49
2026-06-16,09:18:05,Impressora-Huawei-PDE395,550.99
2026-06-18,21:05:39,PlacaGrafica-Motorola-ZGV940,386.29
2026-03-02,20:02:30,Laptop-Alienware-JFZ755,463.15
2026-10-25,05:32:25,Motherboard-Apple-TXL324,34.93
2026-02-15,02:04:12,Laptop-Razer-THP271,12.97
2026-10-14,03:28:18,Consola-Motorola-XIH540,572.95
2026-01-25,22:54:00,CaboUSB-Logitech-OND524,199.63
2026-05-24,02:47:00,Microfone-LG-GQR384,45.91
2026-03-08,09:56:30,Laptop-Alienware-LUO285,56.89
2026-05-14,02:48:18,Microfone-Razer-UKO979,1.99
2026-01-23,01:30:40,Rato-Alienware-CSN527,419.23
2026-02-20,12:45:28,Router-MSI-TSA614,133.75
2026-08-26,02:30:18,Teclado-Sony-BJK044,298.45
2026-05-18,13:12:30,PlacaGrafica-Motorola-PGL692,188.65
2026-12-04,17:10:40,Drone-Acer-QMW984,12.97
2026-07-14,02:54:43,CaboUSB-Gigabyte-FVG524,397.27
2026-03-01,19:52:16,Projetor-Alienware-GSW800,638.83
2026-09-12,05:02:29,Microfone-Motorola-XOR572,210.61
2026-06-20,00:54:50,Gamepad-HP-JSH724,23.95
2026-11-28,03:59:00,Rato-Amazon-IJX124,605.89
2026-07-09,10:57:50,CaboUSB-Acer-QQA848,188.65
2026-05-25,07:52:12,Projetor-Motorola-CMK624,605.89
2026-02-01,01:17:50,MemoriaRAM-Google-DBP539,12.97
2026-11-19,10:00:44,Motherboard-Xiaomi-XMM048,638.83
2026-07-17,01:09:56,Rato-Google-QXW333,45.91
2026-07-16,10:57:48,Camera-Razer-XUY510,23.95
2026-08-05,13:49:00,Smartphone-HP-FXW813,452.17
2026-02-03,05:56:24,CaboUSB-Intel-VZL121,67.87
2026-01-16,12:11:21,Projetor-Asus-HTY868,34.93
2026-04-12,13:56:52,Teclado-Sony-JWS695,243.55
2026-12-16,01:08:50,Teclado-Acer-IKO919,342.37
2026-11-22,05:25:26,Laptop-Acer-MOL560,408.25
2026-04-15,15:51:20,Headphones-Nvidia-LWA296,397.27
2026-02-18,02:26:08,Teclado-Google-CKD436,23.95
2026-10-25,14:06:18,CaboUSB-Logitech-CYI725,144.73
2026-08-16,22:06:04,Gamepad-Google-QPO415,309.43
2026-03-03,11:02:39,MemoriaRAM-Samsung-REC858,111.79
2026-11-06,08:47:40,Impressora-Razer-VVT281,78.85
2026-12-14,10:53:52,Processador-Lenovo-MLB612,1.99
2026-04-09,19:51:26,PlacaGrafica-AMD-SUP182,56.89
2026-01-23,07:14:30,Laptop-AMD-FQJ876,309.43
2026-01-13,03:25:56,Projetor-Nokia-JOG426,474.13
2026-03-09,09:08:19,PlacaGrafica-MSI-VPS279,265.51
2026-06-16,08:01:36,Router-Google-JGC255,12.97
2026-10-06,04:47:05,Router-Nvidia-HKR339,1.99
2026-02-13,20:57:06,Monitor-LG-XSH871,144.73
2026-11-02,01:36:32,Projetor-Dell-YTL817,441.19
2026-06-10,00:49:12,Router-Huawei-DZS714,144.73
2026-07-17,14:10:40,Projetor-Razer-CBV305,342.37
2026-06-26,08:30:12,Carregador-Razer-DRC831,276.49
2026-11-28,20:16:44,Monitor-Lenovo-HES568,23.95
2026-05-06,18:27:44,DiscoSSD-Google-OOO125,726.67
2026-08-12,17:57:04,PlacaGrafica-Asus-QFV050,12.97
2026-02-20,21:12:46,Teclado-Dell-IFO013,1.99
2026-01-01,03:51:40,Microfone-Microsoft-OUA575,463.15
2026-11-25,15:26:28,Laptop-Acer-EVV947,166.69
2026-01-11,06:24:56,Motherboard-Dell-TDU670,166.69
2026-11-06,00:31:12,Processador-Dell-XKT562,1.99
2026-10-28,14:15:00,Impressora-Razer-VAT023,254.53
2026-10-22,02:54:15,PlacaGrafica-Gigabyte-EFM232,759.61
2026-12-04,09:35:48,Smartphone-Amazon-HZH715,111.79
2026-08-11,11:52:30,Headphones-Sony-ZID084,133.75
2026-05-15,14:24:00,DiscoSSD-Microsoft-ZIE539,419.23
2026-11-04,20:55:33,TV-Nokia-YFD521,430.21
2026-03-06,14:01:24,Microfone-Logitech-XZM675,111.79
2026-11-03,15:38:13,Laptop-Nvidia-TWF730,1.99
2026-03-18,10:05:56,Router-Nvidia-DWR747,12.97
2026-09-24,10:45:23,Tablet-Google-IRC255,12.97
2026-11-23,01:11:00,Impressora-AMD-GGP236,188.65
2026-05-22,21:25:04,DiscoSSD-Samsung-DXO054,869.41
2026-02-16,23:48:36,Teclado-Acer-HKU222,45.91
2026-07-16,02:01:16,Processador-MSI-XNT838,89.83
2026-05-20,08:53:06,PlacaGrafica-Dell-QYT744,67.87
2026-03-19,10:46:14,Laptop-MSI-XPT209,67.87
2026-10-23,13:03:36,Tablet-Logitech-CLZ345,463.15
2026-09-28,10:29:15,Laptop-Dell-TST917,254.53
2026-05-16,07:12:27,DiscoSSD-HP-OID017,144.73
2026-08-08,13:04:24,Monitor-AMD-HPU160,78.85
2026-09-09,00:43:04,MemoriaRAM-Intel-EPQ937,660.79
2026-12-20,10:20:48,Carregador-Razer-LLB345,485.11
2026-08-14,17:07:20,Teclado-Razer-OXO586,836.47
2026-04-10,19:09:54,Projetor-Logitech-LCZ265,34.93
2026-04-03,09:33:28,Impressora-Gigabyte-EOH522,56.89
2026-03-28,13:18:56,Impressora-Alienware-JDJ636,540.01
2026-09-03,11:17:44,Smartphone-Xiaomi-TSK843,924.31
2026-06-09,09:57:11,Laptop-Sony-OKM254,298.45
2026-08-06,09:09:44,Camera-LG-XFG580,177.67
2026-08-27,02:40:52,Coluna-Corsair-MFU077,232.57
2026-07-01,07:17:36,Consola-LG-XTR917,342.37
2026-01-27,19:03:36,DiscoSSD-Nvidia-CVC487,45.91
2026-04-14,06:11:15,Drone-Razer-JOM194,287.47
2026-09-29,22:45:20,Headphones-HP-VFF401,902.35
2026-03-11,21:25:12,Router-Nvidia-RID408,12.97
2026-04-15,22:17:12,Router-Sony-LUO824,155.71
2026-11-28,13:12:02,Drone-AMD-TKE671,155.71
2026-10-20,08:20:32,Laptop-Alienware-DES728,232.57
2026-05-22,17:42:20,Tablet-Dell-TQK051,814.51
2026-07-26,00:33:36,Drone-Gigabyte-APW452,155.71
2026-04-06,15:58:00,Consola-Razer-NLT353,45.91
2026-05-27,11:32:19,Teclado-Corsair-AQI210,781.57
2026-09-13,16:55:36,Processador-Apple-YOY236,177.67
2026-09-22,12:17:00,Coluna-Logitech-VZT891,298.45
2026-04-11,08:28:48,Rato-Apple-BGI336,276.49
2026-01-05,08:18:54,MemoriaRAM-Intel-VPD866,133.75
2026-06-17,00:10:20,Smartphone-Amazon-PCT087,34.93
2026-03-21,17:10:40,Router-Razer-XAN442,45.91
2026-08-04,22:48:00,Projetor-Apple-MMX212,23.95
2026-02-21,22:46:40,Tablet-LG-EVM323,276.49
2026-06-10,08:36:00,Tablet-Motorola-SCJ965,408.25
2026-05-23,12:20:32,Projetor-Xiaomi-TQH397,100.81
2026-04-25,22:28:10,Rato-Corsair-CNN118,561.97
2026-05-09,02:42:24,Coluna-HP-WXI509,276.49
2026-01-25,12:59:04,Headphones-Razer-UTQ474,243.55
2026-03-28,05:16:57,TV-Dell-TWY465,12.97
2026-04-06,15:52:48,PlacaGrafica-Razer-ANX863,133.75
2026-09-08,02:51:24,Impressora-Huawei-ZDO468,155.71
2026-07-12,14:49:39,Drone-Corsair-KXK494,583.93
2026-09-26,18:06:28,Consola-Alienware-ZAT926,144.73
2026-12-27,00:44:51,Carregador-Lenovo-AER736,133.75
2026-07-07,13:35:38,Consola-Nvidia-CAJ189,792.55
2026-04-22,09:30:00,Headphones-Gigabyte-YJT480,56.89
2026-09-03,04:30:48,Drone-HP-JDP181,199.63
2026-02-14,08:37:03,Rato-Asus-HDY507,111.79
2026-07-21,05:36:48,Carregador-Lenovo-MDI921,902.35
2026-03-01,21:41:08,Projetor-Razer-TXL693,583.93
2026-07-16,03:04:00,Impressora-Corsair-EWG292,254.53
2026-02-11,08:39:31,Carregador-Motorola-GSR777,210.61
2026-02-18,04:00:26,Coluna-Lenovo-DFI495,1.99
2026-11-01,12:03:01,Motherboard-Apple-SVP731,243.55
2026-10-26,02:10:47,Monitor-AMD-HBU049,913.33
2026-09-13,22:12:22,CaboUSB-Alienware-HQM342,485.11
2026-07-20,03:29:36,DiscoSSD-Huawei-HKY647,210.61
2026-05-15,01:02:30,Tablet-Samsung-ISE164,265.51
2026-01-31,17:26:34,Teclado-Microsoft-IPH964,474.13
2026-06-16,21:20:08,Coluna-AMD-ZQP306,397.27
2026-06-15,15:28:57,Coluna-HP-QKX010,276.49
2026-04-13,02:14:00,Monitor-MSI-UXL479,144.73
2026-11-26,02:07:30,Drone-Apple-XSX100,12.97
2026-09-21,09:52:02,Motherboard-Nokia-KTW885,56.89
2026-01-03,16:20:47,TV-Acer-NCE435,45.91
2026-03-21,05:43:50,TV-Logitech-WXA528,23.95
2026-04-11,04:01:48,Router-Corsair-MLB285,583.93
2026-01-04,08:24:46,Projetor-HP-DAR592,56.89
2026-03-02,08:11:46,Drone-Apple-EJM897,298.45
2026-02-08,05:21:00,PlacaGrafica-Nokia-DNH066,704.71
2026-03-10,19:42:08,Rato-Razer-LQS036,45.91
2026-07-25,22:33:29,Smartwatch-Sony-IAD363,572.95
2026-06-16,10:57:30,Carregador-Gigabyte-EFZ355,166.69
2026-05-28,13:47:56,Drone-Alienware-JVM368,616.87
2026-08-19,03:15:27,Gamepad-AMD-BFS344,265.51
2026-01-25,21:30:00,Consola-Lenovo-LLN786,254.53
2026-10-13,10:32:56,Coluna-HP-VVR451,298.45
2026-03-06,11:46:40,Monitor-Apple-IZJ272,78.85
2026-01-24,02:16:08,CaboUSB-Alienware-FVP450,441.19
2026-08-19,08:58:51,Laptop-Asus-SSG608,111.79
2026-04-18,06:27:12,Microfone-Sony-KFX134,463.15
2026-01-18,06:47:34,TV-Sony-HVU007,78.85
2026-07-04,00:12:19,Projetor-Nvidia-KCY255,507.07
2026-01-02,08:25:59,PlacaGrafica-Lenovo-AGF782,144.73
2026-12-29,11:39:48,Drone-Asus-NHL461,210.61
2026-07-30,19:23:54,Gamepad-Razer-MOB226,880.39
2026-09-16,13:04:50,Rato-Lenovo-BCT124,199.63
2026-04-01,08:46:13,TV-HP-SLC808,540.01
2026-03-17,00:26:04,Microfone-Xiaomi-GOB844,540.01
2026-09-10,03:30:45,Drone-Alienware-CML985,298.45
2026-11-13,08:37:36,Laptop-Nvidia-JTY207,12.97
2026-09-17,06:29:58,Impressora-Apple-ZUK106,682.75
2026-11-26,15:47:03,MemoriaRAM-Huawei-JKW427,276.49
2026-08-19,07:46:00,Gamepad-Nvidia-PVH979,100.81
2026-09-08,13:59:20,PlacaGrafica-Amazon-TYI189,430.21
2026-01-09,16:14:30,Teclado-Nvidia-MMA919,660.79
2026-01-21,00:40:08,Motherboard-Apple-QYK316,12.97
2026-08-08,16:49:44,Router-Microsoft-FDQ658,188.65
2026-06-07,08:31:05,MemoriaRAM-Lenovo-FHG282,78.85
2026-12-12,01:18:33,Carregador-Motorola-UGR055,507.07
2026-11-24,20:49:01,Smartwatch-Acer-SJS765,320.41
2026-01-09,05:38:08,Laptop-Intel-UGW714,342.37
2026-01-07,16:37:30,Carregador-Razer-UCC949,111.79
2026-12-28,06:19:48,Smartwatch-LG-ZCK683,34.93
2026-12-12,21:38:00,Rato-Microsoft-PSB293,232.57
2026-09-11,04:31:12,Microfone-Lenovo-JEB496,144.73
2026-11-19,06:09:58,Consola-Razer-ZYG728,979.21
2026-08-17,13:42:15,Gamepad-Dell-OGD476,1.99
2026-06-03,11:27:44,Smartwatch-HP-GAF204,122.77
2026-04-13,03:07:36,MemoriaRAM-Asus-XDE015,298.45
2026-07-28,06:24:12,Laptop-Motorola-XUA373,320.41
2026-09-13,06:48:40,Drone-Motorola-JWQ668,100.81
2026-04-17,11:39:06,Gamepad-Dell-DHO886,89.83
2026-12-03,18:46:24,Rato-Google-IDM704,122.77
2026-07-09,05:18:00,TV-Alienware-HLW936,298.45
2026-06-11,23:40:10,Consola-LG-VYM451,583.93
2026-02-28,14:12:00,MemoriaRAM-Acer-OWN437,23.95
2026-01-06,18:53:40,Monitor-Apple-RLO446,56.89
2026-07-06,10:29:34,Smartwatch-Nvidia-HDY577,144.73
2026-06-25,10:55:51,Impressora-Logitech-SSK110,298.45
2026-01-03,10:26:46,Camera-MSI-JKF609,122.77
2026-06-18,23:46:00,Smartwatch-Nokia-ABW116,309.43
2026-07-06,21:20:29,DiscoSSD-Asus-YXD211,869.41
2026-01-25,11:13:39,TV-MSI-WRN270,188.65
2026-07-04,05:50:16,PlacaGrafica-Microsoft-NOA022,1.99
2026-07-18,03:25:02,Projetor-LG-PDU068,298.45
2026-09-10,09:48:27,Headphones-Samsung-PTF302,605.89
2026-10-10,07:00:52,Smartwatch-LG-SBO511,221.59
2026-07-26,23:46:20,Camera-Acer-HST985,529.03
2026-10-03,16:46:09,Microfone-Xiaomi-QKW649,221.59
2026-01-13,11:20:00,Camera-Intel-LYP691,111.79
2026-09-11,23:36:00,Tablet-Gigabyte-ICT362,144.73
2026-02-16,15:55:00,MemoriaRAM-Dell-NEY719,177.67
2026-04-04,06:54:06,Impressora-Sony-FXA677,23.95
2026-02-05,00:04:00,Smartphone-Google-KEL409,188.65
2026-09-03,06:46:40,PlacaGrafica-Corsair-WVQ964,144.73
2026-11-26,20:11:15,DiscoSSD-Alienware-OCW479,265.51
2026-05-22,02:06:45,Drone-Samsung-IPG470,276.49
2026-03-28,12:35:36,Microfone-Xiaomi-ZXH422,12.97
2026-10-26,12:45:44,PlacaGrafica-Huawei-SNY562,342.37
2026-01-13,15:45:56,Rato-Microsoft-ZYX147,1.99
2026-11-06,16:52:15,Impressora-Amazon-DWV321,1.99
2026-02-20,00:02:00,Impressora-Razer-DQU427,155.71
2026-03-05,06:24:00,Projetor-AMD-TOX341,298.45
2026-02-15,00:08:15,Processador-Logitech-DHB586,946.27
2026-11-16,01:12:50,PlacaGrafica-Razer-VXE728,408.25
2026-03-08,21:17:44,Consola-Alienware-ARO028,276.49
2026-01-09,13:51:00,Coluna-Razer-TYQ942,1.99
2026-12-19,00:23:25,Drone-Gigabyte-NGO119,78.85
2026-09-15,00:25:22,Gamepad-Nokia-ENW044,375.31
2026-11-09,08:09:36,Rato-Gigabyte-MPM313,144.73
2026-03-13,01:15:44,DiscoSSD-Xiaomi-UDV585,133.75
2026-03-10,10:17:16,Monitor-Intel-FHB725,45.91
2026-05-01,16:44:00,Impressora-Alienware-ZLR404,56.89
2026-01-22,15:02:06,Smartphone-Sony-ETS673,89.83
2026-05-12,08:03:40,Drone-Gigabyte-TYR386,199.63
2026-05-10,00:17:00,Consola-Apple-FBI366,397.27
2026-11-12,17:59:18,Camera-Alienware-RYP782,122.77
2026-11-12,02:13:52,Consola-Nokia-RMU655,1.99
2026-08-28,14:16:36,Consola-Intel-RJT664,23.95
2026-01-10,11:08:15,PlacaGrafica-Alienware-KRF839,254.53
2026-01-17,13:27:48,PlacaGrafica-Google-GMR642,1.99
2026-08-02,11:26:24,Consola-Microsoft-MDQ233,968.23
2026-08-19,07:51:12,MemoriaRAM-Nokia-OHP145,638.83
2026-07-17,02:19:14,Microfone-MSI-NVZ912,430.21
2026-04-26,03:11:52,Rato-Gigabyte-GZZ329,1.99
2026-01-11,10:20:00,Rato-Apple-SOC923,34.93
2026-11-07,14:56:32,CaboUSB-Lenovo-BVI110,342.37
2026-02-21,19:38:16,TV-Nokia-OIA015,210.61
2026-12-26,21:30:15,Gamepad-Acer-OMS258,353.35
2026-08-15,18:06:37,Microfone-LG-YLF067,111.79
2026-04-02,17:24:24,Rato-Razer-SAX827,232.57
2026-07-10,05:01:44,Tablet-Nokia-ZOP218,144.73
2026-09-08,09:58:24,Camera-Gigabyte-AQQ841,1.99
2026-10-16,20:14:28,Carregador-AMD-CRP637,155.71
2026-08-23,06:11:51,Laptop-Motorola-KSD372,210.61
2026-12-24,02:27:30,Drone-HP-CKK334,660.79
2026-10-15,16:54:48,Router-Sony-DDA755,23.95
2026-02-11,17:26:55,Teclado-Acer-ZWP763,342.37
2026-01-07,00:10:08,PlacaGrafica-MSI-QVB147,638.83
2026-06-20,09:53:26,Tablet-Logitech-RUT091,946.27
2026-06-15,08:55:04,TV-Apple-UGS767,34.93
2026-07-08,09:35:30,PlacaGrafica-Microsoft-ZGB724,45.91
2026-11-26,16:53:20,CaboUSB-Razer-MJY673,34.93
2026-10-07,08:59:58,Projetor-Motorola-XZE800,23.95
2026-05-17,08:27:09,Camera-LG-KWQ243,265.51
2026-01-07,02:27:48,Impressora-Sony-NGH439,144.73
2026-01-27,05:01:14,MemoriaRAM-Apple-XGY906,682.75
2026-06-27,11:35:44,Microfone-Nvidia-SFY346,452.17
2026-09-12,20:49:36,Smartwatch-Logitech-JOL528,34.93
2026-02-15,05:10:24,Camera-AMD-KIY769,34.93
2026-10-26,01:14:06,MemoriaRAM-HP-MLR286,254.53
2026-10-10,03:02:30,MemoriaRAM-Microsoft-EIU222,210.61
2026-03-12,18:06:15,Gamepad-Razer-FDP633,144.73
2026-09-28,09:09:00,TV-Razer-DFD333,144.73
2026-04-08,05:41:36,Tablet-Huawei-VFY366,682.75
2026-08-23,21:28:34,Coluna-Microsoft-SDF390,12.97
2026-04-06,07:51:36,Monitor-Dell-WCE152,56.89
2026-04-07,11:38:43,CaboUSB-Acer-DUO523,45.91
2026-07-14,02:16:06,DiscoSSD-Motorola-AHE114,331.39
2026-12-17,05:21:24,Rato-Razer-DYJ903,166.69
2026-02-02,13:53:20,Smartwatch-Alienware-FJE110,12.97
2026-03-28,00:53:28,TV-Huawei-PRD541,45.91
2026-12-19,12:19:00,PlacaGrafica-Gigabyte-OBT763,221.59
2026-05-25,18:58:00,Laptop-Gigabyte-UUV851,770.59
2026-06-08,18:29:10,DiscoSSD-Alienware-JQE335,188.65
2026-05-18,01:18:19,Drone-Huawei-CAS591,1.99
2026-12-07,16:12:00,Motherboard-Lenovo-NSQ814,540.01
2026-08-27,10:23:48,Teclado-Motorola-XUI507,638.83
2026-07-14,00:46:56,Laptop-Dell-XJB238,496.09
2026-03-09,15:18:45,Drone-Intel-XGW779,89.83
2026-11-10,07:16:41,CaboUSB-Gigabyte-ITS083,1.99
2026-01-12,12:20:40,Smartphone-Lenovo-AYH185,485.11
2026-12-08,03:28:30,Carregador-AMD-OHT716,155.71
2026-02-07,10:18:35,Gamepad-Huawei-VXL899,100.81
2026-07-17,11:53:20,MemoriaRAM-Motorola-KJQ386,342.37
2026-07-18,08:34:39,Camera-Acer-BAR416,375.31
2026-11-08,18:31:45,Headphones-Asus-MND587,770.59
2026-05-10,19:32:00,Drone-MSI-KTJ624,210.61
2026-09-27,22:18:36,Laptop-AMD-DUT781,56.89
2026-11-28,05:12:45,Processador-Xiaomi-EDW891,12.97
2026-03-25,02:28:40,PlacaGrafica-Microsoft-ALI312,177.67
2026-07-25,08:33:20,Gamepad-Intel-YQF778,485.11
2026-02-06,00:41:15,Carregador-AMD-PNP228,45.91
2026-04-22,16:45:20,Monitor-Corsair-NBZ726,1.99
2026-01-22,10:45:26,Projetor-Dell-GYS478,265.51
2026-01-25,23:04:55,TV-Intel-TWX250,12.97
2026-01-27,13:42:28,Teclado-Microsoft-ZIR977,342.37
2026-04-14,15:56:28,Processador-Dell-ZVL740,507.07
2026-08-18,14:22:32,MemoriaRAM-Intel-ULN115,550.99
2026-06-18,18:39:48,DiscoSSD-Motorola-AFG488,485.11
2026-02-18,02:45:12,Microfone-Gigabyte-NIV046,671.77
2026-10-05,18:16:00,PlacaGrafica-Razer-DAS048,45.91
2026-10-20,14:30:30,Drone-Acer-XNK201,45.91
2026-11-09,09:50:40,Drone-Xiaomi-LYA897,452.17
2026-08-15,14:14:32,TV-Google-JRH401,254.53
2026-06-07,16:18:12,PlacaGrafica-Samsung-TAS733,12.97
2026-03-25,09:03:50,Monitor-Xiaomi-LIQ510,199.63
2026-04-28,17:17:20,CaboUSB-Asus-UUU456,276.49
2026-10-07,04:05:20,Coluna-Acer-HBD961,45.91
2026-01-02,05:30:18,Monitor-Apple-WNF620,1.99
2026-10-09,03:19:18,Teclado-Corsair-JWC684,221.59
2026-05-08,02:45:13,Consola-Lenovo-SOT345,419.23
2026-10-12,07:02:39,Gamepad-Motorola-WEI403,682.75
2026-06-26,08:44:33,Motherboard-Nokia-EZW372,375.31
2026-11-06,22:15:23,Smartphone-Amazon-VSO913,78.85
2026-05-13,15:34:54,Impressora-Razer-JNG427,56.89
2026-09-08,10:05:07,CaboUSB-Corsair-ULP564,100.81
2026-05-26,00:06:40,Motherboard-Apple-AWX284,56.89
2026-03-18,19:59:28,Consola-Sony-QTE898,23.95
2026-04-22,12:19:00,MemoriaRAM-Nvidia-WOV032,748.63
2026-04-10,14:12:10,Drone-Alienware-JNO352,100.81
2026-06-14,06:06:26,Carregador-Motorola-WZF602,166.69
2026-05-12,06:58:21,DiscoSSD-Amazon-ORJ824,23.95
2026-11-06,05:07:06,Drone-Razer-LMN829,309.43
2026-04-25,07:48:32,Motherboard-Microsoft-UWQ336,177.67
2026-02-19,04:16:24,Camera-Lenovo-KPN223,1.99
2026-11-07,17:56:16,Monitor-Sony-HLS552,188.65
2026-03-05,15:35:25,Headphones-MSI-LES402,56.89
2026-06-20,20:18:30,PlacaGrafica-Amazon-YCB140,583.93
2026-02-03,21:28:48,Teclado-HP-RNL777,111.79
2026-03-20,09:50:20,Coluna-Dell-PTW346,715.69
2026-12-13,01:24:15,Rato-Asus-EPR981,232.57
2026-03-05,07:31:36,PlacaGrafica-HP-QSV097,23.95
2026-07-21,00:16:08,Impressora-Google-LMV468,375.31
2026-03-13,12:08:48,Carregador-Nokia-VUW266,309.43
2026-04-24,22:48:05,Microfone-LG-NBC277,133.75
2026-02-09,02:10:30,Microfone-Lenovo-GRK580,715.69
2026-06-10,06:57:30,Smartphone-Asus-SPZ207,100.81
2026-02-05,00:13:12,Projetor-Logitech-FOQ594,781.57
2026-09-24,00:00:00,Drone-Sony-ATM311,12.97
2026-06-03,09:25:30,Tablet-Corsair-IJJ424,188.65
2026-06-26,13:49:12,Consola-Asus-THC739,1.99
2026-09-23,04:54:33,TV-AMD-QSM877,386.29
2026-02-18,18:59:44,PlacaGrafica-MSI-VJU645,638.83
2026-01-18,04:29:10,Gamepad-Nvidia-WLI370,463.15
2026-03-10,12:09:00,Headphones-MSI-DTK510,287.47
2026-03-16,14:39:04,PlacaGrafica-Nvidia-QCC152,704.71
2026-05-19,20:28:21,Gamepad-Nokia-EWW348,364.33
2026-05-11,04:32:05,Consola-Lenovo-JGW144,419.23
2026-08-14,14:24:26,Smartphone-Alienware-QAA199,144.73
2026-11-12,17:52:56,Carregador-Samsung-IMV847,671.77
2026-09-04,22:37:18,Smartphone-Samsung-DPJ815,375.31
2026-10-09,13:57:30,Monitor-Razer-FUF197,298.45
2026-08-07,02:22:48,Microfone-Nokia-TXP809,34.93
2026-11-13,19:27:42,Impressora-MSI-REJ691,122.77
2026-07-27,01:52:00,Smartwatch-Sony-UAO079,638.83
2026-01-21,16:50:33,Motherboard-Asus-FUH704,34.93
2026-04-07,15:38:24,PlacaGrafica-Dell-LFO812,232.57
2026-11-12,06:51:20,Teclado-Google-SRT351,463.15
2026-04-01,14:14:11,Tablet-Alienware-RCO358,45.91
2026-04-15,05:32:00,CaboUSB-Corsair-DPE183,34.93
2026-01-09,10:28:30,Drone-Microsoft-TFO942,89.83
2026-12-11,18:15:52,Carregador-Gigabyte-QDV610,12.97
2026-07-04,00:26:06,CaboUSB-MSI-LAT407,594.91
2026-02-14,02:37:14,Tablet-MSI-YAS998,320.41
2026-01-04,02:34:21,Carregador-LG-NMH667,529.03
2026-02-25,04:57:24,Tablet-Acer-EKP822,67.87
2026-12-11,06:40:00,Teclado-Alienware-APH384,869.41
2026-03-12,06:13:31,Carregador-Samsung-GZO212,89.83
2026-03-02,00:59:20,Drone-Nvidia-XMF924,166.69
2026-08-18,23:45:52,Monitor-Dell-VKC775,34.93
2026-08-11,23:53:42,Router-Gigabyte-QPS378,287.47
2026-12-02,22:20:06,Tablet-Microsoft-JFY636,507.07
2026-07-26,09:50:19,Consola-Lenovo-PRA700,100.81
2026-08-27,19:55:00,Motherboard-Motorola-TMG996,913.33
2026-01-23,13:05:40,Motherboard-Sony-ODC401,298.45
2026-09-20,08:05:33,Impressora-Microsoft-TRM048,12.97
2026-11-28,04:10:50,Coluna-Motorola-MDX044,309.43
2026-02-11,01:58:00,Carregador-Asus-VVQ116,869.41
2026-10-22,15:50:00,Smartphone-Xiaomi-PSW396,386.29
2026-10-16,05:13:40,Drone-MSI-EWU213,122.77
2026-06-04,20:38:32,Drone-Intel-YRN575,232.57
2026-08-18,12:56:24,Tablet-Microsoft-ECF978,518.05
2026-02-01,13:19:09,Teclado-MSI-VHA142,45.91
2026-01-06,21:36:57,Monitor-MSI-SMN136,869.41
2026-02-18,23:21:39,Smartwatch-Razer-LXH169,265.51
2026-07-24,21:57:36,Tablet-Asus-ZTX413,540.01
2026-09-27,13:19:14,Smartwatch-Amazon-LXU866,111.79
2026-03-22,06:06:01,CaboUSB-Xiaomi-PDZ105,298.45
2026-03-20,08:09:44,Rato-Acer-ZRR026,529.03
2026-07-11,14:05:56,Consola-Gigabyte-GKR167,89.83
2026-06-19,21:01:21,Rato-HP-FKW757,34.93
2026-11-08,08:34:34,Headphones-Logitech-ZRE714,67.87
2026-05-23,14:49:00,PlacaGrafica-Sony-DJH024,210.61
2026-10-17,12:13:00,Microfone-Gigabyte-LQM849,243.55
2026-01-01,07:58:00,Motherboard-Samsung-LTX282,518.05
2026-06-12,19:36:40,Rato-Razer-XUE774,232.57
2026-01-14,15:51:00,Projetor-Amazon-BUR459,78.85
2026-06-21,09:06:12,Tablet-Lenovo-XXQ383,430.21
2026-03-04,09:19:35,Coluna-Apple-YFN639,155.71
2026-03-28,05:47:15,Consola-Acer-ISJ938,507.07
2026-02-10,20:24:41,Smartphone-Lenovo-HCJ624,1.99
2026-04-18,05:56:56,Impressora-AMD-RYH075,89.83
2026-08-06,09:14:13,Tablet-Motorola-KDK900,408.25
2026-05-22,16:02:51,Teclado-Motorola-WZD697,23.95
2026-01-07,10:30:03,Carregador-HP-DUR318,254.53
2026-07-24,15:53:36,Smartphone-MSI-TQD386,814.51
2026-05-27,01:33:18,Tablet-LG-XMP288,320.41
2026-08-13,07:38:20,Motherboard-Corsair-RWY717,474.13
2026-03-02,01:29:40,CaboUSB-Apple-NTM079,89.83
2026-09-03,10:10:10,Processador-Dell-AQP046,23.95
2026-03-19,09:00:49,Router-Samsung-XCQ899,67.87
2026-05-07,09:08:45,Laptop-Asus-TSF412,605.89
2026-12-14,02:40:36,Consola-Xiaomi-CPB576,364.33
2026-05-22,14:31:28,Smartphone-Dell-KCE910,210.61
2026-08-15,19:52:18,CaboUSB-AMD-BLH961,12.97
2026-06-20,00:15:55,Impressora-AMD-VKI627,243.55
2026-12-23,03:04:03,PlacaGrafica-Apple-OKQ845,23.95
2026-11-07,19:20:00,Router-Acer-QKB357,419.23
2026-08-19,20:23:24,Drone-Microsoft-JWW095,155.71
2026-10-09,04:01:00,CaboUSB-MSI-NSH138,177.67
2026-08-20,09:59:44,Projetor-Dell-XKH758,463.15
2026-02-21,01:51:36,Monitor-Dell-THZ924,111.79
2026-05-13,16:27:40,Monitor-Amazon-HPE832,155.71
2026-10-14,06:06:54,Coluna-Microsoft-SVC544,276.49
2026-12-14,04:11:44,Monitor-Sony-SLX326,89.83
2026-11-19,05:58:05,Processador-Nokia-BTN106,155.71
2026-02-09,02:38:22,MemoriaRAM-Sony-QSP475,23.95
2026-10-16,22:25:38,Smartphone-Gigabyte-OYO666,155.71
2026-02-11,07:24:54,Coluna-Intel-HEH160,100.81
2026-03-28,19:11:11,TV-Gigabyte-IEU245,67.87
2026-02-14,06:47:00,Rato-Lenovo-IME314,199.63
2026-08-23,16:33:45,Camera-Gigabyte-JHV602,726.67
2026-09-27,20:23:36,Monitor-Asus-FYG135,177.67
2026-03-26,07:11:40,DiscoSSD-MSI-FMI526,1.99
2026-03-08,17:01:00,PlacaGrafica-Nokia-DTI168,177.67
2026-12-22,18:22:00,Motherboard-AMD-ADP994,177.67
2026-09-22,20:34:12,Processador-Sony-SAZ515,45.91
2026-12-14,07:00:00,Consola-Dell-QNB045,177.67
2026-04-09,04:22:05,Camera-MSI-AEZ555,67.87
2026-10-28,13:36:00,TV-Asus-BPK768,353.35
2026-10-21,05:20:20,Tablet-Lenovo-EGQ361,660.79
2026-01-14,17:08:10,Smartphone-Motorola-MFG398,375.31
2026-05-23,13:51:00,PlacaGrafica-Acer-BFB401,441.19
2026-11-16,19:05:09,Impressora-Nokia-CFW837,232.57
2026-06-23,13:29:48,CaboUSB-Lenovo-WHT499,1.99
2026-07-14,19:42:36,Rato-Alienware-VCF294,23.95
2026-04-07,23:39:00,Processador-Nvidia-RYH535,45.91
2026-05-20,23:59:44,Camera-Apple-GGM924,111.79
2026-07-09,02:01:18,Monitor-Sony-WZC652,605.89
2026-10-01,17:46:10,Tablet-Intel-GRH056,67.87
2026-03-10,03:10:24,Monitor-Google-GLR395,320.41
2026-02-18,00:05:00,Carregador-Nvidia-XYH624,67.87
2026-07-03,19:21:30,Rato-Razer-AXW934,199.63
2026-05-18,08:44:20,Tablet-Google-SUI778,56.89
2026-12-14,10:05:48,DiscoSSD-Asus-DRP079,133.75
2026-07-03,04:23:08,CaboUSB-Corsair-CVD919,243.55
2026-12-06,19:51:36,Camera-MSI-HNE051,221.59
2026-01-01,03:03:26,Projetor-Nvidia-FAN687,177.67
2026-05-10,05:00:42,Camera-Nokia-VKB985,177.67
2026-11-12,08:55:10,Consola-LG-OFU207,682.75
2026-12-05,21:10:56,Router-Asus-CWX816,704.71
2026-06-16,11:54:58,Router-Samsung-BPW949,507.07
2026-08-03,15:51:50,MemoriaRAM-Nvidia-VBV222,309.43
2026-01-15,16:56:05,Headphones-Lenovo-IXI336,12.97
2026-10-06,22:45:50,TV-Apple-LMU431,825.49
2026-08-11,20:07:20,Carregador-Asus-RNR214,89.83
2026-05-28,16:28:00,Drone-Asus-FBA063,814.51
2026-09-09,00:01:30,Coluna-Nokia-TZG478,254.53
2026-02-25,22:50:36,Teclado-Alienware-HHQ716,671.77
2026-06-27,23:16:17,TV-Huawei-JWP087,23.95
2026-08-10,14:51:58,CaboUSB-Microsoft-QSZ589,210.61
2026-06-14,03:45:45,Headphones-Dell-TGS142,232.57
2026-06-25,19:31:58,Smartwatch-AMD-VZU640,572.95
2026-08-27,06:04:09,Carregador-LG-FSR954,1.99
2026-09-06,22:27:12,MemoriaRAM-Gigabyte-WED136,100.81
2026-12-15,12:45:56,Laptop-Google-GGU579,188.65
2026-04-12,18:11:28,Headphones-Alienware-EEM963,452.17
2026-06-25,17:39:58,Headphones-Xiaomi-DAC824,23.95
2026-11-20,20:07:30,Laptop-Nvidia-SKS390,287.47
2026-08-15,04:18:00,Monitor-Asus-CSZ936,56.89
2026-11-05,00:35:08,Processador-Samsung-VZL394,23.95
2026-01-07,20:59:57,DiscoSSD-Alienware-MDI078,133.75
2026-07-14,13:22:58,DiscoSSD-Logitech-EHS681,34.93
2026-02-02,14:33:57,Drone-LG-MBF126,1.99
2026-05-15,03:13:38,Coluna-Motorola-AMY122,188.65
2026-01-16,09:03:27,TV-Nvidia-GZR863,78.85
2026-01-22,08:22:55,PlacaGrafica-Amazon-AUU511,342.37
2026-06-25,23:16:48,Smartphone-Sony-ZXJ090,122.77
2026-06-28,01:58:12,Coluna-Nokia-RAT721,45.91
2026-04-04,07:23:22,Coluna-Corsair-QQJ854,111.79
2026-06-08,12:06:06,Laptop-Huawei-NYI018,1.99
2026-02-14,16:59:10,Teclado-AMD-PAS199,408.25
2026-06-02,04:06:30,MemoriaRAM-Acer-SQU789,441.19
2026-12-27,20:47:50,Projetor-Google-NGU107,364.33
2026-07-25,06:35:42,PlacaGrafica-Amazon-EPR839,89.83
2026-09-01,21:25:22,Smartphone-MSI-BNT332,287.47
2026-03-02,03:50:15,Gamepad-Sony-BXO347,111.79
2026-05-13,13:36:20,Router-LG-TCS668,386.29
2026-08-15,06:31:05,Headphones-Intel-ZQR014,78.85
2026-10-30,00:42:45,Motherboard-Xiaomi-ELF196,1.99
2026-04-22,11:44:00,Router-Xiaomi-CJE851,45.91
2026-06-13,20:27:05,DiscoSSD-Intel-YNH158,133.75
2026-01-27,10:33:28,Smartphone-Google-WDV297,452.17
2026-05-17,08:50:24,Consola-Sony-PAQ479,704.71
2026-11-03,03:45:45,Drone-Asus-OCE468,45.91
2026-12-01,01:08:48,Coluna-Alienware-MLG753,67.87
2026-04-07,14:34:20,MemoriaRAM-LG-FRL999,243.55
2026-01-17,10:38:27,Camera-Razer-ISA228,1.99
2026-11-17,10:20:00,Consola-Samsung-BAR099,693.73
2026-10-15,11:46:24,Motherboard-MSI-VNY116,594.91
2026-11-07,12:19:04,Headphones-Microsoft-SYU826,276.49
2026-11-14,10:00:05,Motherboard-Acer-MPF018,572.95
2026-03-08,01:28:30,Microfone-HP-YXI617,243.55
2026-04-07,08:12:54,DiscoSSD-LG-KTQ284,627.85
2026-07-14,20:49:42,Drone-Apple-GAZ951,408.25
2026-11-28,06:56:45,Laptop-Nvidia-PXZ295,100.81
2026-08-12,10:02:20,Smartphone-Huawei-BLU098,210.61
2026-10-26,22:30:18,Smartphone-Intel-UMO005,45.91
2026-03-06,03:01:00,Coluna-Sony-LFW940,1.99
2026-05-26,00:41:57,MemoriaRAM-Nokia-FXB777,122.77
2026-06-06,21:36:36,Router-LG-RJE007,518.05
2026-09-05,08:38:15,Projetor-Sony-RFS997,34.93
2026-02-08,01:11:53,Motherboard-AMD-DBG137,682.75
2026-05-13,14:28:03,PlacaGrafica-Huawei-ZNS141,155.71
2026-06-03,04:19:33,Impressora-Lenovo-IQX685,232.57
2026-01-07,05:53:56,Motherboard-LG-URE321,529.03
2026-02-02,23:17:03,Gamepad-Xiaomi-VPH495,34.93
2026-05-10,17:55:00,Carregador-Amazon-NME424,67.87
2026-12-17,16:18:08,Monitor-Nvidia-WGZ300,276.49
2026-06-10,02:07:05,Carregador-Xiaomi-KEJ846,23.95
2026-04-15,19:31:44,Motherboard-Dell-CXU180,836.47
2026-05-22,13:46:30,Drone-Corsair-FKK898,67.87
2026-03-07,14:49:02,Motherboard-Acer-JAQ132,199.63
2026-07-26,16:17:42,Monitor-Gigabyte-MNV217,375.31
2026-02-26,06:31:51,Smartphone-Sony-HVT279,463.15
2026-09-06,19:23:40,CaboUSB-AMD-LSF917,737.65
2026-03-03,08:06:48,Router-Logitech-ILR162,23.95
2026-02-27,20:37:40,Monitor-Acer-NWB675,836.47
2026-10-23,00:14:10,Impressora-Asus-XPD082,23.95
2026-10-19,15:48:05,Impressora-Razer-DMZ872,518.05
2026-05-17,03:47:45,Impressora-Corsair-KEO475,78.85
2026-01-28,16:59:59,DiscoSSD-Sony-FTR575,265.51
2026-11-21,18:10:32,Processador-Sony-KIS163,605.89
2026-04-23,06:19:00,Router-Lenovo-BRQ708,12.97
2026-03-18,06:31:46,TV-AMD-FRT113,133.75
2026-02-02,04:49:29,Monitor-Huawei-UOC600,430.21
2026-12-18,10:06:00,Teclado-Sony-UDM411,221.59
2026-04-10,17:30:00,PlacaGrafica-HP-YYF729,23.95
2026-04-25,15:21:00,Motherboard-Acer-JKE919,309.43
2026-09-26,11:21:20,Consola-Corsair-JXB949,155.71
2026-06-12,01:34:34,MemoriaRAM-Nvidia-ZKR684,353.35
2026-04-22,04:22:36,CaboUSB-AMD-BLG504,100.81
2026-01-02,15:04:54,Smartwatch-Asus-UDH215,924.31
2026-08-27,15:13:05,Monitor-Google-SRG302,638.83
2026-01-05,17:16:54,Projetor-Corsair-ATH687,1.99
2026-09-22,09:24:40,Microfone-Nokia-BHG463,375.31
2026-09-14,07:05:21,Headphones-Dell-JTY694,375.31
2026-07-25,18:43:18,MemoriaRAM-Microsoft-FEQ289,89.83
2026-05-17,14:35:58,Monitor-Nvidia-OGX176,12.97
2026-02-27,08:16:06,Gamepad-Gigabyte-VQU045,430.21
2026-08-23,04:41:15,Tablet-Intel-TTF121,188.65
2026-12-01,08:04:48,Smartphone-Asus-FDT904,397.27
2026-08-25,08:21:20,Monitor-HP-KWG993,122.77
2026-12-10,00:11:36,TV-Corsair-FIL697,188.65
2026-01-19,10:38:24,Monitor-Lenovo-TZJ838,902.35
2026-03-21,14:29:57,PlacaGrafica-Nvidia-DNS560,276.49
2026-01-10,19:06:24,Consola-Alienware-GOQ390,100.81
2026-06-23,04:42:52,Microfone-Google-XAO639,166.69
2026-03-11,01:26:05,MemoriaRAM-Alienware-RDU913,78.85
2026-04-12,10:44:56,Router-Apple-QGD753,1.99
2026-01-10,10:15:00,Rato-Huawei-PSX619,188.65
2026-12-16,02:56:48,PlacaGrafica-AMD-ZGN774,594.91
2026-06-21,08:03:20,Carregador-Alienware-KXV095,177.67
2026-10-17,20:27:44,Smartphone-Sony-GHP917,133.75
2026-04-23,02:42:44,Gamepad-Sony-TPH030,221.59
2026-01-27,19:20:19,Camera-HP-KSC497,23.95
2026-04-28,09:37:48,Impressora-Gigabyte-JSE074,419.23
2026-02-24,20:29:51,Microfone-Alienware-IAS636,298.45
2026-02-20,12:20:09,Drone-Amazon-IAO197,155.71
2026-07-08,00:04:40,PlacaGrafica-Asus-GMM689,144.73
2026-02-08,00:16:00,Motherboard-Samsung-CAT205,34.93
2026-10-07,04:11:55,Smartwatch-Lenovo-EJT399,287.47
2026-08-26,21:48:30,Tablet-Intel-GAN791,254.53
2026-06-15,19:26:04,Teclado-MSI-BSQ290,12.97
2026-10-06,22:18:00,Consola-Gigabyte-HVD122,430.21
2026-10-03,08:28:30,Monitor-Sony-AEX684,12.97
2026-03-02,06:04:44,Tablet-Nokia-ZCM622,177.67
2026-06-26,10:39:43,Gamepad-Dell-TOM992,386.29
2026-06-03,08:46:04,DiscoSSD-Lenovo-TYR938,111.79
2026-09-05,11:59:12,Motherboard-HP-AFQ455,1.99
2026-05-14,07:27:05,CaboUSB-Microsoft-IXO074,298.45
2026-03-25,17:49:30,Consola-Motorola-TEE368,232.57
2026-01-08,19:53:16,DiscoSSD-Nvidia-TJI526,353.35
2026-04-02,22:30:39,Headphones-Samsung-NXL855,265.51
2026-03-01,12:36:36,TV-Samsung-VZT042,144.73
2026-10-18,04:15:05,Smartwatch-Samsung-QQB528,111.79
2026-01-12,07:11:28,Projetor-AMD-YSS946,430.21
2026-04-28,07:25:06,CaboUSB-AMD-SOM027,704.71
2026-06-04,17:53:06,Headphones-Microsoft-GJP296,45.91
2026-10-14,16:28:14,Smartphone-Logitech-DZA846,166.69
2026-10-24,17:50:00,Teclado-Acer-QWJ429,353.35
2026-08-08,17:00:45,Tablet-Microsoft-OOM347,869.41
2026-03-14,21:02:48,Camera-Nvidia-COU491,122.77
2026-12-27,06:20:20,Headphones-Razer-VRM415,265.51
2026-10-18,13:32:15,Camera-AMD-ALG275,550.99
2026-11-01,22:33:04,Motherboard-Xiaomi-MVC754,56.89
2026-08-10,01:44:48,DiscoSSD-Alienware-PDV127,177.67
2026-07-14,12:29:33,Processador-Razer-HSF662,452.17
2026-06-23,00:26:25,Motherboard-Apple-KIS699,221.59
2026-10-24,14:01:45,Smartphone-Samsung-DWJ289,561.97
2026-12-12,14:20:48,Consola-Nokia-JMI125,122.77
2026-01-04,01:08:30,CaboUSB-MSI-IKF911,375.31
2026-01-11,09:14:06,MemoriaRAM-Corsair-BTP538,507.07
2026-12-04,14:15:31,Drone-Corsair-PDU562,67.87
2026-02-26,15:35:00,Motherboard-Motorola-DVL599,737.65
2026-08-02,17:43:11,Monitor-Intel-IYA971,23.95
2026-03-21,12:50:15,Teclado-Apple-HWY141,34.93
2026-08-02,10:00:30,Laptop-Samsung-EAN100,660.79
2026-04-03,13:30:18,Coluna-LG-AHU348,78.85
2026-05-19,23:32:20,Router-HP-VON124,232.57
2026-04-12,21:39:18,Camera-Asus-KHZ861,56.89
2026-06-02,22:35:33,Camera-Amazon-WCT367,45.91
2026-04-21,03:57:32,Smartphone-LG-UJS641,122.77
2026-08-23,18:36:32,Carregador-Apple-GGI112,144.73
2026-09-02,01:30:26,Carregador-Samsung-TEL478,210.61
2026-09-20,16:20:28,Gamepad-Amazon-VFT587,309.43
2026-07-25,11:51:37,Tablet-Huawei-OCS541,45.91
2026-02-07,11:58:40,Projetor-Nvidia-WHA061,353.35
2026-01-01,20:02:24,Gamepad-Samsung-KFI602,56.89
2026-03-08,10:45:28,MemoriaRAM-Intel-CFI312,375.31
2026-06-10,17:29:47,Gamepad-Alienware-ISJ067,45.91
2026-03-28,15:24:22,CaboUSB-Asus-VYP124,265.51
2026-07-09,12:36:36,CaboUSB-Dell-SKM851,1.99
2026-09-16,21:26:51,Projetor-Amazon-KAI574,320.41
2026-04-14,02:08:24,Monitor-AMD-TEA805,386.29
2026-02-10,10:02:30,Consola-Xiaomi-CKW220,12.97
2026-05-04,03:27:12,Carregador-Razer-HPA106,320.41
2026-04-26,03:39:20,DiscoSSD-Gigabyte-KWF646,616.87
2026-11-15,03:44:48,Microfone-Google-UMD530,1.99
2026-03-11,20:43:58,Camera-LG-PWJ515,133.75
2026-06-08,14:36:00,Microfone-Xiaomi-WHL039,12.97
2026-02-01,23:34:32,TV-Acer-QWS590,12.97
2026-03-25,15:09:45,CaboUSB-Logitech-KGX791,166.69
2026-04-02,07:25:10,Headphones-Samsung-MVB052,265.51
2026-10-12,11:16:00,PlacaGrafica-Dell-MOR557,23.95
2026-01-15,11:10:30,Tablet-Nokia-EVD170,814.51
2026-08-24,13:50:52,Projetor-Xiaomi-GMT986,946.27
2026-07-22,18:41:33,DiscoSSD-LG-KWM551,45.91
2026-09-11,20:17:42,Consola-Intel-MRW623,375.31
2026-04-13,22:31:26,Router-Razer-HAY027,67.87
2026-12-17,22:57:19,Carregador-Huawei-VFP334,199.63
2026-10-23,02:48:35,Processador-Nokia-KQV713,12.97
2026-04-16,00:24:13,PlacaGrafica-Microsoft-ZFG503,375.31
2026-12-13,11:49:00,Coluna-Amazon-CLY290,56.89
2026-08-08,12:45:27,Drone-Razer-GZG574,287.47
2026-11-28,04:51:03,Projetor-Lenovo-IYP837,693.73
2026-01-10,16:34:01,Processador-Microsoft-JUG847,199.63
