Data,Hora,Produto,Preco
2026-08-05,16:26:44,Consola-Lenovo-BBZ993,1.99
2026-02-12,23:25:55,Headphones-Corsair-GLQ123,408.25
2026-08-04,06:54:24,Microfone-Lenovo-HAM477,737.65
2026-11-05,22:03:45,CaboUSB-Dell-MJM326,287.47
2026-11-07,18:34:08,Coluna-Razer-WKB264,594.91
2026-12-20,03:04:48,Impressora-Huawei-ZXG668,386.29
2026-07-01,16:00:00,Router-Razer-ODX429,583.93
2026-06-04,17:37:12,Camera-Huawei-WPY336,100.81
2026-02-23,11:21:54,Drone-Gigabyte-MCY169,331.39
2026-06-08,13:11:46,Teclado-Acer-WBH122,23.95
2026-09-10,02:36:00,Motherboard-Acer-BAC688,1023.13
2026-07-06,22:18:46,Gamepad-Sony-DXH542,56.89
2026-07-11,20:34:35,MemoriaRAM-Amazon-HSR365,430.21
2026-10-03,13:23:36,Rato-Google-WDO683,144.73
2026-02-01,18:48:48,PlacaGrafica-Sony-PZQ841,353.35
2026-08-20,06:59:44,Coluna-Motorola-SOJ717,342.37
2026-01-05,21:03:40,Router-Asus-UFQ133,298.45
2026-12-21,00:00:48,DiscoSSD-Asus-EIY532,56.89
2026-06-25,02:46:21,Monitor-Huawei-VJQ462,430.21
2026-07-18,02:27:21,Microfone-LG-XIO201,616.87
2026-11-23,16:31:12,Gamepad-Samsung-ULA565,232.57
2026-08-01,20:04:33,Router-Dell-KBP622,56.89
2026-05-13,06:46:25,Coluna-Google-QOZ454,298.45
2026-01-18,15:42:05,Drone-Logitech-NQK372,243.55
2026-03-24,17:12:40,Impressora-Gigabyte-NNZ847,1.99
2026-05-16,17:55:25,Gamepad-AMD-IXO094,1.99
2026-06-06,17:54:18,CaboUSB-Samsung-PUD949,34.93
2026-04-03,08:32:00,Router-Dell-NHW860,583.93
2026-06-01,10:22:44,Rato-Sony-WDR696,353.35
2026-06-06,19:03:12,Smartphone-Samsung-OCM310,518.05
2026-01-02,10:22:54,Camera-Asus-HJR110,397.27
2026-11-05,01:48:24,Smartphone-Microsoft-CSD189,100.81
2026-08-09,03:08:00,MemoriaRAM-AMD-RIL157,627.85
2026-06-13,10:50:05,Smartwatch-Apple-JMF822,441.19
2026-06-15,02:33:40,Drone-Nokia-MZW845,397.27
2026-05-13,16:47:45,Teclado-Nvidia-SPI776,561.97
2026-06-06,20:57:48,Teclado-Lenovo-PLD118,320.41
2026-10-18,05:15:32,Rato-Huawei-TGD660,78.85
2026-04-20,23:47:43,Motherboard-Alienware-CAA564,133.75
2026-03-04,17:32:40,Coluna-Amazon-WCI530,485.11
2026-07-22,00:16:03,Gamepad-Google-YAI916,726.67
2026-04-10,00:38:40,Gamepad-Samsung-IBX698,56.89
2026-10-22,22:14:00,Teclado-Motorola-HET350,23.95
2026-07-11,20:34:42,Smartwatch-LG-IUR328,177.67
2026-01-15,18:52:56,Tablet-Motorola-SUA876,430.21
2026-08-15,16:54:24,Impressora-Motorola-FTR399,616.87
2026-06-09,13:04:18,Smartwatch-Acer-HQU782,111.79
2026-09-22,23:49:21,Coluna-HP-YUF353,232.57
2026-02-20,06:47:45,Teclado-Gigabyte-GAQ501,550.99
2026-03-21,12:48:40,Drone-Huawei-KHH579,89.83
2026-08-14,15:03:30,Drone-Xiaomi-ZQJ901,122.77
2026-05-28,08:46:14,Coluna-Nvidia-JCM584,45.91
2026-08-03,12:51:14,Gamepad-Nvidia-JKM284,232.57
2026-03-25,00:29:12,Consola-Corsair-PBY448,177.67
2026-04-11,17:36:08,Processador-Motorola-LGU899,67.87
2026-04-28,13:51:44,Monitor-Logitech-QUH669,441.19
2026-10-16,13:22:58,MemoriaRAM-AMD-STK383,518.05
2026-05-17,20:34:32,Camera-Xiaomi-GNF335,605.89
2026-09-03,08:54:10,CaboUSB-Corsair-UDW785,254.53
2026-01-12,18:33:48,Impressora-Gigabyte-PJL300,67.87
2026-01-26,22:32:11,TV-Huawei-XFM084,616.87
2026-01-09,20:16:48,Camera-Asus-JOY392,34.93
2026-03-23,15:35:36,Router-Apple-VCM268,342.37
2026-01-04,16:48:50,PlacaGrafica-Acer-FRI094,1045.09
2026-06-06,19:40:48,CaboUSB-Intel-YBI359,1.99
2026-09-25,22:09:24,Microfone-Nokia-NYX392,89.83
2026-05-25,03:10:44,Teclado-MSI-LXI655,485.11
2026-05-16,08:32:30,Headphones-LG-FIW611,89.83
2026-04-27,11:37:16,Carregador-Razer-ZET338,67.87
2026-04-16,18:42:24,Microfone-AMD-QND315,78.85
2026-12-09,13:48:10,Smartphone-MSI-TMM612,331.39
2026-02-05,19:33:18,Consola-LG-NNN292,177.67
2026-07-05,19:52:00,Headphones-Microsoft-XAJ388,1.99
2026-07-18,16:46:06,CaboUSB-MSI-YJW744,23.95
2026-04-09,00:02:54,Coluna-Motorola-BAD548,67.87
2026-07-18,08:50:04,Headphones-Gigabyte-DUK064,89.83
2026-04-26,16:43:36,MemoriaRAM-Gigabyte-AZZ875,45.91
2026-01-24,16:48:35,Impressora-HP-VMZ755,111.79
2026-07-13,03:22:35,Projetor-LG-KQB669,254.53
2026-01-03,20:02:28,Camera-Razer-YXS318,232.57
2026-01-27,13:08:48,Smartwatch-Huawei-NQV694,133.75
2026-10-09,02:05:24,Carregador-Corsair-YLY705,353.35
2026-11-18,18:35:12,Drone-Dell-FMJ044,320.41
2026-02-11,12:48:10,Camera-Logitech-CWX871,572.95
2026-04-13,11:35:48,Drone-MSI-OVX256,1.99
2026-01-04,21:45:49,Laptop-Intel-HLF725,89.83
2026-11-12,09:22:40,Gamepad-Samsung-MLL896,133.75
2026-01-20,05:00:18,Laptop-Intel-GTQ512,100.81
2026-04-03,01:18:00,Consola-MSI-VKH999,561.97
2026-10-19,09:53:34,TV-Gigabyte-JRW399,1.99
2026-06-25,14:06:16,Laptop-HP-YPB153,100.81
2026-01-12,04:55:20,Microfone-Gigabyte-LBB020,441.19
2026-10-11,16:59:10,MemoriaRAM-Microsoft-VQL348,67.87
2026-02-01,16:41:34,Motherboard-Asus-UBC881,12.97
2026-10-03,03:35:00,Router-Nokia-RCU579,627.85
2026-03-26,07:21:20,Router-Logitech-CDN775,243.55
2026-10-12,10:55:16,Smartphone-Alienware-EPC310,89.83
2026-03-16,01:17:20,PlacaGrafica-Motorola-VOU647,309.43
2026-08-04,19:47:55,Coluna-Motorola-TCO407,210.61
2026-03-30,03:23:00,Drone-Sony-UEB583,792.55
2026-02-22,13:45:37,DiscoSSD-Google-OJM273,1.99
2026-11-28,14:33:20,Carregador-Apple-MIA829,342.37
2026-12-22,18:05:20,CaboUSB-Motorola-GKY345,78.85
2026-03-22,23:49:12,Monitor-Xiaomi-IRO681,12.97
2026-03-04,22:30:00,Processador-Samsung-PTH149,759.61
2026-02-05,12:33:15,Smartwatch-Samsung-GEN843,122.77
2026-01-10,03:29:00,Gamepad-Google-RQQ221,616.87
2026-02-07,18:40:09,Tablet-MSI-TIO638,287.47
2026-07-05,07:51:42,Coluna-Huawei-QXU485,45.91
2026-04-25,09:30:58,Impressora-Microsoft-NHW506,1.99
2026-11-17,20:48:00,Projetor-Apple-ZAF255,133.75
2026-03-11,03:32:48,Consola-Amazon-BJW059,386.29
2026-01-06,13:13:20,Motherboard-Lenovo-RFU614,276.49
2026-03-08,17:26:18,Teclado-Huawei-CCK668,463.15
2026-12-15,04:08:00,Smartwatch-Xiaomi-HZD092,671.77
2026-07-12,17:42:15,Consola-Razer-LEZ880,397.27
2026-04-25,12:50:27,Motherboard-Lenovo-HOP257,342.37
2026-02-08,21:50:42,Teclado-Amazon-WYX601,781.57
2026-02-26,23:38:13,Headphones-Motorola-EZS684,232.57
2026-11-14,12:03:02,Camera-Nvidia-PNJ904,45.91
2026-11-06,00:41:51,Teclado-LG-LPC475,638.83
2026-05-13,23:40:45,Camera-Alienware-ROZ193,56.89
2026-10-11,17:22:24,Consola-Microsoft-OEX444,12.97
2026-07-23,02:39:14,CaboUSB-Nokia-DPG127,67.87
2026-06-11,10:36:00,Teclado-Motorola-QIH266,166.69
2026-02-20,21:15:08,Monitor-Logitech-OVZ543,792.55
2026-11-08,20:55:00,Drone-Corsair-OPS059,12.97
2026-04-03,18:41:15,Drone-Razer-TBO858,56.89
2026-04-04,06:38:24,Camera-Xiaomi-NGV482,12.97
2026-09-19,05:59:30,Coluna-Microsoft-WPO083,287.47
2026-01-19,00:06:00,Drone-Corsair-YMS815,1.99
2026-03-07,04:22:00,Router-Huawei-MMT908,375.31
2026-02-09,23:09:24,Rato-Corsair-VRE364,67.87
2026-11-12,10:40:48,Teclado-Xiaomi-WHG721,56.89
2026-02-03,07:56:00,Tablet-Logitech-PHM889,496.09
2026-09-06,19:54:30,DiscoSSD-Intel-CIX941,572.95
2026-03-03,13:29:00,Laptop-Huawei-HGK614,891.37
2026-04-02,14:54:18,Monitor-Gigabyte-QAC383,144.73
2026-01-23,14:10:01,PlacaGrafica-Asus-NTP431,144.73
2026-01-16,20:10:23,MemoriaRAM-LG-UHL690,265.51
2026-05-10,03:30:44,Monitor-Samsung-LEM825,265.51
2026-03-12,16:34:30,Microfone-AMD-VWP649,1.99
2026-08-12,13:19:48,Camera-Logitech-CLC537,34.93
2026-04-20,21:46:07,Coluna-Lenovo-ZAA233,45.91
2026-12-21,03:10:10,Monitor-MSI-YEC293,23.95
2026-09-02,10:54:44,Microfone-Google-YTY580,726.67
2026-06-01,13:41:20,Motherboard-Corsair-CVZ384,309.43
2026-07-25,05:41:28,Processador-Huawei-SCJ767,122.77
2026-05-08,00:09:29,Projetor-Acer-GMU234,671.77
2026-07-28,20:33:45,Headphones-Nokia-PZG072,100.81
2026-03-24,21:39:18,Rato-Asus-MLH975,419.23
2026-05-20,06:03:15,Coluna-Asus-VSY079,990.19
2026-01-10,17:40:57,Impressora-LG-WZE947,254.53
2026-11-27,06:48:30,Teclado-AMD-SFJ915,67.87
2026-09-20,18:27:54,Processador-HP-NYJ784,463.15
2026-02-09,07:26:13,Impressora-Dell-OSK944,287.47
2026-05-16,02:32:22,Headphones-Samsung-FHM015,177.67
2026-12-04,16:01:40,MemoriaRAM-Xiaomi-CQT765,133.75
2026-09-23,20:27:51,Tablet-Dell-XKZ844,649.81
2026-08-17,21:24:38,PlacaGrafica-Huawei-CRW013,507.07
2026-03-01,20:35:05,Tablet-LG-LMP772,496.09
2026-06-27,20:35:15,Monitor-HP-OBQ443,430.21
2026-10-05,23:44:16,Smartphone-Asus-WKT262,111.79
2026-03-09,11:13:12,Projetor-LG-PDZ213,78.85
2026-04-10,16:28:45,Smartwatch-Amazon-ZHN605,111.79
2026-12-26,04:36:16,Drone-Apple-ZKP569,122.77
2026-09-25,05:17:18,Drone-Alienware-FWO324,496.09
2026-07-07,13:47:20,Camera-Amazon-ZVM655,232.57
2026-05-25,21:34:33,Tablet-Razer-UBF819,1.99
2026-05-10,03:25:30,Rato-Microsoft-UWT372,287.47
2026-03-22,04:52:45,Consola-Xiaomi-PFM684,210.61
2026-01-05,13:57:59,DiscoSSD-Huawei-EMH387,133.75
2026-07-22,20:20:15,Motherboard-Dell-LSY342,638.83
2026-04-22,10:28:44,PlacaGrafica-Motorola-OMH034,177.67
2026-08-01,12:44:48,Router-Alienware-CCT382,375.31
2026-07-18,07:02:30,Consola-Nokia-EDN216,100.81
2026-08-10,02:09:06,Gamepad-Nokia-TCF685,518.05
2026-05-01,22:44:40,TV-Asus-QWO267,671.77
2026-08-12,21:41:42,TV-Lenovo-HQV271,155.71
2026-10-06,18:56:18,CaboUSB-Samsung-XFP115,331.39
2026-08-03,04:24:00,Coluna-Amazon-PAV376,89.83
2026-12-03,05:19:30,Drone-Intel-XEO932,386.29
2026-04-07,18:58:56,Headphones-Huawei-SYK977,177.67
2026-12-16,13:01:21,Impressora-Alienware-PAU397,155.71
2026-06-12,15:14:10,Router-Google-LAQ573,45.91
2026-06-25,04:09:20,Processador-Asus-SZY324,320.41
2026-02-10,20:47:15,Smartphone-Samsung-SRC803,12.97
2026-12-03,09:06:00,Laptop-Sony-NGB765,12.97
2026-01-07,23:37:30,Coluna-LG-OWC735,452.17
2026-05-02,03:38:00,Smartwatch-Nvidia-WUN858,265.51
2026-11-09,17:08:00,Tablet-Motorola-YNR057,715.69
2026-07-05,11:08:00,CaboUSB-Gigabyte-ITQ675,210.61
2026-06-07,10:53:50,Motherboard-HP-RSK068,627.85
2026-08-20,04:35:32,Projetor-Google-UWI110,605.89
2026-05-12,18:34:50,Monitor-Gigabyte-KHD463,946.27
2026-05-02,12:40:40,Processador-Gigabyte-KWM284,23.95
2026-07-16,07:59:15,Smartwatch-Microsoft-IDO382,1.99
2026-08-22,06:08:55,DiscoSSD-MSI-PLU219,122.77
2026-02-28,09:40:16,CaboUSB-Xiaomi-PIH192,254.53
2026-01-26,10:20:16,PlacaGrafica-Lenovo-KUE545,89.83
2026-03-17,22:51:12,Processador-MSI-GWK087,583.93
2026-02-26,19:37:06,Monitor-LG-EKV603,122.77
2026-01-04,10:48:18,CaboUSB-Logitech-STY933,364.33
2026-08-26,10:06:09,Smartphone-Logitech-DSI986,397.27
2026-07-20,12:16:18,Teclado-Asus-DRR208,298.45
2026-09-27,13:05:40,DiscoSSD-Corsair-PWM046,155.71
2026-08-05,11:15:51,CaboUSB-Acer-SCQ787,572.95
2026-12-11,18:06:27,PlacaGrafica-Huawei-SZD774,847.45
2026-07-21,23:07:39,Headphones-Apple-PXC090,56.89
2026-09-02,16:11:33,Router-Corsair-XBK277,572.95
2026-08-18,19:51:12,Gamepad-Razer-FIT884,122.77
2026-08-03,06:10:52,Microfone-Logitech-GPG651,287.47
2026-11-18,11:36:00,Projetor-Logitech-IQK206,748.63
2026-10-08,03:36:04,PlacaGrafica-Corsair-LWE325,485.11
2026-10-21,01:41:58,Motherboard-Gigabyte-QUK242,111.79
2026-03-26,03:03:48,Headphones-Amazon-WAA491,1.99
2026-11-01,16:01:16,PlacaGrafica-Sony-ZUJ026,287.47
2026-04-22,04:54:57,Gamepad-AMD-EVY298,1.99
2026-10-10,18:45:00,PlacaGrafica-Google-QLG652,210.61
2026-09-18,03:23:40,TV-LG-ZBX915,78.85
2026-05-16,12:03:24,Carregador-Apple-PEE711,210.61
2026-07-08,07:55:40,Gamepad-Motorola-DGG908,155.71
2026-07-06,08:01:15,DiscoSSD-Google-RUQ958,188.65
2026-06-17,10:12:20,TV-Microsoft-RAB156,803.53
2026-11-25,17:20:24,Smartwatch-Sony-CDT166,155.71
2026-01-13,05:03:57,Laptop-MSI-WWO611,111.79
2026-11-19,03:57:10,Rato-Nvidia-JIA829,419.23
2026-05-28,18:10:28,Coluna-Lenovo-OXE861,12.97
2026-09-18,06:20:00,Router-Lenovo-RVM752,100.81
2026-08-05,07:04:36,Teclado-Amazon-SGI553,34.93
2026-05-21,03:08:00,Router-LG-NKI358,199.63
2026-01-26,23:43:20,Tablet-Lenovo-HMB268,23.95
2026-03-26,16:23:24,Microfone-Asus-FMQ826,100.81
2026-07-20,05:29:06,Coluna-Xiaomi-XUZ500,386.29
2026-10-15,12:48:40,MemoriaRAM-AMD-ARD348,221.59
2026-04-19,20:26:20,Projetor-Motorola-JNB610,979.21
2026-09-11,02:46:40,Motherboard-Nokia-DSK454,561.97
2026-04-04,17:31:55,Rato-MSI-XWT029,1.99
2026-03-05,21:57:00,Camera-Motorola-FLP116,1.99
2026-09-18,14:26:24,Impressora-Intel-FPQ227,485.11
2026-12-06,14:02:31,Gamepad-Motorola-MEP156,342.37
2026-06-24,10:43:48,Coluna-Acer-JEW602,408.25
2026-04-03,11:50:00,Smartwatch-Amazon-QIZ270,56.89
2026-12-21,21:30:48,Teclado-Lenovo-AAI063,56.89
2026-05-02,18:09:20,Consola-LG-ZPD083,232.57
2026-10-14,17:58:36,Laptop-Apple-NZG689,34.93
2026-11-06,11:28:12,Rato-Nokia-SMQ215,12.97
2026-01-03,18:46:30,Smartwatch-Samsung-PXD913,276.49
2026-11-02,02:54:35,Carregador-Apple-EVC516,605.89
2026-04-12,05:36:00,MemoriaRAM-Acer-TJC797,89.83
2026-03-13,10:19:20,CaboUSB-Microsoft-TVK919,133.75
2026-05-15,08:06:15,Headphones-Logitech-NSF147,1.99
2026-09-27,11:19:29,Consola-Razer-KPD685,441.19
2026-03-22,08:32:33,Smartphone-Gigabyte-WNU619,45.91
2026-08-06,06:05:10,Camera-Nvidia-NHR201,792.55
2026-03-07,17:38:53,Laptop-MSI-NXR678,858.43
2026-06-07,05:06:12,Smartwatch-Nvidia-ZXE504,23.95
2026-06-07,06:40:09,Laptop-Intel-QEH196,45.91
2026-10-24,18:12:52,DiscoSSD-Alienware-PTE086,605.89
2026-05-09,10:04:04,Camera-AMD-ZWC665,243.55
2026-09-19,08:13:22,Camera-Logitech-HHO671,67.87
2026-03-09,11:03:40,Motherboard-Huawei-DVE933,122.77
2026-04-19,15:19:47,Drone-Logitech-UTD903,430.21
2026-08-05,23:56:24,Headphones-Huawei-KME895,1.99
2026-11-23,08:43:08,Rato-Apple-PZS290,100.81
2026-03-11,18:42:09,Tablet-Apple-JCM564,111.79
2026-09-28,02:43:22,Carregador-Alienware-WUL430,100.81
2026-03-04,19:28:30,Laptop-Dell-ZWN891,1.99
2026-05-22,19:19:55,Gamepad-Motorola-SPP354,364.33
2026-05-05,21:40:45,Teclado-Huawei-XYX762,34.93
2026-07-21,05:24:59,Camera-Motorola-LWB561,100.81
2026-08-03,08:48:00,Consola-MSI-KMX422,408.25
2026-01-14,10:42:30,Smartphone-Samsung-NRH512,67.87
2026-11-05,10:37:15,Smartwatch-Razer-RLQ730,1.99
2026-02-07,09:00:48,Headphones-Amazon-VXK394,23.95
2026-10-06,19:57:00,Microfone-Intel-OJV065,847.45
2026-09-27,08:07:42,DiscoSSD-Sony-XZA535,12.97
2026-12-15,04:13:40,Microfone-Dell-BGE345,144.73
2026-11-16,09:51:36,PlacaGrafica-Motorola-UKJ691,23.95
2026-02-27,21:15:36,Drone-Asus-FRE737,781.57
2026-09-14,09:48:06,Gamepad-Microsoft-AAP628,693.73
2026-11-16,22:01:07,Router-Amazon-VOZ206,12.97
2026-03-19,13:28:29,Monitor-Lenovo-WJJ010,78.85
2026-04-14,10:19:38,Drone-AMD-PWC871,67.87
2026-09-13,06:21:36,Impressora-Razer-APS008,605.89
2026-09-13,19:48:42,Gamepad-AMD-YOY204,56.89
2026-01-09,16:23:24,Laptop-Amazon-RLV289,111.79
2026-03-04,20:57:00,Motherboard-Motorola-ADP690,122.77
2026-06-17,20:14:47,Laptop-Huawei-JFX388,847.45
2026-01-18,18:32:26,Coluna-Xiaomi-MJO076,540.01
2026-04-13,16:55:50,Drone-Alienware-CRM351,12.97
2026-12-21,09:02:57,DiscoSSD-Logitech-HDX072,474.13
2026-03-28,20:54:48,Rato-Asus-MRO510,594.91
2026-02-21,12:21:59,DiscoSSD-Acer-PPU134,265.51
2026-06-09,23:51:15,Headphones-Motorola-WOM369,34.93
2026-05-24,06:48:45,Headphones-Acer-LQC407,177.67
2026-11-05,12:19:20,Processador-Logitech-XHS183,309.43
2026-08-05,01:13:12,Smartwatch-Apple-AER025,254.53
2026-05-21,23:03:18,Tablet-Logitech-PPI086,748.63
2026-11-02,10:10:27,Projetor-Motorola-NQE899,430.21
2026-02-10,09:46:36,Smartphone-AMD-OZV704,397.27
2026-10-03,04:16:10,DiscoSSD-LG-DQY868,430.21
2026-05-14,17:42:21,Teclado-LG-SPK859,45.91
2026-12-15,17:19:37,Drone-Logitech-EKV620,166.69
2026-12-05,16:17:24,Carregador-Gigabyte-UYQ941,1.99
2026-01-07,15:37:25,Drone-MSI-FFU449,408.25
2026-10-21,22:15:00,Rato-Nokia-EKC995,298.45
2026-03-21,08:05:30,Consola-Asus-SMP374,67.87
2026-06-21,01:02:41,Smartphone-Motorola-JAH849,23.95
2026-04-02,15:21:42,Coluna-Corsair-WWC102,23.95
2026-05-24,05:34:42,Microfone-Samsung-EFE148,111.79
2026-02-10,12:02:10,Laptop-Nvidia-QXR733,210.61
2026-04-07,00:58:22,Motherboard-Apple-VDB934,89.83
2026-11-25,22:03:32,Teclado-Motorola-EQF447,353.35
2026-02-10,15:56:08,Smartwatch-Lenovo-MMJ724,166.69
2026-06-23,06:36:00,Carregador-Apple-LLY061,430.21
2026-12-18,16:53:35,Camera-Razer-FYU608,100.81
2026-08-07,23:18:08,Projetor-Lenovo-VRH739,605.89
2026-09-18,01:59:42,Router-Logitech-OBW011,56.89
2026-07-01,22:00:50,Coluna-Nvidia-PWQ389,496.09
2026-05-20,11:58:06,Gamepad-Google-TUU734,792.55
2026-03-18,03:46:10,Microfone-Nvidia-FHF141,100.81
2026-09-22,21:55:28,Consola-Xiaomi-VBS828,342.37
2026-06-07,16:42:00,PlacaGrafica-Apple-TXU079,67.87
2026-02-17,11:09:56,Tablet-Intel-FPY014,111.79
2026-03-09,22:25:52,Projetor-Gigabyte-PJF704,627.85
2026-08-15,14:48:06,Tablet-MSI-XZD548,89.83
2026-08-20,04:45:00,Motherboard-Dell-CIC778,166.69
2026-04-26,06:33:06,Headphones-Asus-SII434,594.91
2026-11-17,20:39:00,DiscoSSD-LG-HLS909,287.47
2026-07-11,01:28:39,Router-LG-GQT311,287.47
2026-01-14,09:37:45,CaboUSB-Samsung-IFL176,276.49
2026-03-09,15:24:44,Coluna-Alienware-NJA071,474.13
2026-08-15,12:04:36,Tablet-LG-CHQ282,507.07
2026-02-26,07:15:00,Monitor-Gigabyte-WCG042,594.91
2026-01-19,21:53:08,Laptop-Motorola-OOX010,342.37
2026-03-18,15:00:45,Tablet-Amazon-IKB774,12.97
2026-09-21,12:30:11,Motherboard-Motorola-OMB931,56.89
2026-03-09,13:13:18,Smartwatch-Apple-DGM523,23.95
2026-10-22,01:16:24,Camera-Razer-NCX119,320.41
2026-03-02,09:31:58,Teclado-Samsung-AOT453,133.75
2026-06-22,06:13:33,Smartphone-Sony-TGN244,188.65
2026-09-16,12:04:18,Microfone-HP-SZS304,561.97
2026-09-18,08:05:45,PlacaGrafica-Corsair-ZCJ971,1.99
2026-06-25,07:22:30,Smartphone-Microsoft-SJU974,144.73
2026-04-20,13:10:20,Laptop-Huawei-YMR555,342.37
2026-10-09,21:26:36,MemoriaRAM-Corsair-NVK813,122.77
2026-10-28,11:18:18,TV-Microsoft-SSQ187,320.41
2026-10-28,11:28:29,Impressora-MSI-GKW987,342.37
2026-10-21,07:09:39,Processador-Dell-GDX731,188.65
2026-06-19,01:45:48,MemoriaRAM-LG-YXT434,177.67
2026-07-17,00:43:57,Processador-Apple-RQQ722,847.45
2026-07-28,09:56:54,Motherboard-Apple-BZG603,34.93
2026-08-10,06:04:48,Tablet-Xiaomi-WLT575,199.63
2026-06-22,22:15:30,Laptop-Motorola-BWE818,78.85
2026-02-27,13:23:32,Drone-Motorola-UXZ701,155.71
2026-02-25,23:26:24,MemoriaRAM-Motorola-YJD110,155.71
2026-03-02,17:09:24,Motherboard-Xiaomi-DWI765,199.63
2026-05-08,10:36:31,Processador-Alienware-OAW719,770.59
2026-06-15,00:13:48,Teclado-Corsair-MXE577,221.59
2026-07-19,22:48:24,Projetor-HP-IGO215,122.77
2026-11-21,21:42:40,MemoriaRAM-Lenovo-FZB846,507.07
2026-12-07,02:14:24,TV-Sony-AER133,144.73
2026-02-02,09:00:45,PlacaGrafica-Gigabyte-BCN787,1.99
2026-10-28,10:20:40,Monitor-Acer-YPN833,210.61
2026-06-14,06:06:36,Teclado-Lenovo-XCS483,89.83
2026-10-23,23:04:58,Motherboard-Acer-ZZK222,56.89
2026-06-03,10:15:00,Microfone-Acer-GDD578,177.67
2026-07-28,11:48:34,Smartwatch-AMD-VME663,913.33
2026-09-08,18:46:50,Router-Gigabyte-YGA891,243.55
2026-02-23,15:35:30,Projetor-Intel-TYV429,320.41
2026-05-28,10:47:46,Coluna-Corsair-WBC769,199.63
2026-07-15,16:28:56,Consola-Intel-UWJ251,375.31
2026-12-02,01:42:10,DiscoSSD-Xiaomi-CRT881,199.63
2026-04-04,21:48:26,Drone-Gigabyte-MBQ137,254.53
2026-09-24,18:53:59,TV-MSI-EZQ933,56.89
2026-09-06,11:38:06,Processador-Nokia-WFK819,210.61
2026-11-14,22:33:20,Microfone-Microsoft-VAE723,671.77
2026-11-22,17:43:48,Camera-Nokia-WYP117,133.75
2026-11-24,18:33:35,CaboUSB-Asus-YCJ530,408.25
2026-09-14,20:33:52,Coluna-Huawei-ICQ537,89.83
2026-12-27,14:48:00,Rato-AMD-BIN794,924.31
2026-02-15,08:06:20,Drone-Samsung-WRF038,254.53
2026-06-12,14:05:46,Consola-Microsoft-GVC484,56.89
2026-12-16,23:33:39,Router-Logitech-SCI588,144.73
2026-03-14,11:18:40,Microfone-Sony-BOL523,441.19
2026-02-20,03:19:48,CaboUSB-Xiaomi-FOP144,496.09
2026-09-16,02:02:24,Motherboard-Apple-VJY815,133.75
2026-03-25,23:53:44,Carregador-Sony-KGA635,518.05
2026-06-04,09:51:07,Gamepad-Gigabyte-ISC806,188.65
2026-11-22,13:43:03,CaboUSB-Asus-MTQ855,364.33
2026-09-11,03:15:10,Carregador-Acer-WMZ017,276.49
2026-07-06,02:39:45,Router-Acer-RMT058,12.97
2026-10-16,10:53:34,Monitor-Huawei-OLG138,155.71
2026-12-12,13:18:06,Gamepad-Gigabyte-XQD961,166.69
2026-04-16,01:14:12,TV-Intel-YPB491,45.91
2026-05-12,18:01:52,DiscoSSD-MSI-WVI475,34.93
2026-12-03,17:36:36,Smartwatch-Asus-MCA572,287.47
2026-04-04,21:42:22,Carregador-MSI-LIR473,529.03
2026-05-03,19:59:23,Projetor-Corsair-LCI192,89.83
2026-08-07,02:36:09,Motherboard-Lenovo-KOT327,100.81
2026-11-05,10:16:39,Monitor-Nvidia-HPB567,67.87
2026-02-11,21:39:00,Router-Samsung-AHQ789,243.55
2026-01-04,12:53:36,Consola-Asus-VFT843,12.97
2026-02-25,14:57:26,Carregador-Gigabyte-WQX841,276.49
2026-10-08,09:42:17,Projetor-Xiaomi-WWB803,12.97
2026-10-05,08:59:36,Consola-Acer-LRH163,594.91
2026-03-22,16:53:04,Impressora-Nvidia-EIV831,210.61
2026-07-26,04:45:48,Router-HP-FEZ455,166.69
2026-09-09,08:33:36,Processador-Lenovo-VAW922,474.13
2026-04-27,18:22:12,Smartwatch-Amazon-SUE658,1.99
2026-10-18,07:51:27,Rato-Xiaomi-LZV719,320.41
2026-03-07,11:40:00,Teclado-Intel-XXX974,199.63
2026-10-14,23:24:40,Headphones-Intel-ETJ803,583.93
2026-06-09,15:47:24,Tablet-Acer-GFU414,979.21
2026-11-11,10:49:36,Coluna-Lenovo-VLI959,979.21
2026-09-20,06:12:48,Gamepad-AMD-JPQ713,210.61
2026-09-05,12:57:14,Microfone-Gigabyte-DCB268,155.71
2026-07-05,23:52:52,Motherboard-Alienware-LQZ875,441.19
2026-10-26,14:43:28,CaboUSB-Nokia-FUW122,23.95
2026-06-10,11:00:00,Tablet-Razer-BQP927,133.75
2026-05-25,20:49:53,Camera-HP-ZJL345,550.99
2026-06-12,23:43:32,Processador-Apple-EPR090,188.65
2026-07-02,00:25:52,Microfone-Google-WJS372,166.69
2026-11-08,15:17:08,CaboUSB-HP-JEN517,671.77
2026-04-17,16:05:24,Laptop-LG-PDF021,594.91
2026-07-14,15:18:39,Headphones-Lenovo-RUM341,463.15
2026-02-13,14:05:25,Smartphone-LG-XPT344,452.17
2026-02-19,08:50:33,Drone-Apple-RXC138,144.73
2026-03-03,06:26:47,Carregador-Huawei-WHY132,89.83
2026-02-02,12:33:45,Rato-Asus-TQR232,375.31
2026-10-22,13:54:30,Rato-Nvidia-SCD692,836.47
2026-07-07,01:24:18,Carregador-Sony-ZYU197,100.81
2026-02-04,20:48:48,Motherboard-Gigabyte-WYG669,649.81
2026-02-22,12:22:16,Smartwatch-Logitech-TIZ850,364.33
2026-06-19,04:16:40,Impressora-Logitech-TET612,100.81
2026-05-10,02:29:33,Motherboard-Apple-RKP036,1.99
2026-04-08,07:53:36,Gamepad-Lenovo-YWB646,34.93
2026-04-07,21:03:36,Monitor-Acer-NVK084,1.99
2026-01-20,20:55:13,Motherboard-LG-TVF524,1.99
2026-08-01,17:08:00,Processador-Intel-PNE733,364.33
2026-06-22,22:14:22,Teclado-Google-UGH073,561.97
2026-01-01,07:27:28,Smartphone-Asus-LWD865,23.95
2026-03-20,14:10:42,PlacaGrafica-Logitech-PJG362,1.99
2026-07-22,02:29:04,DiscoSSD-Corsair-WTK441,34.93
2026-08-01,04:51:03,Smartphone-Samsung-UOA221,243.55
2026-12-30,03:57:24,Carregador-Logitech-JJA405,45.91
2026-11-08,09:49:21,DiscoSSD-Huawei-JIE110,188.65
2026-07-19,22:05:24,Smartphone-Dell-WEG319,78.85
2026-10-24,16:04:00,Teclado-Lenovo-XYU993,320.41
2026-11-02,03:34:06,Router-Gigabyte-UXQ055,34.93
2026-01-20,03:28:48,Microfone-Microsoft-LMP518,419.23
2026-05-21,14:12:05,Router-Corsair-TEZ408,627.85
2026-03-24,01:50:27,PlacaGrafica-Microsoft-ULX548,320.41
2026-12-07,02:44:29,DiscoSSD-Samsung-WOD619,485.11
2026-01-25,12:48:18,CaboUSB-Samsung-NGV072,276.49
2026-11-18,23:48:10,Rato-Nvidia-GFT560,298.45
2026-08-10,22:25:42,Headphones-Intel-LAB531,254.53
2026-09-06,22:48:27,Projetor-Acer-QNV623,1.99
2026-02-08,18:49:20,Smartphone-Amazon-LGW583,12.97
2026-11-07,23:07:40,Rato-Alienware-KRI399,386.29
2026-01-07,20:16:00,Coluna-Asus-GPZ618,485.11
2026-05-26,11:28:36,Laptop-AMD-PRF135,1.99
2026-04-22,02:56:50,DiscoSSD-Lenovo-MJJ168,122.77
2026-10-26,05:43:27,Carregador-AMD-AYE861,100.81
2026-01-01,07:17:59,Smartwatch-Apple-CIK029,320.41
2026-04-24,15:53:04,Gamepad-Microsoft-PUG525,320.41
2026-10-09,22:25:00,Motherboard-Lenovo-AIB385,287.47
2026-01-20,02:31:39,PlacaGrafica-Nokia-JIE950,34.93
2026-10-02,04:03:24,Processador-Logitech-YNS747,221.59
2026-06-24,01:04:24,Tablet-Alienware-WDL111,759.61
2026-12-05,04:55:44,Motherboard-Xiaomi-ACS201,375.31
2026-09-25,12:44:36,Coluna-Logitech-OJM986,166.69
2026-08-03,06:54:10,Camera-Huawei-HXE744,111.79
2026-05-22,21:45:52,Router-Sony-NXV366,199.63
2026-03-25,07:20:48,Camera-Huawei-CCV746,452.17
2026-12-12,04:59:26,DiscoSSD-Nokia-AAY141,199.63
2026-08-03,15:57:35,Teclado-AMD-ZXN922,342.37
2026-09-27,13:22:45,Camera-Nokia-LAD400,485.11
2026-08-13,14:32:38,Consola-Intel-VCL367,166.69
2026-04-06,05:55:44,Microfone-Alienware-DCP849,1.99
2026-09-22,15:37:30,Consola-Huawei-JRN434,144.73
2026-08-14,22:17:07,PlacaGrafica-Lenovo-MQJ860,89.83
2026-01-16,17:16:45,Gamepad-Asus-ORS259,1.99
2026-09-21,09:19:12,Router-LG-DES284,276.49
2026-05-19,15:10:33,Router-Microsoft-BKQ741,342.37
2026-05-14,05:38:52,Smartphone-Samsung-RSA006,254.53
2026-12-28,20:50:44,DiscoSSD-Alienware-XKB742,704.71
2026-07-25,10:37:10,Impressora-Corsair-TEG265,572.95
2026-10-16,14:06:48,Processador-Alienware-IAV747,89.83
2026-01-18,09:02:56,TV-Motorola-WZM106,287.47
2026-08-21,02:20:57,MemoriaRAM-MSI-EAD434,221.59
2026-02-07,10:37:24,Smartphone-Gigabyte-LMQ657,34.93
2026-07-05,12:45:09,Impressora-Logitech-GRP048,56.89
2026-11-07,05:43:52,Motherboard-Nokia-DCJ680,100.81
2026-08-07,08:57:24,DiscoSSD-Microsoft-KBP875,78.85
2026-06-01,00:40:48,Monitor-Nokia-SOK646,331.39
2026-07-13,10:43:39,Smartwatch-Corsair-VNT858,704.71
2026-11-06,10:10:34,Processador-Apple-DNX203,45.91
2026-12-24,11:19:52,Teclado-Gigabyte-WXZ880,166.69
2026-12-10,02:45:55,Impressora-Gigabyte-XJH624,23.95
2026-09-02,08:54:35,Router-Apple-OAM278,594.91
2026-01-19,03:11:24,Gamepad-MSI-NGY476,1.99
2026-02-03,03:43:31,Camera-Razer-ODQ671,353.35
2026-01-14,10:25:00,Processador-Logitech-GHW295,342.37
2026-01-01,16:30:50,Smartwatch-Intel-QJM173,210.61
2026-05-28,14:28:28,Teclado-Dell-OVY605,386.29
2026-01-07,09:00:16,Laptop-Gigabyte-IGT029,34.93
2026-09-16,19:31:45,CaboUSB-MSI-IZR001,34.93
2026-04-06,12:54:25,Processador-Logitech-QEH333,243.55
2026-08-19,19:55:41,Smartwatch-Samsung-MWK986,188.65
2026-02-01,05:39:13,Projetor-Asus-RKE789,342.37
2026-05-04,09:36:16,Projetor-Logitech-WFN724,45.91
2026-12-19,05:31:53,TV-Sony-MAS516,111.79
2026-02-17,09:29:57,Router-Corsair-AMC678,100.81
2026-05-09,00:12:48,MemoriaRAM-Asus-DJD471,34.93
2026-10-13,16:14:28,Carregador-Apple-SFS330,243.55
2026-05-24,18:54:33,Laptop-Motorola-VUO701,12.97
2026-09-24,03:21:12,Projetor-Asus-XCL265,309.43
2026-08-26,21:59:25,Impressora-Sony-QEQ166,144.73
2026-01-16,21:13:42,Consola-Corsair-AMS679,397.27
2026-06-23,03:50:33,Camera-Google-HWG075,78.85
2026-04-05,10:00:00,Processador-Motorola-BQD011,100.81
2026-12-18,17:34:42,CaboUSB-Xiaomi-YUN881,12.97
2026-09-16,17:02:44,Tablet-Xiaomi-ZYV129,199.63
2026-07-14,14:17:52,Laptop-Microsoft-LLJ623,836.47
2026-06-10,21:51:00,CaboUSB-Sony-EPA909,67.87
2026-03-24,12:04:30,Headphones-Amazon-VKN340,23.95
2026-06-06,02:16:54,TV-Corsair-OQQ851,166.69
2026-07-14,05:25:36,Carregador-AMD-HFW064,496.09
2026-05-24,03:28:48,Impressora-Alienware-DDZ635,331.39
2026-08-06,12:12:35,Headphones-Gigabyte-MRC734,56.89
2026-01-14,14:14:24,Teclado-Gigabyte-PGB445,902.35
2026-01-12,22:28:58,CaboUSB-LG-PWV595,177.67
2026-04-07,10:18:52,Drone-AMD-DVG234,737.65
2026-05-14,03:32:45,Teclado-Dell-TIW244,627.85
2026-04-27,07:25:12,Rato-Alienware-PVW815,386.29
2026-03-16,10:41:24,Motherboard-Acer-CJV394,737.65
2026-10-01,07:43:40,TV-Nokia-XNI828,1.99
2026-09-15,19:47:46,Impressora-Lenovo-JQX860,23.95
2026-08-28,23:21:09,PlacaGrafica-Dell-QPS060,1.99
2026-06-24,14:18:20,DiscoSSD-Xiaomi-TBP915,122.77
2026-05-06,07:01:03,Motherboard-Nokia-TUV228,210.61
2026-08-20,10:08:16,Router-Motorola-AQK684,781.57
2026-09-12,02:41:10,MemoriaRAM-Acer-MLO487,583.93
2026-03-10,04:00:57,CaboUSB-Sony-SUH935,166.69
2026-09-09,01:44:40,Monitor-Acer-ZAD484,342.37
2026-03-19,11:12:24,Headphones-Samsung-YOO638,210.61
2026-09-03,11:31:44,Tablet-Lenovo-UVF074,298.45
2026-10-06,02:35:10,Impressora-Gigabyte-XGM912,331.39
2026-07-08,01:23:04,Router-LG-ZUK473,111.79
2026-11-16,16:20:42,Laptop-Acer-ZBZ154,111.79
2026-02-10,22:25:22,TV-Dell-EUD542,1012.15
2026-02-09,16:04:36,Monitor-Huawei-FYK623,78.85
2026-01-13,03:50:24,Smartphone-Motorola-ASQ205,100.81
2026-01-21,10:31:32,TV-LG-UOP292,507.07
2026-04-04,18:45:00,Teclado-Samsung-WSF470,474.13
2026-03-22,07:33:36,Motherboard-Asus-OCT094,331.39
2026-01-09,23:40:36,Teclado-Samsung-YLS514,353.35
2026-04-14,09:23:20,Consola-Samsung-NBN360,221.59
2026-08-19,21:54:00,Tablet-Gigabyte-VXN706,45.91
2026-05-06,08:01:20,Smartphone-Dell-SVJ540,463.15
2026-03-18,02:56:32,Impressora-Nvidia-ZXA747,34.93
2026-09-19,12:52:00,Microfone-Corsair-JEX252,649.81
2026-12-16,13:56:30,Microfone-Motorola-DHV161,243.55
2026-06-25,05:17:08,Camera-Logitech-PMF441,144.73
2026-07-15,03:43:27,Motherboard-Gigabyte-CJP672,221.59
2026-04-02,05:22:30,Impressora-Asus-OZL405,122.77
2026-06-23,14:19:28,Consola-Dell-OLO280,144.73
2026-10-25,19:49:30,Smartwatch-Dell-LFT290,78.85
2026-04-06,00:59:11,TV-HP-RFW603,232.57
2026-12-03,19:16:48,Router-Microsoft-NRX105,23.95
2026-06-17,21:28:56,Drone-Sony-BZZ479,507.07
2026-06-18,06:35:42,Laptop-Microsoft-ALA160,45.91
2026-10-24,14:46:50,Router-Amazon-EKQ754,1.99
2026-05-18,18:17:14,Processador-Intel-NYU680,12.97
2026-05-08,00:15:36,Teclado-AMD-TUD532,111.79
2026-11-01,14:05:36,Drone-Alienware-SBH595,34.93
2026-10-24,17:15:18,Tablet-Sony-TGZ803,715.69
2026-08-15,07:37:38,Camera-MSI-WUB711,529.03
2026-05-27,00:00:02,Consola-Nvidia-DGJ076,935.29
2026-09-22,08:23:15,Tablet-AMD-RIY544,726.67
2026-06-12,14:59:36,TV-Apple-QTZ591,78.85
2026-04-22,22:09:20,Router-Motorola-EGR704,166.69
2026-02-25,22:00:58,TV-Logitech-SPH801,232.57
2026-09-26,09:20:50,Coluna-Logitech-HXW993,12.97
2026-08-26,08:07:02,CaboUSB-AMD-RKT839,23.95
2026-08-04,13:25:12,DiscoSSD-Apple-TKJ161,375.31
2026-06-09,13:45:14,Gamepad-Alienware-VTJ349,67.87
2026-07-21,06:16:30,Processador-AMD-BHI170,243.55
2026-01-06,04:45:45,Projetor-Intel-MNW285,561.97
2026-04-18,22:56:16,Smartphone-Acer-ZAX565,34.93
2026-01-05,19:28:45,Smartphone-Microsoft-ZXL745,265.51
2026-02-01,03:34:54,Headphones-Lenovo-BIX474,419.23
2026-08-10,20:09:52,Motherboard-Razer-OJB111,56.89
2026-03-01,00:31:00,Carregador-Huawei-MRT751,594.91
2026-10-22,22:52:14,Drone-Lenovo-OFH067,792.55
2026-02-05,18:54:12,MemoriaRAM-Gigabyte-OSU646,594.91
2026-02-14,22:06:04,Gamepad-Lenovo-FNV247,430.21
2026-09-11,13:00:42,Projetor-Google-PJH954,540.01
2026-05-26,11:11:23,DiscoSSD-Nokia-IUD513,166.69
2026-08-22,05:54:36,Laptop-Amazon-MHP875,188.65
2026-10-23,03:53:38,Monitor-MSI-OLH281,56.89
2026-03-17,20:43:26,Processador-MSI-HNQ408,177.67
2026-11-05,02:13:58,Gamepad-LG-QEZ342,34.93
2026-10-23,10:56:00,Camera-Google-ACT289,34.93
2026-08-24,16:01:38,DiscoSSD-Logitech-MYO627,627.85
2026-10-02,09:31:48,Smartwatch-Google-CQF240,342.37
2026-06-10,08:22:25,DiscoSSD-Google-DNQ453,56.89
2026-01-02,08:13:20,Laptop-Alienware-YBY729,441.19
2026-07-03,14:57:20,PlacaGrafica-Gigabyte-JFR764,67.87
2026-04-14,00:39:36,Drone-Samsung-KLE007,23.95
2026-07-23,06:51:32,TV-LG-WVQ247,67.87
2026-12-28,13:33:28,CaboUSB-Acer-KGM517,276.49
2026-08-26,11:38:47,Drone-Corsair-VOV927,45.91
2026-07-13,07:51:00,Impressora-AMD-IBU857,298.45
2026-11-23,13:06:25,MemoriaRAM-Acer-ZTR751,23.95
2026-06-01,14:00:36,Coluna-Alienware-RAD069,858.43
2026-10-04,08:17:48,Tablet-Xiaomi-EUZ610,605.89
2026-05-15,02:26:40,PlacaGrafica-Alienware-OGA898,474.13
2026-01-24,03:39:12,CaboUSB-Microsoft-NYU491,364.33
2026-05-27,00:18:46,Consola-Razer-WCD686,155.71
2026-03-25,11:03:42,Drone-Dell-QTD317,199.63
2026-01-20,00:04:32,Headphones-Apple-ZMF793,496.09
2026-09-17,01:37:20,Rato-Acer-VWH173,880.39
2026-02-23,06:47:20,Smartphone-Nvidia-MIO483,232.57
2026-05-14,19:00:00,Camera-MSI-SCN378,221.59
2026-01-14,09:14:42,Carregador-Lenovo-OUB102,100.81
2026-01-22,19:29:44,Teclado-Xiaomi-OMJ991,166.69
2026-09-05,23:08:40,Carregador-Google-LEI146,56.89
2026-07-16,04:31:18,Headphones-Google-JMF973,221.59
2026-01-04,21:31:30,DiscoSSD-AMD-DNZ040,605.89
2026-07-21,05:39:58,PlacaGrafica-Apple-JJO286,331.39
2026-11-08,12:59:24,Carregador-LG-DOV066,155.71
2026-07-01,22:46:32,Router-Google-ZFW978,34.93
2026-10-23,08:56:21,Monitor-Intel-BRW783,34.93
2026-09-17,01:45:00,Drone-Nvidia-QTB948,210.61
2026-04-08,08:20:40,Motherboard-Logitech-PSH109,605.89
2026-04-17,10:06:58,TV-Amazon-IHD780,627.85
2026-02-27,17:18:00,Coluna-Sony-VXO011,298.45
2026-06-14,03:44:44,Consola-Huawei-JCI744,353.35
2026-07-24,23:15:36,Smartwatch-Apple-HDE934,155.71
2026-07-22,11:34:43,Motherboard-Razer-JUY241,199.63
2026-04-28,09:46:30,Gamepad-AMD-XDZ410,221.59
2026-09-05,05:09:07,Coluna-AMD-VXP686,430.21
2026-01-06,01:41:00,Camera-Nvidia-IUY422,880.39
2026-01-06,02:11:36,Rato-Xiaomi-GPY711,561.97
2026-06-03,11:10:34,Monitor-Amazon-EDI010,254.53
2026-01-15,19:09:28,Coluna-LG-HMQ055,847.45
2026-10-22,11:33:32,Smartwatch-Asus-ADD031,122.77
2026-01-22,22:40:48,MemoriaRAM-HP-ZPB349,287.47
2026-09-14,03:35:42,CaboUSB-Gigabyte-OIA574,979.21
2026-11-07,02:25:03,Carregador-Apple-GWH478,1.99
2026-01-24,05:42:17,Router-Nokia-VKN975,331.39
2026-11-11,09:26:08,PlacaGrafica-Motorola-VWT643,1.99
2026-02-23,22:51:44,Carregador-Google-FBC775,45.91
2026-08-21,21:05:42,Carregador-Xiaomi-QUW273,23.95
2026-02-10,00:26:30,Monitor-Alienware-WQK105,507.07
2026-04-10,06:17:12,Processador-LG-FEW653,243.55
2026-03-09,18:59:42,Projetor-LG-AHN544,210.61
2026-01-02,04:17:30,Router-Motorola-IHI190,188.65
2026-02-28,14:36:08,Impressora-Huawei-VVZ675,913.33
2026-07-21,16:42:28,Motherboard-Microsoft-NVY950,111.79
2026-06-02,08:51:40,Smartwatch-Intel-FCE982,210.61
2026-12-12,22:29:05,Processador-Dell-AZH753,430.21
2026-06-20,06:22:16,MemoriaRAM-Google-JCH082,1.99
2026-12-18,14:22:46,Carregador-Apple-OCH023,56.89
2026-10-25,21:25:16,Processador-Razer-CTY596,419.23
2026-07-12,22:50:04,Smartphone-Asus-YJB143,56.89
2026-06-08,17:55:00,Coluna-Intel-BQZ686,78.85
2026-01-04,14:06:43,Headphones-Microsoft-CKN568,309.43
2026-06-13,00:11:34,Monitor-Samsung-EYF679,111.79
2026-04-14,00:13:57,Router-Intel-VJM950,485.11
2026-01-07,00:12:35,DiscoSSD-Lenovo-XIE682,23.95
2026-07-20,17:25:48,DiscoSSD-Intel-IBX815,133.75
2026-09-17,09:09:54,Consola-Logitech-QQN357,100.81
2026-01-28,10:06:04,Smartphone-Intel-QFV775,990.19
2026-05-07,09:42:52,Gamepad-Lenovo-JRM982,100.81
2026-07-04,03:10:20,DiscoSSD-Corsair-CST849,122.77
2026-08-20,00:50:04,Teclado-Huawei-GCJ151,166.69
2026-11-09,08:40:21,Camera-Razer-QWD430,166.69
2026-05-06,04:32:48,Smartwatch-Logitech-LSY853,45.91
2026-01-16,12:10:10,Laptop-Lenovo-FSV828,298.45
2026-02-03,22:52:23,Smartwatch-Corsair-FLJ233,78.85
2026-08-11,17:06:00,Smartphone-Corsair-MSH043,78.85
2026-09-07,21:40:31,PlacaGrafica-Sony-UCO967,188.65
2026-11-28,13:19:48,Router-Asus-ODX404,485.11
2026-10-24,12:43:40,Teclado-Dell-AGK302,100.81
2026-01-06,18:16:24,Camera-Nokia-UPN258,814.51
2026-09-21,05:04:41,Processador-Motorola-XKT760,188.65
2026-06-24,01:42:14,Motherboard-Nokia-IYX349,474.13
2026-01-13,09:43:50,PlacaGrafica-Alienware-OKY726,1.99
2026-05-16,22:52:34,Consola-Razer-SIL433,243.55
2026-01-01,03:42:25,Monitor-Apple-XPV886,100.81
2026-01-10,00:12:24,Microfone-MSI-AOJ631,496.09
2026-08-09,11:12:09,Rato-Apple-DXI101,627.85
2026-03-17,19:00:08,Motherboard-Sony-NMJ651,1.99
2026-06-14,23:17:20,Processador-Nvidia-RIZ193,89.83
2026-06-05,13:28:12,Projetor-Motorola-DBJ933,518.05
2026-09-04,02:00:18,Headphones-Google-WMV827,23.95
2026-03-15,23:22:37,Tablet-Huawei-XXV868,232.57
2026-01-05,22:05:28,Smartphone-Sony-GDO144,67.87
2026-03-07,09:22:56,Microfone-Acer-UFM252,550.99
2026-09-14,00:11:00,Coluna-AMD-DUD023,276.49
2026-04-09,05:00:52,Smartphone-Asus-HFE076,364.33
2026-10-08,03:16:16,Consola-Motorola-EIE784,23.95
2026-06-25,14:44:32,Camera-Intel-NCA277,1.99
2026-02-05,14:17:45,Rato-Microsoft-WTL367,199.63
2026-10-21,07:51:50,Rato-Corsair-ALN175,232.57
2026-06-10,19:11:33,Tablet-Intel-VES423,100.81
2026-04-12,23:53:04,Monitor-Corsair-WVU015,1.99
2026-04-26,10:07:12,Rato-MSI-QQO532,166.69
2026-03-16,08:01:48,Teclado-MSI-XHS327,781.57
2026-06-19,05:00:16,Carregador-Lenovo-HGK851,572.95
2026-08-04,16:15:24,Tablet-Xiaomi-HNI383,34.93
2026-08-21,21:47:15,Headphones-Apple-LZK141,594.91
2026-02-10,08:13:45,Carregador-Asus-LHF803,353.35
2026-07-02,09:03:09,Motherboard-Amazon-NSP170,67.87
2026-06-14,16:37:45,DiscoSSD-MSI-ZPQ446,726.67
2026-09-11,13:29:32,PlacaGrafica-Alienware-CCH535,23.95
2026-09-27,12:06:34,Drone-AMD-RDL110,649.81
2026-05-20,13:58:30,PlacaGrafica-Google-PFC887,1.99
2026-07-01,07:50:40,Microfone-Dell-AEN131,45.91
2026-01-15,09:21:24,Headphones-HP-IMJ087,23.95
2026-02-28,02:42:48,Gamepad-Asus-GFD975,331.39
2026-10-04,02:45:36,Coluna-Gigabyte-TQV405,177.67
2026-02-01,16:44:24,Drone-Alienware-ZNE409,737.65
2026-02-12,09:26:54,TV-Logitech-CHG036,353.35
2026-04-28,21:58:23,Carregador-Acer-XQX116,122.77
2026-11-16,23:42:40,Microfone-Nokia-CRK671,89.83
2026-02-01,20:39:00,Router-Apple-LDO474,78.85
2026-12-21,10:04:28,Processador-Lenovo-MFR032,155.71
2026-04-17,07:58:37,Rato-Gigabyte-HTW621,45.91
2026-09-10,19:51:44,Laptop-Motorola-VOV742,605.89
2026-12-19,14:19:12,Gamepad-Gigabyte-QXX398,67.87
2026-06-25,23:57:56,Motherboard-MSI-TFP882,122.77
2026-07-23,17:59:21,Gamepad-Huawei-OHF898,287.47
2026-04-07,12:28:57,Smartphone-Huawei-WVK608,199.63
2026-06-02,16:26:08,Projetor-Asus-VPI064,133.75
2026-01-07,16:04:39,Smartwatch-Xiaomi-GWU884,56.89
2026-12-09,11:33:00,Gamepad-HP-GNY273,199.63
2026-12-26,22:36:14,Motherboard-Google-URN683,430.21
2026-04-17,07:08:24,Tablet-AMD-HCQ486,155.71
2026-11-07,06:18:40,Processador-Nvidia-OQF082,34.93
2026-02-16,05:37:33,Coluna-Nokia-UOM508,550.99
2026-05-17,19:42:10,CaboUSB-Corsair-TIC142,1023.13
2026-05-24,16:21:30,Motherboard-Huawei-YAC375,364.33
2026-05-05,20:56:54,Smartwatch-MSI-PAT690,100.81
2026-05-01,21:33:54,DiscoSSD-Apple-SHM775,430.21
2026-11-22,04:29:35,DiscoSSD-Asus-XIN616,177.67
2026-03-20,12:18:00,Rato-Razer-AMI459,45.91
2026-04-12,06:21:45,Monitor-Nokia-UWQ911,34.93
2026-08-04,11:11:26,Rato-Lenovo-RXM193,67.87
2026-11-10,05:37:01,Laptop-Acer-KQX090,111.79
2026-07-02,07:28:56,CaboUSB-Motorola-BDE610,133.75
2026-07-25,19:30:18,Microfone-MSI-KWD179,254.53
2026-08-21,03:16:00,Microfone-Corsair-QLU048,166.69
2026-11-04,13:57:54,Carregador-Razer-BQU377,122.77
2026-01-17,18:41:24,Rato-LG-FIR666,419.23
2026-01-28,01:46:22,Drone-Xiaomi-JWK376,34.93
2026-06-09,02:46:36,Gamepad-HP-IGO766,56.89
2026-11-05,06:16:50,TV-Razer-JRM056,254.53
2026-02-20,22:10:30,Microfone-Gigabyte-BUW035,430.21
2026-08-21,20:41:03,Microfone-Lenovo-DHJ957,67.87
2026-04-23,20:17:04,Monitor-Samsung-KXH006,1.99
2026-11-11,07:06:15,Laptop-Samsung-OXO196,638.83
2026-04-18,14:21:15,Tablet-Gigabyte-TCU452,166.69
2026-07-07,01:09:45,Impressora-Amazon-OYX360,550.99
2026-09-11,14:33:18,Headphones-Lenovo-TRC805,177.67
2026-06-15,19:18:37,MemoriaRAM-Dell-QNP348,111.79
2026-09-12,03:54:24,Consola-Motorola-VBE253,67.87
2026-04-23,19:32:19,Gamepad-Alienware-PBD786,880.39
2026-03-08,23:48:27,Camera-Sony-IZY067,518.05
2026-05-23,00:07:05,Processador-Sony-PRI133,616.87
2026-08-07,02:36:51,Drone-Xiaomi-JBP996,320.41
2026-01-06,19:12:27,Monitor-Lenovo-TMO220,232.57
2026-01-09,04:35:08,DiscoSSD-Nvidia-MNR264,583.93
2026-09-02,07:06:30,TV-Acer-NFG636,1067.05
2026-02-23,08:11:18,Coluna-Gigabyte-RHW764,507.07
2026-06-27,04:44:24,Laptop-Asus-NTJ870,100.81
2026-05-21,09:14:06,Drone-Asus-QQD236,518.05
2026-03-25,20:08:40,TV-Sony-MWT925,210.61
2026-06-06,20:30:48,Gamepad-Dell-ZAO125,34.93
2026-02-27,17:53:40,Monitor-Acer-GZO395,133.75
2026-07-20,18:47:28,Smartphone-Nokia-TPL435,682.75
2026-08-11,00:41:20,Carregador-Razer-CSA296,133.75
2026-02-26,00:38:44,Camera-LG-QCR390,56.89
2026-01-17,21:33:06,DiscoSSD-Motorola-QBX759,89.83
2026-09-23,01:11:42,Camera-Gigabyte-QWU850,100.81
2026-07-15,05:53:51,Gamepad-Xiaomi-HYN956,540.01
2026-05-02,06:45:30,MemoriaRAM-HP-OIX260,1067.05
2026-10-11,03:31:12,Impressora-MSI-KKU018,386.29
2026-02-23,16:18:37,Smartwatch-Xiaomi-WWO712,100.81
2026-06-27,07:36:10,Microfone-LG-FEC917,122.77
2026-04-27,17:00:00,Monitor-Gigabyte-APR699,1.99
2026-04-08,06:22:08,MemoriaRAM-Huawei-SMC634,221.59
2026-03-21,01:05:00,Motherboard-Microsoft-RGB546,45.91
2026-01-17,14:24:48,Gamepad-Alienware-XFW133,342.37
2026-06-02,04:17:24,Motherboard-Razer-KHB349,770.59
2026-08-14,05:16:20,Projetor-Amazon-TKJ309,298.45
2026-07-03,08:52:20,Carregador-Nokia-WNS931,45.91
2026-12-12,11:26:55,Router-MSI-UNW681,1.99
2026-10-26,17:34:51,Projetor-MSI-VPA443,133.75
2026-01-11,03:03:13,TV-Motorola-RDC126,100.81
2026-05-13,00:55:40,Drone-Nokia-MHH620,605.89
2026-09-08,18:48:57,Drone-Acer-GEL145,56.89
2026-01-25,08:09:31,Coluna-Google-FUE782,111.79
2026-05-22,05:42:00,Headphones-Lenovo-XKK493,397.27
2026-09-21,06:20:02,TV-Dell-WBA233,529.03
2026-01-23,23:59:46,TV-Xiaomi-YRW628,309.43
2026-09-15,17:36:18,Monitor-Google-XWH823,419.23
2026-08-09,22:16:52,Tablet-AMD-KHI595,122.77
2026-07-13,06:15:54,Processador-Motorola-ONO332,155.71
2026-03-03,09:43:13,Drone-Motorola-WOA149,12.97
2026-04-13,04:11:22,Headphones-Acer-WTN869,408.25
2026-06-18,12:38:39,Headphones-Acer-ZBR487,331.39
2026-07-03,03:19:00,Camera-Sony-FBN842,56.89
2026-11-26,19:52:57,Camera-Intel-KQG223,836.47
2026-10-08,21:42:32,Smartwatch-Amazon-RVQ647,1.99
2026-04-07,12:13:20,PlacaGrafica-Sony-YLU479,507.07
2026-06-07,21:17:05,DiscoSSD-LG-TOS674,122.77
2026-06-29,08:51:36,Carregador-Razer-OXB093,320.41
2026-04-10,14:28:39,Gamepad-Google-AEQ257,331.39
2026-10-13,22:24:00,DiscoSSD-Nvidia-KWF874,968.23
2026-07-01,04:13:12,Impressora-HP-RKK830,298.45
2026-06-26,10:33:00,Laptop-Lenovo-UVZ596,891.37
2026-11-07,01:36:07,CaboUSB-MSI-WKN245,155.71
2026-09-19,14:27:30,MemoriaRAM-Gigabyte-XLD017,100.81
2026-04-21,16:22:05,Tablet-Nokia-GBR896,199.63
2026-08-18,10:15:36,Headphones-Lenovo-MMS117,23.95
2026-06-19,09:03:19,Motherboard-AMD-RFV929,518.05
2026-01-22,07:46:00,Smartphone-Logitech-TMW312,56.89
2026-11-20,08:23:58,Tablet-Google-CHQ378,78.85
2026-05-28,23:02:48,CaboUSB-LG-GWQ667,34.93
2026-07-24,17:20:00,TV-Xiaomi-TBP085,177.67
2026-03-21,07:01:24,Headphones-Acer-XAA976,111.79
2026-10-10,06:55:01,Carregador-Huawei-UYY416,540.01
2026-03-05,00:53:50,Camera-LG-EIX482,507.07
2026-10-16,02:12:18,Smartwatch-Corsair-ZMH266,78.85
2026-08-18,01:23:45,Gamepad-Dell-GEO918,56.89
2026-03-11,12:42:56,Router-Huawei-SQS302,979.21
2026-11-28,05:21:18,Smartphone-Logitech-TXL323,1.99
2026-12-18,11:48:48,TV-Google-SMX113,342.37
2026-02-13,15:22:24,Camera-Gigabyte-JVM222,221.59
2026-09-23,13:03:00,MemoriaRAM-Acer-XHW359,770.59
2026-05-13,11:18:45,Projetor-Logitech-SOB050,408.25
2026-11-07,08:18:40,Carregador-Alienware-OPA581,759.61
2026-03-10,03:06:10,Headphones-Google-MUX100,397.27
2026-07-15,02:35:04,PlacaGrafica-AMD-OXD224,353.35
2026-08-12,17:11:30,Smartphone-Acer-LMH750,660.79
2026-11-26,22:23:42,Processador-Lenovo-XDO770,155.71
2026-02-06,00:10:26,Motherboard-Samsung-WHS795,23.95
2026-09-25,01:37:20,Tablet-Nvidia-AWE334,12.97
2026-05-22,01:31:12,Headphones-LG-ZXY665,78.85
2026-05-23,19:47:10,Carregador-Motorola-OEX963,100.81
2026-10-26,12:16:00,TV-LG-SGH060,803.53
2026-07-09,09:50:00,Motherboard-Amazon-INJ921,397.27
2026-10-28,04:44:04,Coluna-Huawei-MCR129,12.97
2026-07-05,04:03:00,Impressora-Razer-UTR897,122.77
2026-03-10,02:35:50,PlacaGrafica-HP-TYL884,111.79
2026-05-13,12:37:55,Monitor-MSI-ZFM616,89.83
2026-01-03,16:58:51,Laptop-Xiaomi-KDJ640,397.27
2026-12-22,02:07:48,Rato-AMD-SGP498,540.01
2026-09-13,19:18:35,Coluna-Alienware-DFE477,649.81
2026-06-27,08:19:23,Microfone-Motorola-DBF842,89.83
2026-07-05,02:57:13,Processador-Gigabyte-WAL979,540.01
2026-07-15,22:24:14,Tablet-Dell-VYA523,616.87
2026-07-23,11:59:02,Tablet-Motorola-MWV915,265.51
2026-10-02,17:45:10,Impressora-Xiaomi-EAZ600,23.95
2026-11-06,00:54:00,Motherboard-Google-ZHZ649,737.65
2026-08-28,10:42:36,Laptop-Nokia-ZVD465,45.91
2026-08-03,19:46:30,Router-Lenovo-VYK067,56.89
2026-04-08,11:27:04,CaboUSB-Motorola-ZPD010,814.51
2026-02-21,12:26:45,Tablet-Lenovo-ZBY339,111.79
2026-08-07,01:30:00,Microfone-Gigabyte-HMT700,583.93
2026-10-13,14:50:00,Tablet-Acer-EHT519,298.45
2026-04-28,04:28:39,Headphones-Gigabyte-ZUM671,12.97
2026-11-12,06:54:18,Teclado-Intel-PNM761,397.27
2026-04-19,06:24:00,Laptop-Motorola-FTH881,12.97
2026-04-15,22:33:45,Router-Logitech-JZA986,649.81
2026-11-18,01:56:21,Projetor-Sony-HHT693,572.95
2026-09-10,17:01:47,DiscoSSD-Razer-AWA600,276.49
2026-04-04,18:32:40,Headphones-Sony-FRO871,12.97
2026-04-22,19:15:30,PlacaGrafica-Xiaomi-HWJ123,507.07
2026-11-12,04:37:30,DiscoSSD-Gigabyte-KXH893,814.51
2026-05-07,13:02:12,PlacaGrafica-Intel-SAO318,364.33
2026-06-23,22:45:58,Camera-Nvidia-JKR691,1.99
2026-07-07,07:41:28,Carregador-Amazon-CJN172,408.25
2026-05-27,20:25:34,Teclado-Asus-VMS108,529.03
2026-12-22,21:00:48,Consola-Razer-JZW222,342.37
2026-10-02,13:49:48,Rato-Amazon-NLF164,23.95
2026-07-09,11:37:32,Processador-Lenovo-JKK826,726.67
2026-07-10,23:34:30,Router-HP-OYD930,45.91
2026-08-24,10:02:16,Smartwatch-Intel-FMW015,12.97
2026-06-09,02:15:32,Motherboard-Google-BTJ672,111.79
2026-05-14,23:02:15,CaboUSB-Xiaomi-DMD304,627.85
2026-09-26,15:33:36,Tablet-AMD-PWF216,265.51
2026-12-27,18:31:51,Processador-Google-SPP016,89.83
2026-03-19,22:20:50,DiscoSSD-Motorola-EIX091,133.75
2026-02-07,11:28:12,Carregador-Acer-UNN677,880.39
2026-03-13,20:21:27,Projetor-Lenovo-DOF519,34.93
2026-06-21,18:10:26,Monitor-Xiaomi-XCK908,199.63
2026-02-16,03:22:24,Coluna-Nokia-CXB074,1.99
2026-03-22,22:52:40,Impressora-Huawei-XZF753,12.97
2026-11-06,19:26:07,Motherboard-Xiaomi-LCT392,12.97
2026-12-27,18:54:00,PlacaGrafica-Amazon-BKT223,518.05
2026-12-03,08:38:00,Coluna-Logitech-TBT742,122.77
2026-04-24,02:28:16,Camera-Lenovo-ABC202,331.39
2026-08-03,18:47:47,Coluna-LG-LEN179,155.71
2026-08-20,03:33:17,Router-Asus-HRE627,1.99
2026-12-05,16:44:01,Consola-Google-SFX567,34.93
2026-06-06,23:43:58,Consola-Amazon-BMF449,56.89
2026-01-07,23:42:50,Camera-Lenovo-GSF075,320.41
2026-03-02,15:45:45,DiscoSSD-Corsair-QNW459,572.95
2026-01-24,05:55:00,Teclado-Alienware-AXH932,12.97
2026-04-05,02:03:51,Carregador-Sony-YYC379,342.37
2026-11-17,11:24:27,CaboUSB-Corsair-CFD788,276.49
2026-04-19,11:04:45,MemoriaRAM-Sony-GPK734,397.27
2026-09-10,04:20:52,Gamepad-Amazon-ZCA077,364.33
2026-01-13,16:37:31,MemoriaRAM-LG-GFO667,34.93
2026-03-26,15:43:44,DiscoSSD-Logitech-KXR168,45.91
2026-07-25,13:03:12,Monitor-Microsoft-WWL020,221.59
2026-05-10,16:30:30,Consola-AMD-FKZ642,869.41
2026-02-14,01:27:30,Rato-Apple-OAV464,298.45
2026-10-04,08:24:00,Teclado-Amazon-IAG192,1.99
2026-03-02,08:51:44,Processador-Sony-TWU944,682.75
2026-05-18,07:45:45,Motherboard-HP-OAJ963,254.53
2026-08-25,10:46:39,CaboUSB-LG-MQF418,221.59
2026-11-13,05:08:16,Teclado-Nokia-YPQ049,34.93
2026-10-10,04:59:06,Monitor-Microsoft-MXV211,56.89
2026-01-01,08:18:52,Smartphone-Google-OGY847,12.97
2026-01-16,03:00:10,PlacaGrafica-Microsoft-VIM285,496.09
2026-12-17,04:56:15,Router-Motorola-DRW906,276.49
2026-01-11,07:10:41,Projetor-AMD-VGK838,408.25
2026-11-25,19:54:36,Motherboard-Microsoft-OCE672,56.89
2026-12-05,19:02:56,Monitor-Microsoft-NBV362,452.17
2026-01-14,12:05:43,Tablet-Microsoft-XBZ857,364.33
2026-08-05,17:33:22,Tablet-Asus-BEQ118,199.63
2026-02-18,11:56:51,Microfone-Apple-NLS374,660.79
2026-10-26,07:59:48,Microfone-Asus-GDV906,1.99
2026-06-24,07:56:00,DiscoSSD-Nvidia-FTG080,122.77
2026-10-07,02:20:51,Drone-Google-CXK907,254.53
2026-06-09,05:21:36,MemoriaRAM-Gigabyte-JWK889,496.09
2026-11-22,09:42:30,Gamepad-AMD-SMH018,155.71
2026-03-22,03:10:24,Monitor-Samsung-HJP006,485.11
2026-03-05,15:19:44,Router-Xiaomi-JAQ284,177.67
2026-07-05,15:57:00,TV-Dell-ZUP779,177.67
2026-03-09,02:46:50,Gamepad-Razer-JAS664,726.67
2026-07-27,10:42:06,Drone-Google-TKK010,221.59
2026-04-18,01:59:52,Carregador-Corsair-MCD208,364.33
2026-05-09,03:49:30,Router-AMD-VLC553,265.51
2026-02-22,06:59:00,Processador-Lenovo-SNL585,34.93
2026-06-28,22:49:29,Laptop-Acer-TZT651,89.83
2026-06-19,23:24:33,DiscoSSD-Google-EFL264,232.57
2026-12-22,19:16:32,Smartwatch-MSI-MRE353,166.69
2026-12-15,08:10:54,Gamepad-Dell-QFM981,133.75
2026-12-21,04:27:06,Router-Nokia-IEW594,45.91
2026-08-19,07:59:45,DiscoSSD-Intel-BGF844,287.47
2026-09-25,12:15:12,Projetor-Alienware-PNP061,1.99
2026-10-09,16:13:55,Microfone-Intel-QTJ793,243.55
2026-01-17,04:48:06,Headphones-Xiaomi-QQX891,232.57
2026-10-08,10:03:15,TV-Xiaomi-EKC724,78.85
2026-06-20,19:28:48,Microfone-LG-HYY342,649.81
2026-07-18,13:02:30,Coluna-Nokia-ZHN733,67.87
2026-06-22,16:33:48,Coluna-Apple-QSM007,144.73
2026-01-04,14:46:24,Projetor-Microsoft-VSF381,485.11
2026-09-09,15:57:36,TV-Lenovo-LPU520,177.67
2026-02-14,06:23:06,Teclado-Xiaomi-MNH702,254.53
2026-03-25,14:32:00,Smartwatch-Samsung-NZC094,276.49
2026-02-17,19:37:18,Processador-Gigabyte-FQV641,1.99
2026-11-26,05:04:28,Tablet-Nvidia-KCR608,188.65
2026-01-20,18:19:36,PlacaGrafica-Microsoft-UEC796,254.53
2026-03-28,18:32:30,Router-Corsair-IYN668,1045.09
2026-04-22,02:38:32,Smartphone-Asus-LMM922,89.83
2026-04-15,16:10:30,Camera-Gigabyte-ZCF472,485.11
2026-05-24,18:21:44,Teclado-Asus-FMK755,748.63
2026-04-26,18:00:13,Consola-Sony-JVQ918,100.81
2026-11-06,03:05:03,Tablet-Lenovo-VRU257,12.97
2026-01-17,21:02:00,Carregador-Gigabyte-DMW846,23.95
2026-06-16,03:15:36,Tablet-Samsung-QLQ577,1.99
2026-05-13,18:48:40,Motherboard-Xiaomi-LRD327,166.69
2026-07-06,20:11:51,Rato-Logitech-CAV980,265.51
2026-12-05,22:08:34,Laptop-Nokia-HBH020,298.45
2026-08-01,14:38:06,Router-Lenovo-HFR465,23.95
2026-07-22,10:13:28,CaboUSB-Sony-BOY529,1.99
2026-04-15,02:44:04,Laptop-Lenovo-IPC594,287.47
2026-03-02,00:03:44,Monitor-LG-MNT799,935.29
2026-04-02,21:38:13,Drone-LG-UGO581,100.81
2026-07-06,17:29:12,Consola-Motorola-OHX345,726.67
2026-11-03,05:20:48,Projetor-Huawei-TVY977,353.35
2026-04-26,03:40:00,PlacaGrafica-Samsung-KKA128,924.31
2026-10-26,01:22:56,TV-Google-KON829,561.97
2026-01-12,19:31:12,Router-AMD-YSX272,583.93
2026-03-26,19:44:12,Gamepad-Sony-WHD547,408.25
2026-11-19,23:11:08,Rato-HP-DXA955,67.87
2026-07-12,06:25:45,Motherboard-LG-CGT580,902.35
2026-11-22,13:22:33,Impressora-HP-SKZ424,682.75
2026-08-12,01:00:00,Laptop-Motorola-UHO267,847.45
2026-10-11,08:53:45,CaboUSB-Asus-AMC588,144.73
2026-12-09,16:39:15,Motherboard-Logitech-WSI124,430.21
