Data,Hora,Produto,Preco
2026-09-26,08:00:36,Teclado-Motorola-FXT702,605.89
2026-06-09,22:47:15,Camera-Amazon-KXP509,298.45
2026-10-24,20:13:36,Smartwatch-Acer-KYO387,166.69
2026-04-28,03:24:35,Camera-Apple-YJC216,397.27
2026-05-28,08:17:20,Rato-AMD-ZRQ267,67.87
2026-08-10,06:21:00,Tablet-Corsair-DIY478,122.77
2026-09-25,03:08:42,Coluna-HP-XKG734,100.81
2026-08-20,09:59:21,CaboUSB-Apple-NPI516,342.37
2026-11-27,10:56:20,Drone-Nvidia-LOA163,1.99
2026-12-08,22:03:24,Microfone-Samsung-DLX611,847.45
2026-02-02,11:11:42,Tablet-Asus-FHV948,1.99
2026-06-06,19:14:47,Teclado-Apple-YNX372,155.71
2026-09-03,20:27:28,Smartphone-Asus-GOC645,199.63
2026-07-03,19:52:27,MemoriaRAM-LG-WAO071,144.73
2026-03-14,19:19:46,DiscoSSD-Microsoft-ADY315,34.93
2026-01-01,11:02:01,Drone-Gigabyte-OSO251,342.37
2026-08-09,14:30:06,Headphones-Microsoft-CJW473,397.27
2026-02-08,10:29:30,Drone-Intel-JVN908,507.07
2026-02-06,16:40:36,Projetor-Amazon-YSI541,298.45
2026-03-25,18:40:53,Gamepad-Dell-KEM492,45.91
2026-03-16,08:21:51,Rato-Xiaomi-FGY022,276.49
2026-10-17,02:37:18,Microfone-LG-LTQ483,45.91
2026-03-23,03:31:48,DiscoSSD-Lenovo-JBF112,419.23
2026-10-08,04:47:20,TV-Intel-YUC011,45.91
2026-11-17,09:50:36,MemoriaRAM-Razer-MVF388,12.97
2026-06-11,20:54:00,Microfone-Corsair-CED460,122.77
2026-12-25,00:31:08,Headphones-Xiaomi-QAU892,1.99
2026-07-08,22:00:48,Tablet-Xiaomi-BCN524,605.89
2026-05-24,21:34:25,DiscoSSD-Sony-MKL623,605.89
2026-04-22,17:18:34,CaboUSB-Nokia-TRI539,847.45
2026-04-22,07:58:12,Tablet-Lenovo-VCR906,320.41
2026-02-10,02:03:02,PlacaGrafica-Dell-LRG266,100.81
2026-06-19,16:36:00,Microfone-AMD-ZSI332,320.41
2026-08-10,08:45:04,Camera-Nvidia-SXD130,67.87
2026-09-23,04:38:24,CaboUSB-AMD-DCI672,12.97
2026-06-28,12:23:48,Camera-AMD-NHO784,221.59
2026-03-16,20:24:00,Monitor-Dell-UOK436,221.59
2026-03-12,08:41:10,Teclado-HP-CHM308,693.73
2026-10-16,10:54:49,DiscoSSD-Amazon-UPS693,100.81
2026-01-16,03:47:03,Monitor-Nokia-GCR626,309.43
2026-10-12,07:13:35,DiscoSSD-MSI-LAV916,309.43
2026-06-27,15:50:24,Tablet-Amazon-VLQ002,594.91
2026-11-26,12:13:30,Impressora-Nokia-UUW915,45.91
2026-10-01,23:30:50,Smartphone-Amazon-FZE204,67.87
2026-11-17,11:18:09,Microfone-Razer-UZI557,45.91
2026-02-26,17:42:30,DiscoSSD-Xiaomi-GIB056,254.53
2026-04-06,16:56:00,Motherboard-Alienware-VYU445,122.77
2026-05-24,05:57:55,Coluna-Google-PTE223,232.57
2026-01-28,16:16:00,Smartphone-Motorola-WZZ239,166.69
2026-04-04,16:16:14,Coluna-Sony-AGL008,276.49
2026-09-13,04:58:47,TV-Asus-LYX188,78.85
2026-04-06,10:16:48,Laptop-Nokia-ORH036,122.77
2026-07-15,02:25:03,Laptop-Google-LWS810,243.55
2026-10-21,17:52:48,Router-Amazon-PVB627,902.35
2026-08-13,08:53:25,Laptop-Nvidia-LKE233,23.95
2026-09-28,15:40:14,Carregador-Alienware-HMP075,583.93
2026-07-02,18:18:52,TV-Alienware-HOM992,67.87
2026-02-23,08:09:20,PlacaGrafica-Asus-EJR075,89.83
2026-12-19,15:34:15,Smartphone-Acer-ZDQ835,89.83
2026-08-20,02:18:24,Drone-Nokia-XYG021,902.35
2026-09-27,06:24:50,Processador-Lenovo-QPN608,122.77
2026-03-01,03:01:30,Headphones-Nvidia-XIT385,45.91
2026-05-03,22:12:00,CaboUSB-Samsung-EUP909,353.35
2026-01-09,08:50:24,Coluna-Microsoft-YGH982,177.67
2026-10-03,09:26:40,TV-Huawei-XLK362,331.39
2026-05-17,09:34:15,Camera-Lenovo-BVZ282,671.77
2026-08-15,10:25:44,Projetor-Samsung-CUA340,375.31
2026-02-03,10:58:06,Headphones-Apple-KQA388,1.99
2026-02-14,09:37:29,TV-Razer-BBD166,144.73
2026-11-26,12:48:58,PlacaGrafica-Sony-IIE862,166.69
2026-09-26,19:11:23,Impressora-Samsung-CTI463,232.57
2026-09-09,18:43:54,Motherboard-Sony-VNZ089,1.99
2026-08-01,06:40:18,Microfone-Intel-BDL359,276.49
2026-07-07,22:42:45,Router-Xiaomi-MFD087,155.71
2026-07-26,21:55:02,Rato-LG-NBP319,540.01
2026-05-16,13:33:45,Laptop-Sony-KJS120,100.81
2026-02-25,14:51:00,Drone-Apple-CWQ434,265.51
2026-06-14,14:31:20,PlacaGrafica-Corsair-NJI791,847.45
2026-08-08,14:39:54,Headphones-Nokia-JGX940,111.79
2026-06-05,11:37:55,Rato-Acer-NIM801,583.93
2026-04-10,00:33:36,Monitor-HP-USX952,792.55
2026-04-22,02:34:48,Headphones-Microsoft-IAZ361,408.25
2026-01-09,08:08:24,Consola-Samsung-AIB939,111.79
2026-12-30,04:19:24,Projetor-Corsair-EFG561,331.39
2026-07-22,06:59:55,DiscoSSD-Sony-KXN891,23.95
2026-12-13,22:11:41,MemoriaRAM-Logitech-WWJ980,474.13
2026-03-26,23:00:00,Camera-Motorola-RTQ489,364.33
2026-03-13,00:15:36,Laptop-Alienware-BKP753,34.93
2026-02-06,18:14:16,Consola-Corsair-ZHC211,133.75
2026-02-08,19:49:45,Carregador-Gigabyte-BON458,364.33
2026-03-02,04:07:14,Impressora-MSI-WIF969,56.89
2026-06-14,11:45:24,Smartwatch-Logitech-AVI206,331.39
2026-02-15,19:09:50,Processador-Asus-IQZ560,12.97
2026-08-07,18:39:58,PlacaGrafica-Asus-VUR282,122.77
2026-03-04,04:23:06,Drone-Alienware-GNT834,122.77
2026-12-16,11:03:25,Microfone-Logitech-DTC432,254.53
2026-08-12,02:15:58,Motherboard-Xiaomi-LRJ173,419.23
2026-09-24,06:26:40,PlacaGrafica-Nokia-ETD578,309.43
2026-02-15,16:28:01,Router-Xiaomi-AUE690,1.99
2026-06-28,03:37:28,Consola-Nvidia-OFD126,34.93
2026-03-27,04:34:00,Router-Microsoft-ISO601,1.99
2026-03-06,10:28:20,Router-Razer-PYT023,56.89
2026-05-23,04:19:24,Microfone-Apple-ZWG560,364.33
2026-05-23,09:14:08,Teclado-Apple-IAI524,397.27
2026-02-05,17:58:10,Router-Xiaomi-TWJ805,155.71
2026-03-21,13:49:00,Processador-Samsung-RII237,561.97
2026-03-20,15:49:14,TV-Google-FCJ206,45.91
2026-01-06,00:26:40,Projetor-Xiaomi-JQK374,298.45
2026-07-12,22:52:00,DiscoSSD-Apple-HDH889,56.89
2026-12-24,04:42:55,Rato-Acer-TEN623,221.59
2026-11-10,22:06:35,Motherboard-Nokia-TDK598,67.87
2026-12-20,13:44:50,TV-Samsung-HDU649,243.55
2026-08-16,11:26:51,Headphones-Alienware-PDM160,287.47
2026-01-18,16:20:24,Monitor-MSI-HUE138,199.63
2026-07-17,18:40:48,Smartwatch-Motorola-FYW327,78.85
2026-10-16,01:55:00,Teclado-Apple-QKB629,594.91
2026-12-09,19:38:36,Rato-HP-LLX671,254.53
2026-12-14,13:57:00,Coluna-Apple-UPZ372,891.37
2026-01-05,05:34:00,Laptop-Nokia-EOH552,12.97
2026-06-23,06:27:06,Motherboard-Apple-BTD142,704.71
2026-08-04,10:02:42,Laptop-Google-ANI463,12.97
2026-07-08,20:53:48,Processador-AMD-IUP183,287.47
2026-01-25,06:06:40,Smartphone-Asus-UHE258,210.61
2026-10-20,18:48:36,Smartphone-Samsung-BYS620,232.57
2026-08-04,12:39:54,Consola-Nokia-AQK363,100.81
2026-01-12,00:30:36,Monitor-Logitech-KTE683,12.97
2026-04-20,12:12:32,Smartwatch-Microsoft-TOX194,78.85
2026-02-09,11:48:54,Impressora-Alienware-VTG275,287.47
2026-10-11,02:17:30,PlacaGrafica-Asus-SGI878,166.69
2026-08-28,08:55:00,DiscoSSD-Razer-JXH485,342.37
2026-12-17,18:52:28,Teclado-AMD-HNZ419,23.95
2026-11-14,20:57:40,CaboUSB-LG-FTF936,309.43
2026-04-09,14:14:51,Motherboard-Nvidia-USB192,583.93
2026-06-10,14:26:44,Projetor-Acer-FGB344,34.93
2026-05-23,10:46:36,Teclado-Gigabyte-YCL536,67.87
2026-11-05,00:13:20,Smartwatch-Gigabyte-UQJ407,924.31
2026-06-04,17:52:06,Microfone-Asus-GEX974,287.47
2026-05-26,16:29:06,Monitor-Google-EHW486,23.95
2026-01-20,07:00:04,Carregador-Microsoft-PTG759,430.21
2026-09-23,13:55:00,Microfone-Motorola-KCA746,781.57
2026-07-24,00:28:12,Laptop-Amazon-YUQ035,529.03
2026-09-07,03:40:44,Coluna-Gigabyte-FPF898,847.45
2026-01-18,08:27:19,Coluna-HP-VFY715,320.41
2026-01-03,11:54:04,Rato-Apple-ARB823,111.79
2026-10-22,20:39:02,Microfone-Nokia-BGX871,364.33
2026-02-20,02:07:26,TV-Nvidia-IAF875,913.33
2026-04-27,10:47:30,Teclado-Logitech-TZJ700,254.53
2026-02-11,12:39:36,Motherboard-Google-PHQ312,100.81
2026-01-15,18:28:48,Router-Apple-GML652,430.21
2026-06-14,03:36:03,Gamepad-Razer-XVH823,89.83
2026-02-02,06:16:24,Monitor-Acer-CCE914,847.45
2026-06-27,04:34:04,PlacaGrafica-Motorola-EYN552,518.05
2026-01-07,10:15:40,Projetor-Huawei-KLC350,397.27
2026-09-03,10:55:20,Teclado-Intel-ABO216,1.99
2026-08-28,12:33:20,Smartphone-Gigabyte-CBI069,122.77
2026-04-20,14:07:42,Coluna-Sony-ALK743,649.81
2026-06-16,22:00:40,MemoriaRAM-Nokia-UXC545,353.35
2026-08-08,10:59:58,DiscoSSD-Alienware-NTD419,320.41
2026-08-09,13:15:00,TV-Sony-SKS290,111.79
2026-07-27,02:15:36,Motherboard-Nokia-LBH416,111.79
2026-01-27,04:15:06,Impressora-Nvidia-FAD947,122.77
2026-09-10,00:51:00,DiscoSSD-Asus-BNY503,331.39
2026-03-04,23:39:12,Router-HP-FON578,23.95
2026-08-22,14:29:15,Gamepad-HP-PUL087,78.85
2026-06-17,20:20:48,Coluna-Lenovo-WRV727,496.09
2026-08-22,04:48:52,Monitor-Nvidia-ULC772,572.95
2026-07-23,15:37:21,Impressora-Alienware-HPV710,210.61
2026-07-19,00:38:36,Processador-Sony-XVN174,111.79
2026-04-20,09:59:15,Laptop-Google-TTL410,34.93
2026-03-02,02:47:29,Headphones-Nvidia-MQG281,1.99
2026-11-13,15:25:45,Smartwatch-Huawei-XXL235,111.79
2026-03-17,07:42:56,MemoriaRAM-Amazon-OAV972,78.85
2026-12-08,17:14:06,PlacaGrafica-Amazon-UZT290,485.11
2026-09-20,05:16:40,Coluna-Logitech-XWP247,12.97
2026-01-22,21:47:46,Coluna-Acer-XRV058,1.99
2026-01-01,13:03:03,Coluna-Acer-REP293,320.41
2026-02-21,10:51:40,Projetor-Huawei-BCF123,1.99
2026-09-05,14:18:34,PlacaGrafica-Microsoft-GKT767,122.77
2026-09-08,16:06:00,DiscoSSD-Acer-YVX617,67.87
2026-04-19,02:46:00,Tablet-Motorola-ZDG600,276.49
2026-10-06,20:55:30,Smartwatch-Apple-AYM549,463.15
2026-04-26,03:22:42,Impressora-Razer-UDD859,45.91
2026-11-07,09:42:12,Laptop-Gigabyte-JIT193,78.85
2026-07-14,09:15:18,Camera-HP-FKY565,682.75
2026-01-08,18:28:20,Coluna-LG-ISO230,45.91
2026-07-07,16:01:01,Coluna-Huawei-KGR986,616.87
2026-05-04,17:08:40,DiscoSSD-Logitech-XRL137,177.67
2026-08-25,22:12:16,Motherboard-Dell-CFI749,100.81
2026-01-06,16:28:21,Teclado-Apple-OUU761,572.95
2026-06-02,19:18:21,Smartwatch-Huawei-ENZ070,78.85
2026-03-03,22:27:42,TV-Razer-YAA921,331.39
2026-02-23,23:09:29,Coluna-Microsoft-XXR445,364.33
2026-12-22,16:14:42,Teclado-Google-XNX511,166.69
2026-08-19,17:29:36,Microfone-Gigabyte-PKV934,518.05
2026-04-11,02:46:40,Smartphone-Nvidia-TWT969,1.99
2026-04-09,18:58:48,Gamepad-Dell-PAC581,287.47
2026-01-18,21:55:10,Teclado-Google-JMS434,23.95
2026-06-25,11:01:09,Router-Asus-XPR101,364.33
2026-08-18,01:38:51,Processador-Motorola-OEV410,67.87
2026-08-13,14:29:24,Microfone-Amazon-YII896,638.83
2026-09-01,19:08:03,Processador-Acer-PFS502,375.31
2026-07-11,02:38:24,Tablet-Xiaomi-TQY110,12.97
2026-05-05,20:52:04,Rato-Corsair-PHS320,12.97
2026-10-08,21:37:00,Coluna-Motorola-FLI198,320.41
2026-09-14,12:55:16,Rato-Lenovo-NYO705,386.29
2026-08-09,03:54:20,Motherboard-Apple-LVL273,638.83
2026-12-02,10:33:04,DiscoSSD-Apple-UQS694,1.99
2026-07-06,14:04:47,Consola-Asus-SJU163,100.81
2026-02-06,15:42:00,Camera-LG-JQH122,45.91
2026-09-23,10:05:39,Consola-LG-IJM461,199.63
2026-08-18,01:16:40,Router-Intel-OGV587,803.53
2026-10-23,06:26:08,MemoriaRAM-Xiaomi-XVE347,100.81
2026-10-21,17:02:36,Laptop-LG-NZW465,704.71
2026-07-04,10:12:00,Drone-MSI-GOG376,78.85
2026-05-02,10:34:32,Carregador-Acer-ZVY886,1.99
2026-05-12,09:56:53,Smartwatch-Lenovo-UKT503,309.43
2026-07-26,07:50:48,Monitor-Gigabyte-RKU951,210.61
2026-04-17,07:40:17,Rato-LG-TBN515,199.63
2026-12-26,16:03:44,MemoriaRAM-Corsair-EIQ541,67.87
2026-06-22,02:22:30,Router-Asus-VGD933,540.01
2026-07-06,05:16:50,Impressora-Xiaomi-YPZ555,34.93
2026-09-10,18:03:48,Headphones-HP-YET528,496.09
2026-01-15,16:54:56,Tablet-Dell-JVS767,23.95
2026-11-05,08:59:49,Gamepad-Nvidia-QIS203,67.87
2026-06-10,05:31:21,Smartphone-Nvidia-RGA084,45.91
2026-07-23,17:00:22,Router-HP-HKD362,144.73
2026-08-21,10:14:36,Microfone-Intel-QNU929,78.85
2026-02-12,01:09:42,Carregador-Asus-OXD993,111.79
2026-06-09,14:18:26,Smartwatch-Alienware-WZT515,155.71
2026-03-26,04:01:33,Headphones-Asus-PPH272,210.61
2026-08-04,05:43:15,Router-Dell-RFW634,1078.03
2026-12-19,04:54:48,Smartwatch-Apple-ISB668,616.87
2026-10-19,01:31:18,Tablet-Logitech-NZU632,704.71
2026-10-04,11:14:24,Laptop-Nvidia-LFP150,111.79
2026-07-24,12:24:18,Gamepad-Corsair-FQM584,78.85
2026-01-03,23:57:20,DiscoSSD-Acer-ZYC922,67.87
2026-02-01,20:09:12,Processador-Nvidia-TLS800,627.85
2026-03-09,03:52:05,Headphones-Corsair-IFO984,144.73
2026-05-01,09:46:57,Monitor-Sony-KIW540,23.95
2026-01-06,23:56:33,PlacaGrafica-Apple-DHD820,221.59
2026-04-10,18:24:10,Gamepad-Samsung-MYU851,463.15
2026-12-18,07:00:56,TV-Dell-XQQ789,397.27
2026-03-08,23:48:08,Gamepad-Gigabyte-TXD993,56.89
2026-03-31,19:31:45,Smartwatch-AMD-IPF352,210.61
2026-03-11,03:30:00,TV-Dell-GLZ250,111.79
2026-01-29,04:20:25,Carregador-MSI-VJK414,430.21
2026-01-26,11:35:40,Microfone-Samsung-ECC660,122.77
2026-07-27,18:23:20,Smartwatch-Lenovo-QTA458,100.81
2026-10-16,13:35:49,Motherboard-Google-WRY965,67.87
2026-11-17,21:19:13,Motherboard-Motorola-MHD030,276.49
2026-04-14,06:27:49,Laptop-Razer-ZXL661,122.77
2026-08-19,01:19:18,Smartwatch-Google-MJK943,188.65
2026-02-22,19:39:00,Projetor-Nvidia-MEK390,265.51
2026-03-06,22:48:32,DiscoSSD-Nvidia-FUD040,67.87
2026-09-25,02:09:32,Coluna-Alienware-MLP005,45.91
2026-07-25,05:23:20,CaboUSB-Huawei-LNF045,671.77
2026-11-18,14:26:54,Projetor-Asus-YRW247,100.81
2026-05-09,17:56:24,Laptop-Microsoft-AAV981,759.61
2026-07-04,01:51:39,Consola-Apple-YAZ494,177.67
2026-04-12,16:06:45,Consola-Samsung-UXT292,869.41
2026-11-05,00:52:50,Drone-Alienware-NBM344,133.75
2026-05-19,19:48:48,Impressora-Motorola-PJC315,331.39
2026-01-13,06:38:24,CaboUSB-Sony-WDA401,12.97
2026-06-23,03:49:05,DiscoSSD-Corsair-GUI637,199.63
2026-03-17,08:38:06,Carregador-Acer-GMN711,144.73
2026-12-05,22:33:28,Laptop-Logitech-OCE932,463.15
2026-08-02,00:48:42,Coluna-Sony-XOF152,12.97
2026-10-01,12:41:06,PlacaGrafica-Microsoft-SKR976,441.19
2026-12-15,09:40:12,Drone-Motorola-GUB275,320.41
2026-08-21,01:40:05,Gamepad-AMD-WRE062,122.77
2026-08-09,23:36:28,Monitor-Acer-FAJ481,386.29
2026-07-24,06:26:39,Impressora-Sony-GKB317,430.21
2026-09-19,11:38:52,Impressora-Lenovo-ETX630,869.41
2026-03-04,09:48:19,MemoriaRAM-Asus-SCQ480,298.45
2026-03-30,14:17:30,Projetor-Alienware-MBP277,155.71
2026-10-07,02:40:30,Coluna-Razer-EES670,605.89
2026-12-07,05:59:45,CaboUSB-Nvidia-UIB547,12.97
2026-11-14,18:17:12,Microfone-Samsung-VNI933,122.77
2026-11-23,09:36:00,Impressora-Intel-CWR836,1.99
2026-11-10,14:04:09,PlacaGrafica-Motorola-RMQ216,188.65
2026-05-25,14:59:36,TV-Razer-GSH213,276.49
2026-11-19,06:58:11,Rato-Corsair-XUI522,188.65
2026-06-27,13:12:24,PlacaGrafica-AMD-DNW647,100.81
2026-08-06,16:20:00,Smartphone-Logitech-YPS704,1.99
2026-04-25,00:24:00,Router-LG-GLM584,397.27
2026-07-19,09:51:08,Projetor-Amazon-PMT468,23.95
2026-04-16,13:57:01,Monitor-Sony-IZW099,56.89
2026-09-12,11:12:18,Microfone-Acer-THW668,419.23
2026-06-25,14:44:44,Teclado-Logitech-PMN718,155.71
2026-06-11,12:57:27,Consola-MSI-WWR382,496.09
2026-04-05,19:34:48,Processador-Xiaomi-MGL162,188.65
2026-01-27,12:32:12,CaboUSB-HP-ZNA873,122.77
2026-12-12,04:10:00,CaboUSB-Nokia-KOT559,243.55
2026-05-12,19:05:30,Consola-Apple-NUB012,660.79
2026-01-16,00:14:24,Consola-Alienware-DWQ571,1.99
2026-05-26,10:53:30,Carregador-Nokia-VAH874,12.97
2026-11-04,03:00:55,CaboUSB-Microsoft-DZP233,1.99
2026-06-14,10:40:20,Microfone-Microsoft-BBA469,166.69
2026-08-04,03:19:28,TV-AMD-BTL098,12.97
2026-08-09,12:27:48,Smartwatch-Intel-NYB355,1.99
2026-01-06,07:35:38,Consola-Intel-UFA688,144.73
2026-09-16,09:39:33,CaboUSB-Samsung-YTM637,89.83
2026-10-19,05:17:00,Router-Google-IOB152,12.97
2026-12-19,14:42:36,Projetor-Google-RYB507,111.79
2026-04-27,05:20:20,Impressora-Sony-EHB315,78.85
2026-11-01,07:22:21,Consola-Xiaomi-BJN711,155.71
2026-04-03,18:53:36,Smartwatch-Google-SQB789,155.71
2026-04-03,00:30:40,MemoriaRAM-Alienware-MSG874,210.61
2026-07-03,13:34:24,Motherboard-Xiaomi-MJO266,913.33
2026-01-14,17:56:15,TV-Lenovo-PLM831,100.81
2026-07-27,07:30:10,Consola-Alienware-HIR454,23.95
2026-12-22,17:33:46,Camera-HP-HOK891,320.41
2026-12-06,10:02:06,Drone-Xiaomi-TDS939,56.89
2026-08-15,09:40:04,Monitor-Huawei-JSS413,441.19
2026-01-03,14:07:58,Headphones-Xiaomi-CNI033,56.89
2026-08-22,04:20:56,Processador-Alienware-LJF709,100.81
2026-10-08,18:43:35,PlacaGrafica-Acer-GYA167,232.57
2026-07-19,04:58:09,Teclado-Nokia-FSV917,463.15
2026-10-06,00:53:45,Drone-Asus-XOU662,1.99
2026-02-23,22:32:03,Rato-LG-BRA197,474.13
2026-05-09,21:52:39,MemoriaRAM-Asus-BUT089,133.75
2026-01-24,02:21:30,Motherboard-HP-QXX937,155.71
2026-07-04,17:29:20,Headphones-Nokia-RTE141,89.83
2026-10-19,00:13:54,PlacaGrafica-Alienware-LOJ400,243.55
2026-04-04,16:32:16,Teclado-AMD-DHX713,12.97
2026-02-25,05:55:12,MemoriaRAM-LG-QBN360,540.01
2026-08-24,23:15:36,PlacaGrafica-Nokia-CNS534,298.45
2026-08-08,05:57:27,Tablet-Corsair-TAK381,463.15
2026-04-19,22:26:36,Teclado-Samsung-ERO455,320.41
2026-03-27,12:53:32,Rato-Corsair-JLJ044,1.99
2026-01-20,15:28:06,Microfone-Huawei-ZVO789,605.89
2026-05-11,00:48:40,Smartwatch-Xiaomi-JOC837,45.91
2026-11-17,09:22:13,Microfone-Xiaomi-ZEF423,1.99
2026-10-24,12:42:36,Smartwatch-Huawei-KBA944,1.99
2026-08-13,16:02:56,Teclado-Logitech-TOM132,441.19
2026-03-23,04:56:54,Smartphone-Logitech-DKK609,111.79
2026-04-18,19:47:00,Carregador-Google-DFJ970,726.67
2026-06-27,02:24:36,Motherboard-Corsair-QPA002,56.89
2026-11-26,04:47:58,Tablet-Motorola-FFB515,781.57
2026-06-18,04:03:37,Smartwatch-Samsung-ZJX096,34.93
2026-11-26,22:58:25,Rato-Google-UXJ398,12.97
2026-02-14,03:56:15,Consola-Razer-NTY298,243.55
2026-03-22,09:20:00,Headphones-Razer-EVR492,155.71
2026-10-21,00:34:10,Router-AMD-WXR027,353.35
2026-12-01,23:08:56,Monitor-Sony-GLY722,34.93
2026-05-16,19:43:12,Tablet-Samsung-AHS102,572.95
2026-08-15,23:04:00,Router-HP-HQZ537,133.75
2026-01-08,13:27:28,Coluna-Nvidia-EWK434,518.05
2026-05-12,18:02:51,CaboUSB-Dell-DMC549,627.85
2026-08-25,07:40:00,Router-MSI-LKW212,616.87
2026-11-08,10:44:24,Camera-Motorola-MWL397,12.97
2026-05-13,17:01:00,Tablet-Nokia-NDN007,144.73
2026-06-28,08:00:00,CaboUSB-Alienware-BLQ097,45.91
2026-07-24,06:21:28,DiscoSSD-Nokia-MMY435,430.21
2026-12-22,09:23:24,Laptop-LG-EGC233,67.87
2026-07-19,15:12:34,Projetor-Motorola-ZYG185,45.91
2026-04-27,10:19:10,TV-LG-IIF349,78.85
2026-08-02,08:02:35,Monitor-Nokia-FCD361,474.13
2026-10-07,08:52:40,Camera-Logitech-TKO110,78.85
2026-05-04,05:23:24,Smartwatch-Alienware-QBU197,122.77
2026-07-09,06:01:50,Monitor-Acer-AUE422,309.43
2026-06-11,01:54:27,Gamepad-Acer-BVQ435,572.95
2026-05-27,01:56:15,Teclado-Apple-NPQ175,924.31
2026-11-04,13:57:27,Consola-Acer-CVW920,507.07
2026-09-12,10:05:16,PlacaGrafica-Lenovo-CEN829,12.97
2026-09-23,07:09:54,PlacaGrafica-Motorola-XDG732,45.91
2026-12-24,20:58:02,Smartphone-HP-TDR453,397.27
2026-12-01,00:43:18,Coluna-Google-ZBM191,111.79
2026-08-26,06:06:46,Microfone-Microsoft-EGC842,375.31
2026-02-20,19:55:35,Carregador-Corsair-GRL641,243.55
2026-10-12,07:20:20,Gamepad-Corsair-UIR784,67.87
2026-08-04,23:32:54,Rato-Nokia-BME055,660.79
2026-04-07,02:06:18,Projetor-Google-TNB068,1.99
2026-05-27,06:19:50,Monitor-Razer-EJD945,78.85
2026-08-01,23:39:00,Microfone-Gigabyte-RMB413,254.53
2026-11-27,11:56:00,Router-Nvidia-NDO407,122.77
2026-04-19,23:21:36,TV-Lenovo-ZMC067,309.43
2026-01-18,09:02:54,Microfone-Motorola-UVE153,320.41
2026-09-02,01:34:02,Smartwatch-Xiaomi-OTA997,232.57
2026-06-15,12:07:58,Smartphone-AMD-DBA001,518.05
2026-09-10,23:37:12,Microfone-Microsoft-LFR424,682.75
2026-09-23,04:07:19,Processador-Corsair-QZU085,660.79
2026-10-20,00:19:21,Tablet-Amazon-RCH271,649.81
2026-12-04,16:06:06,Rato-Gigabyte-BZA718,12.97
2026-01-15,11:11:15,Microfone-Huawei-YUL556,45.91
2026-02-18,03:31:37,Laptop-Alienware-TOP610,56.89
2026-01-13,20:13:12,MemoriaRAM-Nokia-SRK575,221.59
2026-05-09,16:01:20,Coluna-Samsung-MMT029,122.77
2026-09-13,08:29:05,Camera-Amazon-TSR412,144.73
2026-07-27,18:38:15,Smartphone-Sony-DZP486,221.59
2026-02-09,16:37:45,Smartphone-Alienware-COH893,1.99
2026-02-08,01:08:48,CaboUSB-Sony-OSH050,616.87
2026-01-12,07:46:52,CaboUSB-Huawei-YDL362,78.85
2026-07-17,21:19:09,Teclado-Microsoft-PIR584,67.87
2026-07-08,16:02:20,Coluna-LG-LPI369,89.83
2026-12-23,08:29:42,Laptop-Huawei-NYG003,265.51
2026-12-09,03:15:13,CaboUSB-Logitech-DYI556,693.73
2026-11-29,19:04:32,Tablet-Intel-LAN309,243.55
2026-05-27,04:36:36,Coluna-Samsung-GHX345,463.15
2026-09-14,16:22:58,TV-Nokia-IMH112,155.71
2026-04-07,13:34:36,Rato-Apple-MCE124,430.21
2026-10-20,09:56:15,Smartphone-Asus-MSN318,210.61
2026-04-02,09:26:00,Monitor-Acer-ONX555,441.19
2026-09-12,02:57:12,Coluna-Razer-BND592,1.99
2026-11-24,22:14:16,Impressora-Razer-MTZ899,45.91
2026-09-08,07:59:24,Processador-AMD-MLX699,111.79
2026-12-11,21:21:04,Projetor-Xiaomi-KSA391,56.89
2026-01-08,13:42:30,Drone-Apple-YVA931,605.89
2026-02-08,07:19:16,Laptop-Apple-TBD186,430.21
2026-10-21,00:18:29,Smartphone-Sony-VSX277,199.63
2026-08-17,04:41:24,Headphones-Intel-JZB302,45.91
2026-12-17,04:36:15,Gamepad-Amazon-FAS099,1.99
2026-05-11,13:50:54,Carregador-Google-PGB459,45.91
2026-06-04,05:55:00,Carregador-Sony-DEY722,78.85
2026-02-18,20:39:44,DiscoSSD-MSI-BIH598,89.83
2026-02-04,20:32:11,Router-Huawei-KYQ275,23.95
2026-07-10,15:18:42,Headphones-Nokia-YJX480,583.93
2026-06-27,02:09:36,Camera-LG-ZUG281,89.83
2026-07-01,08:54:00,MemoriaRAM-AMD-AIS727,320.41
2026-01-06,14:20:30,Impressora-Apple-HIB631,100.81
2026-01-12,23:09:10,Motherboard-LG-VCC613,1.99
2026-04-24,19:59:08,Camera-Corsair-FGP791,122.77
2026-05-07,03:56:12,PlacaGrafica-Apple-RYQ320,682.75
2026-03-03,08:24:00,Processador-Huawei-HXW051,353.35
2026-02-15,10:45:43,Router-Asus-DFO021,474.13
2026-02-01,01:04:00,Tablet-Alienware-WZC852,45.91
2026-05-09,20:28:57,Headphones-Razer-VDU686,45.91
2026-06-07,04:04:24,Tablet-Corsair-DNO056,331.39
2026-12-17,11:41:56,PlacaGrafica-Sony-QEU469,561.97
2026-01-18,20:51:25,Gamepad-Alienware-HJD614,298.45
2026-01-12,15:03:18,CaboUSB-Google-JAW364,166.69
2026-06-01,20:46:34,Motherboard-MSI-ALO326,320.41
2026-10-10,06:15:01,Router-Logitech-ITT063,67.87
2026-10-30,18:45:00,TV-AMD-SDO347,232.57
2026-04-04,02:25:16,Motherboard-Apple-LUP194,111.79
2026-11-05,07:41:42,TV-Google-FWS182,221.59
2026-03-22,09:50:05,CaboUSB-Motorola-SZK922,561.97
2026-08-11,23:07:24,Microfone-Nvidia-RLM054,67.87
2026-06-08,03:08:40,Projetor-HP-IRU957,23.95
2026-12-23,16:34:00,MemoriaRAM-Razer-OCF334,34.93
2026-01-21,09:22:40,Processador-Corsair-KVA513,111.79
2026-05-27,18:37:50,Rato-Apple-WIB559,122.77
2026-12-26,14:02:08,MemoriaRAM-Lenovo-LQG179,166.69
2026-05-23,18:35:40,Motherboard-Logitech-YGG273,89.83
2026-10-17,16:49:00,DiscoSSD-Corsair-TQQ295,1.99
2026-11-02,05:05:44,Carregador-Gigabyte-AZK431,23.95
2026-02-05,14:09:00,Smartwatch-Apple-ASL048,155.71
2026-09-05,18:39:00,Teclado-Motorola-LYL538,496.09
2026-09-05,06:16:40,Motherboard-Intel-ODN396,320.41
2026-07-13,22:52:48,MemoriaRAM-Asus-KDX450,254.53
2026-04-28,05:19:25,MemoriaRAM-Alienware-HPD666,12.97
2026-02-07,14:14:55,DiscoSSD-Microsoft-VLT598,792.55
2026-02-17,14:33:06,Monitor-Corsair-FKC239,320.41
2026-10-18,21:59:42,Headphones-Huawei-PVB492,67.87
2026-09-08,11:28:06,Drone-Motorola-BAN781,78.85
2026-01-16,21:31:40,DiscoSSD-Motorola-JIT753,1.99
2026-11-09,23:24:42,Drone-Samsung-YNB763,133.75
2026-08-24,15:41:12,Tablet-Samsung-LLL592,902.35
2026-07-19,22:32:00,Monitor-Sony-BFR256,78.85
2026-06-06,03:56:28,Motherboard-Intel-IGC565,265.51
2026-09-23,17:09:09,Camera-Logitech-XZH759,210.61
2026-02-12,12:58:20,Microfone-Amazon-NWA088,12.97
2026-03-27,18:09:12,Smartwatch-Dell-CIP045,748.63
2026-02-03,11:52:10,Impressora-Nvidia-UXI084,177.67
2026-07-26,12:19:48,Teclado-HP-VJI935,155.71
2026-02-05,17:15:42,DiscoSSD-Apple-HBE420,309.43
2026-07-10,07:35:58,Drone-Gigabyte-FAL286,188.65
2026-10-17,23:05:42,CaboUSB-Corsair-MPG948,1001.17
2026-04-10,23:19:04,Rato-Lenovo-UEI808,23.95
2026-04-14,22:39:16,Gamepad-Logitech-NAB643,23.95
2026-08-21,16:41:27,MemoriaRAM-Nokia-HUQ543,397.27
2026-03-18,18:25:43,Gamepad-HP-CKW640,199.63
2026-07-07,16:38:25,Coluna-Huawei-HSZ092,111.79
2026-04-08,06:25:00,TV-Amazon-IPL196,638.83
2026-02-06,11:05:14,Motherboard-Nvidia-MQX365,34.93
2026-04-11,03:30:48,Drone-Lenovo-DYE147,276.49
2026-07-09,12:45:28,Projetor-Acer-AKT131,452.17
2026-01-17,00:19:30,Camera-Asus-YWT341,430.21
2026-02-04,02:46:45,Consola-Huawei-YNA767,166.69
2026-02-06,11:45:21,Laptop-Amazon-TYE177,803.53
2026-01-24,02:48:45,Router-Samsung-UOA687,1.99
2026-01-03,21:49:53,Gamepad-AMD-KFL749,814.51
2026-01-04,15:54:00,Drone-Asus-MQF962,353.35
2026-05-15,16:30:08,Microfone-HP-KTM784,397.27
2026-10-10,08:56:07,Router-Gigabyte-MRN823,23.95
2026-05-01,18:56:16,DiscoSSD-MSI-QRR690,671.77
2026-09-01,11:15:48,Gamepad-Corsair-EOD990,847.45
2026-05-14,18:22:11,Projetor-Apple-OQV927,100.81
2026-08-27,19:28:18,CaboUSB-Alienware-USQ588,34.93
2026-02-18,14:24:00,CaboUSB-HP-CNT366,100.81
2026-03-07,01:05:30,Consola-Nokia-SES170,375.31
2026-11-02,08:11:32,MemoriaRAM-LG-LKM470,56.89
2026-06-25,11:47:07,Smartphone-Sony-BBK384,276.49
2026-01-20,08:50:00,Processador-Nokia-WPE363,660.79
2026-04-01,22:34:36,Projetor-Alienware-QZX261,67.87
2026-03-10,21:48:40,Microfone-Intel-RAK504,45.91
2026-01-29,09:02:09,Coluna-MSI-FNC436,287.47
2026-03-23,22:24:10,Monitor-HP-NRB212,210.61
2026-08-26,02:28:50,Teclado-Razer-JAJ277,199.63
2026-12-12,21:08:06,Drone-Microsoft-CKP245,67.87
2026-11-10,07:08:56,Smartphone-Dell-ZMP234,89.83
2026-04-10,00:34:24,Smartphone-Amazon-DVZ217,781.57
2026-06-19,18:52:14,Projetor-MSI-EFO028,496.09
2026-03-02,17:30:03,Teclado-Dell-FOY115,34.93
2026-03-16,12:25:21,Rato-Razer-WDU592,254.53
2026-11-05,05:52:00,PlacaGrafica-Acer-XXQ862,67.87
2026-07-26,02:38:27,Drone-Samsung-JVR088,496.09
2026-01-08,04:35:12,Processador-Acer-LLB971,12.97
2026-05-09,18:36:44,Coluna-AMD-YSP784,12.97
2026-01-18,16:26:17,TV-Amazon-JYP020,452.17
2026-05-01,12:42:34,Gamepad-Motorola-RWW536,166.69
2026-05-10,22:31:06,Coluna-Corsair-ZRR115,45.91
2026-01-09,11:17:20,Teclado-Apple-OPR008,23.95
2026-04-10,06:53:50,Impressora-Asus-AFL212,100.81
2026-11-04,09:13:42,MemoriaRAM-Samsung-KYK717,408.25
2026-09-03,00:39:32,Monitor-LG-RIF363,298.45
2026-10-04,01:53:09,Projetor-Acer-OLG865,122.77
2026-08-20,02:11:24,Headphones-Lenovo-QZL637,825.49
2026-05-28,14:21:02,DiscoSSD-Logitech-BSX872,594.91
2026-06-27,03:07:12,DiscoSSD-Samsung-QIK146,111.79
2026-01-11,21:49:28,CaboUSB-Sony-SDS639,441.19
2026-08-19,15:53:25,Coluna-Motorola-RYE705,56.89
2026-11-20,19:33:00,Coluna-Huawei-JPB818,56.89
2026-08-03,07:06:41,Coluna-Huawei-HIU854,561.97
2026-09-10,15:21:55,Smartwatch-Apple-EVM934,56.89
2026-04-23,18:17:28,Impressora-Alienware-YPL100,34.93
2026-01-04,02:01:14,Coluna-HP-BVZ465,100.81
2026-08-15,20:33:14,Projetor-AMD-QFT902,34.93
2026-01-22,16:14:04,PlacaGrafica-Gigabyte-ESW312,199.63
2026-10-22,01:33:28,Carregador-Gigabyte-ZCI412,298.45
2026-09-20,21:28:20,Router-Lenovo-COG962,265.51
2026-09-10,21:18:00,PlacaGrafica-Nokia-JTG165,34.93
2026-04-28,02:43:28,Motherboard-Sony-NES549,1.99
2026-01-06,23:47:54,PlacaGrafica-Microsoft-URN480,364.33
2026-02-26,05:43:26,CaboUSB-Nvidia-CLY714,638.83
2026-04-15,21:55:45,Coluna-Amazon-ZNB394,188.65
2026-08-12,13:44:06,Router-Alienware-YCO117,12.97
2026-02-16,15:58:56,Headphones-Nvidia-DBH804,155.71
2026-02-02,19:20:49,Laptop-Razer-PBV761,155.71
2026-05-31,09:16:09,Monitor-Logitech-XIB295,12.97
2026-06-07,00:42:26,Teclado-Asus-FIY789,276.49
2026-11-19,04:00:18,MemoriaRAM-Corsair-WYM875,276.49
2026-05-09,13:16:00,Consola-Logitech-XJI776,210.61
2026-08-10,22:49:21,Consola-Microsoft-RYT345,309.43
2026-05-10,02:56:15,Camera-Logitech-QFW453,56.89
2026-09-26,15:05:52,Smartphone-Nvidia-HSO365,23.95
2026-09-12,18:11:12,PlacaGrafica-Dell-MNE138,287.47
2026-02-25,15:23:40,Consola-Nvidia-TIO430,1.99
2026-04-26,22:52:44,Laptop-Logitech-RUY629,144.73
2026-10-17,12:23:28,Impressora-Logitech-CNT948,638.83
2026-03-05,15:15:45,Rato-Samsung-OHD606,397.27
2026-10-24,06:40:25,TV-Nvidia-ACL754,298.45
2026-02-13,22:30:50,Drone-Google-NJQ342,100.81
2026-10-06,20:31:12,MemoriaRAM-Microsoft-RSK027,1.99
2026-06-10,08:26:40,Laptop-Nvidia-HMA657,89.83
2026-07-06,08:13:58,MemoriaRAM-Apple-UZE627,309.43
2026-12-15,05:43:45,Projetor-Amazon-FMI008,122.77
2026-08-18,10:54:00,Gamepad-HP-QZT824,649.81
2026-09-07,20:28:26,Headphones-Razer-WOL137,309.43
2026-01-01,07:21:52,Coluna-Nvidia-JLW305,34.93
2026-12-30,18:12:38,Drone-Amazon-RVN761,342.37
2026-02-12,10:37:58,Monitor-Asus-JBA248,199.63
2026-09-16,18:19:51,Tablet-Dell-YJL267,452.17
2026-07-12,06:50:50,Drone-Logitech-YIE987,682.75
2026-10-22,20:15:55,TV-Logitech-MIH149,243.55
2026-01-26,20:02:08,Motherboard-Nokia-MZM031,12.97
2026-04-03,00:05:54,Projetor-Asus-RWC077,111.79
2026-12-05,10:41:15,Laptop-Acer-MNM649,100.81
2026-10-14,21:52:48,DiscoSSD-Asus-EZS449,704.71
2026-10-05,03:55:00,Consola-Apple-TVY965,155.71
2026-10-05,03:54:27,Motherboard-Sony-HRU623,550.99
2026-08-27,12:11:48,Motherboard-Alienware-CXL668,1.99
2026-08-05,18:36:10,CaboUSB-Sony-MTS891,419.23
2026-04-11,13:02:24,Projetor-Alienware-BYH624,737.65
2026-11-01,10:49:54,PlacaGrafica-Dell-NEM579,199.63
2026-05-05,12:07:40,Smartphone-Apple-ZYY528,836.47
2026-07-25,10:16:18,Rato-Corsair-CPQ129,56.89
2026-12-17,05:45:30,Smartphone-Asus-VUP872,287.47
2026-03-28,07:52:52,Projetor-MSI-URS921,364.33
2026-10-09,16:05:24,Projetor-Google-FFL458,441.19
2026-05-09,10:07:48,Projetor-LG-OKC174,89.83
2026-05-14,03:12:48,Motherboard-Asus-MOO223,1.99
2026-06-11,03:17:36,CaboUSB-Logitech-VFA731,67.87
2026-12-25,19:09:02,Teclado-AMD-JTZ411,78.85
2026-08-28,11:32:41,CaboUSB-Google-ATG326,298.45
2026-02-15,07:14:34,Carregador-LG-WDG825,67.87
2026-08-08,12:57:25,Laptop-Xiaomi-NZX632,155.71
2026-05-08,06:18:05,Smartphone-Lenovo-SIC268,111.79
2026-09-08,14:31:29,Carregador-Motorola-MSH585,935.29
2026-07-26,10:12:48,Impressora-Google-ZGN337,67.87
2026-10-04,21:46:44,Processador-Acer-YTN308,12.97
2026-04-21,23:45:03,Projetor-Samsung-YVX341,550.99
2026-08-02,15:55:00,Impressora-Dell-FCT516,287.47
2026-01-08,08:16:48,Carregador-Lenovo-SCH591,199.63
2026-06-20,05:49:48,TV-AMD-FWG582,155.71
2026-01-13,20:41:27,Headphones-Apple-ZNQ218,34.93
2026-07-10,05:54:38,CaboUSB-Microsoft-JDS398,430.21
2026-10-10,12:18:32,Microfone-Corsair-QNH502,638.83
2026-11-23,14:20:58,Gamepad-Lenovo-HFU173,880.39
2026-02-06,21:50:23,Teclado-Nokia-AMS599,133.75
2026-10-11,01:31:20,Headphones-Apple-QSU652,221.59
2026-07-10,00:00:48,Monitor-HP-CAA118,331.39
2026-07-27,00:14:15,Monitor-MSI-UHI237,452.17
2026-03-28,11:48:00,Smartphone-AMD-ARJ309,34.93
2026-12-06,11:55:21,MemoriaRAM-Xiaomi-TPG823,133.75
2026-11-07,16:41:43,Drone-Razer-YVU021,122.77
2026-12-15,01:15:12,Rato-Apple-KLI225,188.65
2026-02-12,04:28:55,Tablet-AMD-LXX343,155.71
2026-04-21,06:30:25,Smartphone-Huawei-MHR760,946.27
2026-01-25,12:05:17,Motherboard-Motorola-DYB247,320.41
2026-06-18,20:15:26,Headphones-Intel-VIE617,89.83
2026-03-06,23:20:30,CaboUSB-Sony-FDL470,638.83
2026-08-25,06:07:49,Projetor-Alienware-IKQ712,144.73
2026-06-20,16:26:36,Camera-Motorola-SON729,232.57
2026-02-08,08:11:55,Gamepad-Nvidia-ZDO394,408.25
2026-09-01,08:50:25,Tablet-Gigabyte-FPE784,463.15
2026-07-01,21:05:36,Gamepad-Logitech-ACG820,111.79
2026-09-20,02:06:40,Drone-Samsung-LVV231,67.87
2026-03-12,19:44:36,Laptop-Asus-SFP776,122.77
2026-01-16,08:04:15,Microfone-Apple-WFR098,968.23
2026-03-23,01:57:52,Carregador-Gigabyte-EKJ697,188.65
2026-02-16,08:51:53,Processador-Corsair-SEA846,34.93
2026-10-10,04:49:32,Motherboard-Acer-QAZ059,386.29
2026-07-24,23:39:40,Headphones-Lenovo-NVR598,144.73
2026-01-27,02:46:10,Gamepad-Acer-ZXL042,166.69
2026-04-08,03:36:47,Consola-Intel-HIZ706,78.85
2026-12-26,18:07:12,Coluna-AMD-PIV523,188.65
2026-06-17,08:14:36,Coluna-Alienware-PFO097,221.59
2026-09-26,13:41:32,Laptop-AMD-NMZ282,12.97
2026-03-20,02:24:42,Microfone-Dell-FZJ876,122.77
2026-07-14,05:20:08,Laptop-HP-NHI948,792.55
2026-01-19,03:12:07,Router-Lenovo-RVB545,210.61
2026-06-16,07:46:51,Tablet-MSI-LDK086,254.53
2026-10-24,02:13:39,PlacaGrafica-Intel-FPB446,759.61
2026-03-20,18:30:50,Drone-Acer-ZUE489,627.85
2026-09-18,09:24:52,Smartwatch-Intel-GKE824,309.43
2026-10-30,09:47:24,Carregador-Lenovo-OCE214,298.45
2026-01-18,03:56:18,Gamepad-Logitech-KOQ092,45.91
2026-11-28,11:52:16,Gamepad-Lenovo-OQK414,122.77
2026-04-19,09:45:26,Smartphone-Intel-LIM304,792.55
2026-05-01,02:17:24,Smartwatch-Alienware-WRY846,430.21
2026-05-24,03:36:16,PlacaGrafica-Microsoft-GOL491,122.77
2026-01-15,07:36:42,Smartwatch-Microsoft-NNV053,133.75
2026-10-26,20:05:48,MemoriaRAM-Samsung-PNJ298,507.07
2026-07-07,09:44:20,Motherboard-Razer-FAY929,572.95
2026-06-18,15:43:06,Microfone-Xiaomi-OUG741,924.31
2026-01-03,18:58:12,Tablet-Corsair-NXZ167,1.99
2026-08-10,05:55:44,Router-Corsair-QJS708,364.33
2026-11-23,00:03:32,Smartphone-Motorola-PGA918,276.49
2026-10-03,08:28:45,Carregador-AMD-EWC976,320.41
2026-03-22,10:54:00,Smartphone-MSI-GKJ571,199.63
2026-07-16,06:39:27,Microfone-Sony-FXW571,89.83
2026-01-17,06:00:00,Teclado-Google-SRA800,12.97
2026-10-09,23:20:48,Teclado-Microsoft-YRO200,221.59
2026-01-20,12:09:45,Rato-Intel-WTK566,133.75
2026-03-02,10:11:00,Router-Samsung-ETY050,89.83
2026-01-05,03:20:52,Gamepad-MSI-PUS152,12.97
2026-01-05,09:52:08,Projetor-Lenovo-KAB840,199.63
2026-07-22,03:53:20,PlacaGrafica-Lenovo-GUW559,1.99
2026-05-01,17:33:44,Projetor-Dell-FQC412,23.95
2026-09-12,23:55:25,Impressora-Nvidia-IPJ879,342.37
2026-02-09,02:34:12,Carregador-Microsoft-HKA715,155.71
2026-07-26,08:38:18,Smartwatch-Google-CDJ177,45.91
2026-06-24,01:29:01,Teclado-Logitech-GNT023,419.23
2026-02-22,19:43:44,Monitor-Corsair-EHU735,133.75
2026-09-17,08:27:12,Motherboard-Sony-LHU767,342.37
2026-02-06,20:07:12,MemoriaRAM-Lenovo-UCL000,166.69
2026-12-05,20:24:20,Rato-Razer-MXL948,814.51
2026-06-11,14:17:46,Teclado-Samsung-NYS363,144.73
2026-01-26,17:21:52,PlacaGrafica-Logitech-TDI731,23.95
2026-06-16,04:32:33,Drone-Amazon-VVO712,408.25
2026-08-15,02:23:50,Gamepad-Nokia-GKY538,111.79
2026-05-02,23:26:06,Smartwatch-Nvidia-LFL397,89.83
2026-08-18,16:39:28,Tablet-Microsoft-CXV762,704.71
2026-12-16,18:58:51,Smartphone-Logitech-YTG807,56.89
2026-02-16,19:28:42,Laptop-Motorola-ZNE564,605.89
2026-05-20,06:16:15,Smartwatch-Lenovo-FQA878,133.75
2026-08-01,21:34:21,Smartphone-Motorola-OEZ750,265.51
2026-07-09,15:34:32,Smartphone-Motorola-CZU020,210.61
2026-11-18,18:22:45,Rato-Apple-RTX477,111.79
2026-08-06,15:00:00,Coluna-MSI-JOA673,100.81
2026-12-18,04:40:00,Carregador-HP-OSC768,386.29
2026-03-08,21:22:30,Gamepad-Alienware-XKZ463,693.73
2026-07-19,09:46:52,DiscoSSD-Acer-YSW219,496.09
2026-07-09,03:24:00,TV-Nvidia-LJC726,12.97
2026-01-14,21:29:06,Gamepad-Corsair-BXP274,946.27
2026-10-03,06:27:20,MemoriaRAM-Intel-EYB304,276.49
2026-02-05,04:45:59,Router-Gigabyte-REG853,45.91
2026-11-10,12:42:03,Consola-Nvidia-KCV764,1.99
2026-07-17,08:02:58,Monitor-Samsung-FQP266,1.99
2026-08-23,08:16:48,Gamepad-Corsair-QMR200,1.99
2026-06-22,12:55:36,Rato-Nvidia-RVY408,188.65
2026-12-31,06:29:30,Drone-Amazon-QWO629,67.87
2026-11-12,01:34:13,Coluna-AMD-WJS571,561.97
2026-04-22,13:31:12,Smartphone-AMD-DIN884,45.91
2026-05-04,17:46:44,Carregador-Corsair-AMF672,144.73
2026-12-02,16:46:00,Carregador-Gigabyte-SWC061,122.77
2026-01-07,13:22:18,Monitor-Xiaomi-IIC076,243.55
2026-10-10,17:06:24,Motherboard-Lenovo-WIJ964,34.93
2026-04-09,02:26:24,Consola-Dell-DYO936,550.99
2026-02-08,01:42:16,TV-HP-ALA908,45.91
2026-08-07,10:01:12,Smartphone-Xiaomi-VFQ363,23.95
2026-04-23,19:05:31,Coluna-Nokia-MXN740,298.45
2026-07-03,11:02:31,Router-Apple-KAE408,34.93
2026-09-23,09:59:11,Drone-Acer-HOC502,353.35
2026-04-25,12:09:05,Processador-AMD-PIW780,572.95
2026-07-07,09:53:16,Router-Dell-SSJ862,188.65
2026-01-18,10:29:00,CaboUSB-Asus-LBX562,463.15
2026-02-15,17:20:16,Drone-Razer-UYT870,56.89
2026-07-15,21:38:24,TV-Sony-OOP136,89.83
2026-07-03,01:32:40,Impressora-Logitech-SKQ329,463.15
2026-04-10,01:07:36,Smartphone-Logitech-GSO579,671.77
2026-07-30,14:29:20,Projetor-Microsoft-XWP236,320.41
2026-11-05,12:18:57,CaboUSB-MSI-SRU676,232.57
2026-03-03,09:36:46,Projetor-Dell-AWM715,221.59
2026-03-25,15:11:18,Tablet-Logitech-NQL964,1.99
2026-11-24,04:39:48,Gamepad-LG-FKA521,34.93
2026-04-22,20:16:20,Carregador-Microsoft-KAO717,221.59
2026-07-25,13:24:32,MemoriaRAM-Huawei-TBO270,386.29
2026-04-04,08:40:09,Tablet-Intel-UXS689,496.09
2026-01-21,04:57:37,Tablet-Gigabyte-SZT805,199.63
2026-08-05,01:17:33,Processador-Google-VZW920,12.97
2026-08-17,03:05:10,Laptop-AMD-SHC756,45.91
2026-01-03,15:44:33,Laptop-Alienware-BYQ534,210.61
2026-05-08,21:42:03,Impressora-LG-NWF997,122.77
2026-02-26,17:16:48,MemoriaRAM-Apple-JWR522,67.87
2026-12-30,21:11:45,Motherboard-Logitech-DIV925,199.63
2026-07-08,13:18:51,Smartwatch-Nokia-THB469,1.99
2026-08-28,22:10:55,PlacaGrafica-MSI-PKA584,89.83
2026-01-12,07:38:45,Microfone-HP-UBE772,67.87
2026-12-06,15:00:03,Processador-Amazon-TYF679,210.61
2026-02-05,22:18:45,DiscoSSD-Razer-ADO630,737.65
2026-10-25,21:48:16,Tablet-Microsoft-AUM645,364.33
2026-09-03,02:43:51,Router-LG-CDU777,452.17
2026-01-12,10:09:16,Monitor-MSI-DRD100,199.63
2026-05-09,20:21:15,Impressora-HP-WDS130,836.47
2026-11-25,23:07:04,Smartphone-Dell-VTK873,23.95
2026-04-02,19:25:55,Smartphone-Amazon-LIM248,803.53
2026-10-07,04:30:23,Coluna-Corsair-RIW583,232.57
2026-06-06,02:59:44,CaboUSB-Asus-PRN838,364.33
2026-08-11,17:54:06,Gamepad-Nvidia-TKC859,1.99
2026-11-25,22:11:40,Drone-Samsung-JSQ991,803.53
2026-05-08,00:55:39,Impressora-MSI-BOE800,441.19
2026-03-24,01:27:18,Smartphone-Nokia-NRC840,155.71
2026-07-02,22:22:01,Coluna-Logitech-XOF797,23.95
2026-01-15,01:48:40,CaboUSB-Google-YKE935,298.45
2026-12-05,04:55:57,CaboUSB-HP-JFM978,78.85
2026-09-09,01:16:56,Smartwatch-MSI-URH887,23.95
2026-07-28,12:17:12,Tablet-Acer-YOA966,682.75
2026-01-31,06:01:30,Microfone-Corsair-OPR356,638.83
2026-04-03,10:08:32,DiscoSSD-Acer-GDC296,792.55
2026-08-16,10:42:29,DiscoSSD-Xiaomi-KSQ231,452.17
2026-09-18,19:36:38,Teclado-Sony-WIJ611,144.73
2026-05-28,07:38:42,Smartwatch-Nokia-EJI865,166.69
2026-02-25,16:03:44,Tablet-Corsair-UPE082,45.91
2026-12-21,20:23:37,DiscoSSD-Intel-GVR860,78.85
2026-12-05,09:08:50,CaboUSB-LG-IZY825,23.95
2026-08-20,14:08:40,Drone-MSI-HEO115,561.97
2026-01-05,06:28:20,PlacaGrafica-Corsair-WKH861,254.53
2026-05-11,23:54:44,Teclado-MSI-CBA254,23.95
2026-04-07,16:08:00,Projetor-MSI-NUQ762,309.43
2026-10-14,22:57:46,Consola-Microsoft-TDA822,67.87
2026-03-20,19:15:35,Motherboard-MSI-PIX635,364.33
2026-03-19,07:05:00,Rato-Xiaomi-IKN096,133.75
2026-02-08,02:48:09,Drone-Sony-DYC320,364.33
2026-01-10,18:07:12,Motherboard-HP-XZH276,364.33
2026-02-02,00:15:24,CaboUSB-Logitech-OQW666,100.81
2026-10-14,13:54:54,Motherboard-Apple-EXD051,12.97
2026-03-15,12:28:42,Monitor-HP-EYA717,298.45
2026-07-10,15:53:45,CaboUSB-Amazon-TUD426,210.61
2026-12-11,01:12:00,Carregador-Huawei-KOU305,122.77
2026-07-02,12:11:54,Laptop-LG-PQN758,375.31
2026-10-20,02:25:55,Smartwatch-Asus-LUS076,342.37
2026-05-24,23:58:52,Projetor-Sony-LLM952,23.95
2026-07-05,02:30:00,Processador-Asus-BKB375,243.55
2026-07-20,14:29:06,Camera-Huawei-YPM199,858.43
2026-01-03,06:40:44,Headphones-Xiaomi-HYD877,45.91
2026-06-26,08:42:40,Consola-Microsoft-ZDR298,309.43
2026-04-04,12:48:48,DiscoSSD-Apple-DPO854,12.97
2026-07-07,01:36:15,Impressora-Intel-CYZ331,452.17
2026-10-06,20:16:48,Coluna-MSI-LDF373,166.69
2026-11-11,06:12:42,Carregador-Nvidia-MMQ137,89.83
2026-05-20,14:37:10,Motherboard-Huawei-MYX992,199.63
2026-08-14,15:19:42,Tablet-Apple-NMD835,56.89
2026-09-01,05:56:12,Drone-Lenovo-IKL179,507.07
2026-01-14,01:53:54,Teclado-Dell-YEF739,133.75
2026-11-12,04:09:00,Impressora-Dell-EFC476,45.91
2026-09-09,10:51:39,Projetor-MSI-PHW295,1.99
2026-08-28,05:01:56,Drone-Xiaomi-PKE179,485.11
2026-08-21,23:18:29,Projetor-Gigabyte-CVS402,23.95
2026-04-06,09:53:00,Motherboard-Nokia-KIM029,254.53
2026-11-18,01:47:20,Drone-Dell-XCS594,408.25
2026-08-26,07:04:17,Teclado-Acer-GUC753,309.43
2026-02-22,10:40:00,Headphones-Lenovo-BAW590,243.55
2026-06-20,00:44:50,DiscoSSD-Samsung-MBF937,133.75
2026-11-30,13:05:45,Rato-Alienware-LQF836,67.87
2026-10-08,05:37:02,Carregador-Apple-BEG318,45.91
2026-07-25,04:19:47,MemoriaRAM-Samsung-OUX735,715.69
2026-06-01,18:27:06,PlacaGrafica-Lenovo-CVW992,287.47
2026-11-02,16:06:00,Consola-Corsair-ZFB601,67.87
2026-03-21,19:07:30,Microfone-HP-WPT987,1.99
2026-08-31,07:57:06,Smartwatch-HP-OLT603,133.75
2026-02-24,06:11:42,Tablet-Huawei-FSL284,1.99
2026-01-12,22:13:40,Router-Motorola-JWK678,474.13
2026-10-12,22:24:00,Tablet-Acer-OBM939,276.49
2026-09-24,03:16:48,Tablet-MSI-REJ370,199.63
2026-08-12,10:04:48,Gamepad-Amazon-IDG184,320.41
2026-08-20,19:06:18,TV-Alienware-BIN775,221.59
2026-07-23,13:21:19,Gamepad-MSI-ZBP212,287.47
2026-05-13,14:16:00,Smartphone-MSI-RSE894,78.85
2026-11-21,10:28:48,Headphones-Gigabyte-VOB766,496.09
2026-12-07,15:20:30,Consola-Asus-YBY155,627.85
2026-03-08,21:57:51,Camera-Logitech-ZUS607,45.91
2026-07-09,20:45:54,Teclado-Lenovo-PJZ606,408.25
2026-06-05,01:13:28,MemoriaRAM-Motorola-YBJ592,331.39
2026-04-26,17:08:40,Laptop-Nokia-MNV794,100.81
2026-09-17,00:03:53,Tablet-Motorola-FOD819,210.61
2026-04-06,01:16:10,Consola-Xiaomi-IQZ018,12.97
2026-04-05,11:50:24,Carregador-Intel-YXC565,122.77
2026-11-25,03:31:07,Router-Alienware-MNL987,100.81
2026-12-07,08:54:30,Microfone-Sony-JCG052,474.13
2026-07-07,22:59:42,Smartwatch-Sony-RMH120,100.81
2026-03-31,02:05:33,Camera-Acer-QPY399,507.07
2026-07-21,21:40:00,Gamepad-HP-CVN180,254.53
2026-09-23,17:34:15,Headphones-Lenovo-VKS438,34.93
2026-02-20,15:34:20,Laptop-Alienware-NNZ753,298.45
2026-03-27,15:05:27,Teclado-Alienware-KLQ087,529.03
2026-02-21,22:03:48,Impressora-Razer-LNH144,737.65
2026-06-01,00:59:20,Drone-AMD-SBR411,155.71
2026-03-04,06:22:30,Headphones-Lenovo-SEY708,166.69
2026-05-14,19:44:12,Drone-AMD-GBV256,276.49
2026-07-20,14:53:39,Rato-Dell-AST505,979.21
2026-04-16,00:08:00,Microfone-Dell-MGX880,342.37
2026-09-19,14:54:39,Processador-Razer-XYR866,177.67
2026-01-18,22:43:32,Microfone-Logitech-YQC448,408.25
2026-02-19,08:13:15,Motherboard-Nvidia-PGS640,122.77
2026-03-16,12:19:44,Consola-Nokia-YHU283,309.43
2026-07-27,16:43:49,Teclado-Google-YFR105,45.91
2026-08-02,10:53:52,Teclado-Alienware-OBH670,12.97
2026-08-08,22:50:47,Smartwatch-Gigabyte-YUA438,320.41
2026-06-09,07:08:24,Carregador-Xiaomi-FHY690,1.99
2026-06-26,13:05:08,Coluna-Acer-HGF078,254.53
2026-09-22,21:36:18,PlacaGrafica-Apple-ROL528,320.41
2026-08-20,02:07:30,Smartwatch-Lenovo-DIA001,803.53
2026-10-16,23:57:20,Router-Razer-VBN395,56.89
2026-12-18,17:56:59,Rato-Alienware-HFE193,561.97
2026-12-26,04:42:18,Coluna-Sony-KRQ684,276.49
2026-12-26,17:11:28,Motherboard-Logitech-FTN944,353.35
2026-05-07,00:04:37,Gamepad-Amazon-ZLZ773,67.87
2026-09-01,09:16:48,Drone-Razer-MAM355,133.75
2026-04-06,03:12:45,Drone-Google-KBM265,561.97
2026-06-23,00:19:12,Monitor-Logitech-VIW767,474.13
2026-07-01,20:30:38,Coluna-MSI-XBF234,166.69
2026-01-05,03:20:48,Motherboard-Microsoft-IFW782,627.85
2026-04-14,06:45:30,Microfone-Asus-UFJ479,276.49
2026-12-04,04:11:42,Smartphone-Acer-XJS821,803.53
2026-03-11,18:07:12,Impressora-Huawei-FXK505,540.01
2026-08-28,07:13:30,DiscoSSD-Xiaomi-LJO537,56.89
2026-03-21,04:19:15,Laptop-Motorola-ZJM464,825.49
2026-04-08,01:43:39,Smartwatch-MSI-YJN290,221.59
2026-11-09,08:55:33,Laptop-HP-ISQ052,726.67
2026-09-19,05:15:36,Carregador-Nvidia-DKC045,474.13
2026-01-28,14:35:40,Tablet-Dell-EQP130,122.77
2026-10-22,08:26:57,Motherboard-Dell-FSB928,913.33
2026-05-28,04:44:53,Router-Razer-PLH368,540.01
2026-09-13,08:57:02,Tablet-HP-YLW008,561.97
2026-01-09,11:11:24,Smartwatch-MSI-XYL997,627.85
2026-05-10,20:54:42,Carregador-Dell-IBO968,1.99
2026-07-09,00:49:10,Coluna-Amazon-DYU111,858.43
2026-11-23,22:14:24,Monitor-Sony-LZF349,375.31
2026-06-14,00:03:44,Motherboard-Asus-EUK445,243.55
2026-01-04,03:12:00,Microfone-Corsair-PML690,309.43
2026-06-28,06:15:36,Monitor-Samsung-UZS784,67.87
2026-12-09,15:28:00,Headphones-Sony-WJH437,23.95
2026-05-24,19:19:05,Monitor-Dell-YSC922,320.41
2026-05-28,17:05:36,Consola-AMD-DGG380,671.77
2026-01-20,12:44:32,Carregador-HP-JUH336,342.37
2026-10-27,03:27:18,Drone-Amazon-LCK817,23.95
2026-07-18,08:22:00,Laptop-Sony-ZUO140,166.69
2026-01-06,01:57:00,Coluna-Sony-FBM405,1001.17
2026-09-28,22:12:36,Carregador-Alienware-VPA412,100.81
2026-11-07,12:34:56,Microfone-Acer-UVE036,45.91
2026-03-27,21:58:00,CaboUSB-Sony-SAU009,397.27
2026-05-08,04:51:16,Motherboard-Alienware-ZRH886,56.89
2026-02-23,20:18:36,Gamepad-Nokia-NNX385,1.99
2026-10-03,16:34:16,Headphones-Xiaomi-TEX006,12.97
2026-02-07,07:57:08,Headphones-Sony-GZC121,188.65
2026-02-24,21:06:45,Camera-Acer-UHI691,199.63
2026-12-23,09:56:51,Smartphone-Dell-PII761,682.75
2026-12-28,18:00:40,Headphones-Corsair-VZP627,45.91
2026-04-17,11:48:24,MemoriaRAM-Intel-DHU315,78.85
2026-01-14,18:45:00,Processador-Huawei-RSE948,1.99
2026-08-15,05:38:08,Gamepad-Nvidia-VAG003,133.75
2026-08-16,09:57:08,Gamepad-Dell-JUU015,12.97
2026-11-09,07:59:35,DiscoSSD-Amazon-QGK040,34.93
2026-10-05,13:52:02,Processador-Corsair-NFH619,78.85
2026-05-12,00:54:42,Gamepad-Acer-CLG039,144.73
2026-01-15,19:42:32,Gamepad-HP-VMD646,188.65
2026-09-25,10:16:30,Consola-Nvidia-BOB591,342.37
2026-04-08,13:20:05,Tablet-Apple-YWG475,671.77
2026-11-02,06:12:48,Gamepad-Apple-WZX425,474.13
2026-06-04,05:22:36,Router-Motorola-TSD145,287.47
2026-03-04,03:10:15,Monitor-Dell-POZ683,309.43
2026-06-05,06:20:12,Headphones-Samsung-OTM666,759.61
2026-10-04,18:54:18,PlacaGrafica-MSI-KXL537,441.19
2026-10-13,11:59:27,Carregador-AMD-JHY421,452.17
2026-06-10,08:48:54,Projetor-AMD-GGQ214,221.59
2026-07-10,16:36:12,Drone-Samsung-PER919,474.13
2026-10-20,04:36:40,PlacaGrafica-Amazon-RZO300,331.39
2026-03-19,03:59:22,CaboUSB-Huawei-KOL311,188.65
2026-10-02,00:54:00,DiscoSSD-Motorola-RHA919,100.81
2026-03-21,00:16:20,Teclado-Xiaomi-NKE003,364.33
2026-10-24,23:25:09,Drone-Samsung-WXM106,254.53
2026-07-04,22:29:50,Router-Microsoft-VJY150,23.95
2026-10-24,12:36:40,Carregador-Samsung-XNB123,56.89
2026-03-19,03:46:50,Tablet-Amazon-HQS471,144.73
2026-11-10,13:26:00,Drone-Razer-NMH596,23.95
2026-06-10,04:11:18,Smartphone-Acer-VKP115,144.73
2026-11-12,13:55:33,CaboUSB-Samsung-WMI021,298.45
2026-11-27,18:19:20,TV-Gigabyte-JDN420,166.69
2026-04-20,04:52:48,PlacaGrafica-Lenovo-PDH113,210.61
2026-07-29,01:43:38,Drone-Sony-GDF737,166.69
2026-07-11,12:39:09,Processador-Gigabyte-JER978,155.71
2026-08-10,17:02:30,PlacaGrafica-Huawei-KEM263,111.79
2026-08-24,19:01:35,CaboUSB-Microsoft-BLC151,353.35
2026-01-18,07:50:26,DiscoSSD-HP-ILC412,34.93
2026-06-15,13:48:24,MemoriaRAM-Motorola-PIQ554,276.49
2026-09-29,05:12:00,PlacaGrafica-Lenovo-CYR439,496.09
2026-04-20,22:00:48,Smartwatch-Razer-VHX366,155.71
2026-05-08,19:57:36,Motherboard-AMD-DWR668,375.31
2026-10-15,20:31:15,Gamepad-MSI-WAC744,254.53
2026-11-25,23:00:55,Router-AMD-BYP148,89.83
2026-01-14,03:45:11,Monitor-Amazon-JGR021,133.75
2026-11-01,10:15:00,DiscoSSD-Sony-JFE196,474.13
2026-09-05,01:23:15,Impressora-Acer-VUK048,419.23
2026-02-07,13:46:32,Motherboard-Intel-KUR491,221.59
2026-07-05,20:40:06,Drone-Asus-GRY695,1.99
2026-12-07,11:35:50,Router-Xiaomi-MQX813,1.99
2026-11-19,04:11:20,Impressora-Corsair-YSK228,496.09
2026-12-24,05:09:00,Laptop-Amazon-LNB035,122.77
2026-04-13,11:56:24,Tablet-Lenovo-TIL840,463.15
2026-02-11,07:20:35,Motherboard-Amazon-QOW417,56.89
2026-05-03,14:32:18,Camera-Sony-NDE460,331.39
2026-02-26,21:57:20,Motherboard-Lenovo-QFU767,1.99
2026-05-31,10:14:06,CaboUSB-Dell-VTX482,199.63
2026-02-16,08:35:40,Consola-LG-BNZ366,133.75
2026-06-26,04:59:55,Coluna-Dell-MWH908,100.81
2026-03-01,22:47:15,Monitor-Intel-PNY102,12.97
2026-01-08,12:34:30,Carregador-Nokia-PLZ597,331.39
2026-08-21,03:59:02,Tablet-Acer-ZZL431,485.11
2026-03-09,11:25:55,Smartphone-Apple-NHQ254,45.91
2026-04-14,08:34:48,Teclado-Huawei-TGN481,485.11
2026-12-07,21:30:00,Smartphone-Acer-GZJ612,133.75
2026-02-17,12:54:45,Smartphone-Lenovo-QFM882,78.85
2026-08-02,14:27:48,Carregador-Apple-LGO626,199.63
2026-05-17,04:04:34,PlacaGrafica-Razer-ZZT035,34.93
2026-03-12,07:52:30,Smartwatch-Amazon-XCP295,34.93
2026-03-03,11:02:40,Monitor-Dell-EWI896,232.57
2026-09-07,00:22:35,Microfone-Gigabyte-BYT673,232.57
2026-09-12,09:56:00,Gamepad-Huawei-IMW346,56.89
2026-12-18,20:39:02,Rato-Dell-QQM767,144.73
2026-05-01,14:43:48,Carregador-HP-OXI956,78.85
2026-08-14,12:11:09,Projetor-Logitech-CDO779,375.31
2026-10-22,19:05:55,Headphones-Intel-SIM843,320.41
2026-06-10,17:00:24,Microfone-Xiaomi-OLW253,287.47
2026-02-11,10:14:24,Microfone-Amazon-FDR150,78.85
2026-03-26,12:54:40,Rato-Huawei-MWF812,166.69
2026-06-05,04:01:22,Smartwatch-AMD-ZJH819,463.15
2026-01-26,20:45:37,Monitor-Lenovo-CJU585,408.25
2026-11-22,18:10:57,Consola-Nokia-HHF339,265.51
2026-05-15,21:41:36,TV-Microsoft-QSU601,342.37
2026-01-20,04:20:40,Laptop-Microsoft-RAB259,594.91
2026-03-20,07:35:24,PlacaGrafica-Apple-PKH170,320.41
2026-07-24,03:55:15,DiscoSSD-Razer-BUE703,441.19
2026-09-11,14:21:37,Carregador-Alienware-SQJ344,34.93
2026-08-21,13:37:06,TV-Logitech-YNA275,67.87
2026-08-27,09:09:41,Camera-Logitech-WXD009,12.97
2026-11-28,16:21:36,Router-Motorola-TWB138,12.97
2026-08-28,13:04:10,Router-Dell-XIY003,45.91
2026-06-06,11:23:53,Drone-Xiaomi-IJW110,89.83
2026-11-07,15:49:42,Smartwatch-Logitech-DPU574,144.73
2026-09-12,17:36:00,Carregador-HP-PYK528,660.79
2026-12-24,17:52:09,Drone-AMD-BZH962,968.23
2026-03-01,14:26:10,Impressora-Nvidia-VER256,243.55
2026-04-19,08:50:24,Projetor-AMD-PQQ813,12.97
2026-06-02,13:53:48,MemoriaRAM-Google-ICB785,12.97
2026-10-20,01:55:55,Impressora-Nvidia-JLA526,616.87
2026-02-27,18:03:02,TV-Huawei-ZMD017,188.65
2026-09-27,15:23:20,TV-Asus-GNT644,23.95
2026-09-12,18:34:40,Processador-Motorola-WXJ180,78.85
2026-11-21,14:19:28,Processador-Amazon-QTA116,111.79
2026-07-11,08:13:15,Smartphone-Dell-NDE240,155.71
2026-05-07,07:46:15,Processador-Intel-QWL309,561.97
2026-05-23,22:06:18,Tablet-Nokia-SBR383,210.61
2026-11-26,01:39:50,Motherboard-MSI-MEO496,858.43
2026-10-22,20:33:10,Coluna-Asus-YWF058,34.93
2026-11-03,02:45:20,Impressora-HP-EJT487,100.81
2026-06-05,17:54:48,Coluna-MSI-VTR280,199.63
2026-05-08,21:40:15,Laptop-Nokia-HSR386,34.93
2026-11-20,19:24:40,Teclado-Xiaomi-OWV299,166.69
